Voo_ID,Data_Voo,Mes,Dia_Semana,Companhia_ICAO,Numero_Voo,Aeroporto_Origem_ICAO,Aeroporto_Destino_ICAO,Rota,Partida_Prevista,Minutos_Atraso_Partida,Minutos_Atraso_Chegada,Status_Pontualidade,Motivo_Atraso_Codigo,Custo_Contingencia_BRL,Passageiros_Estimados
ANAC_000001,2024-04-12,4,Friday,AZU,AD 4380,SBGR,SBPA,SBGR-SBPA,12:15,58,60,Atraso Moderado (46-120 min),CLIMA,10880,162
ANAC_000002,2024-12-09,12,Monday,AZU,AD 2082,SBKP,SBCF,SBKP-SBCF,06:45,0,-4,Pontual (D15),PONTUAL,0,162
ANAC_000003,2024-07-06,7,Saturday,GLO,G3 3068,SBGR,SBBR,SBGR-SBBR,17:30,-8,3,Pontual (D15),PONTUAL,0,138
ANAC_000004,2024-06-15,6,Saturday,GLO,G3 1775,SBSP,SBCT,SBSP-SBCT,14:15,56,57,Atraso Moderado (46-120 min),CONEX,10660,174
ANAC_000005,2024-07-24,7,Wednesday,TAM,LA 2579,SBBR,SBGR,SBBR-SBGR,07:15,17,18,Atraso Leve (16-45 min),ATC,1445,162
ANAC_000006,2024-07-20,7,Saturday,AZU,AD 1337,SBGR,SBPA,SBGR-SBPA,19:30,72,69,Atraso Moderado (46-120 min),CLIMA,12420,210
ANAC_000007,2024-10-06,10,Sunday,GLO,G3 3695,SBKP,SBRF,SBKP-SBRF,20:00,0,0,Cancelado,CLIMA,56215,174
ANAC_000008,2024-03-21,3,Thursday,TAM,LA 4119,SBCT,SBBR,SBCT-SBBR,15:30,46,43,Atraso Moderado (46-120 min),SOLO,9560,150
ANAC_000009,2024-08-03,8,Saturday,TAM,LA 3814,SBCF,SBKP,SBCF-SBKP,08:00,53,53,Atraso Moderado (46-120 min),ATC,10330,150
ANAC_000010,2024-12-24,12,Tuesday,GLO,G3 4242,SBRF,SBCT,SBRF-SBCT,18:30,78,75,Atraso Moderado (46-120 min),CLIMA,13080,210
ANAC_000011,2024-02-05,2,Monday,AZU,AD 2363,SBGR,SBBR,SBGR-SBBR,07:15,37,33,Atraso Leve (16-45 min),CONEX,3145,150
ANAC_000012,2024-11-26,11,Tuesday,GLO,G3 1972,SBKP,SBRF,SBKP-SBRF,12:15,6,-11,Pontual (D15),PONTUAL,0,138
ANAC_000013,2024-09-15,9,Sunday,GLO,G3 4743,SBKP,SBRF,SBKP-SBRF,10:00,-3,-7,Pontual (D15),PONTUAL,0,138
ANAC_000014,2024-06-28,6,Friday,GLO,G3 3267,SBGL,SBSV,SBGL-SBSV,07:30,29,33,Atraso Leve (16-45 min),CREW,2465,150
ANAC_000015,2024-12-08,12,Sunday,GLO,G3 1766,SBRJ,SBSP,SBRJ-SBSP,17:15,53,48,Atraso Moderado (46-120 min),ATC,10330,150
ANAC_000016,2024-10-06,10,Sunday,TAM,LA 4002,SBCF,SBGR,SBCF-SBGR,14:45,-8,3,Pontual (D15),PONTUAL,0,186
ANAC_000017,2024-12-11,12,Wednesday,TAM,LA 2969,SBGR,SBSV,SBGR-SBSV,14:00,6,7,Pontual (D15),PONTUAL,0,150
ANAC_000018,2024-10-24,10,Thursday,GLO,G3 3056,SBRF,SBPA,SBRF-SBPA,22:15,60,62,Atraso Moderado (46-120 min),SOLO,11100,138
ANAC_000019,2024-04-08,4,Monday,TAM,LA 4298,SBGL,SBPA,SBGL-SBPA,06:45,96,99,Atraso Moderado (46-120 min),CONEX,15060,150
ANAC_000020,2024-04-08,4,Monday,PTB,2Z 3848,SBRJ,SBSP,SBRJ-SBSP,07:15,-4,6,Pontual (D15),PONTUAL,0,68
ANAC_000021,2024-10-03,10,Thursday,GLO,G3 2045,SBGR,SBPA,SBGR-SBPA,12:30,40,41,Atraso Leve (16-45 min),ATC,3400,150
ANAC_000022,2024-06-06,6,Thursday,PTB,2Z 1959,SBCF,SBKP,SBCF-SBKP,13:30,2,2,Pontual (D15),PONTUAL,0,138
ANAC_000023,2024-11-12,11,Tuesday,TAM,LA 4963,SBSP,SBRJ,SBSP-SBRJ,22:45,-3,10,Pontual (D15),PONTUAL,0,138
ANAC_000024,2024-02-06,2,Tuesday,AZU,AD 4394,SBKP,SBCF,SBKP-SBCF,08:45,23,21,Atraso Leve (16-45 min),CONEX,1955,162
ANAC_000025,2024-10-07,10,Monday,TAM,LA 1154,SBRJ,SBPA,SBRJ-SBPA,19:45,14,-8,Pontual (D15),PONTUAL,0,162
ANAC_000026,2024-09-29,9,Sunday,AZU,AD 3455,SBCF,SBKP,SBCF-SBKP,21:30,0,-5,Pontual (D15),PONTUAL,0,210
ANAC_000027,2024-11-11,11,Monday,TAM,LA 2115,SBBR,SBGR,SBBR-SBGR,06:45,12,-3,Pontual (D15),PONTUAL,0,162
ANAC_000028,2024-11-17,11,Sunday,TAM,LA 4040,SBRJ,SBRF,SBRJ-SBRF,22:45,0,-8,Pontual (D15),PONTUAL,0,210
ANAC_000029,2024-02-29,2,Thursday,GLO,G3 3703,SBBR,SBGR,SBBR-SBGR,11:00,7,-8,Pontual (D15),PONTUAL,0,210
ANAC_000030,2024-05-03,5,Friday,TAM,LA 2664,SBGR,SBPA,SBGR-SBPA,10:15,95,100,Atraso Moderado (46-120 min),CLIMA,14950,162
ANAC_000031,2024-05-01,5,Wednesday,GLO,G3 2470,SBCF,SBKP,SBCF-SBKP,21:00,13,7,Pontual (D15),PONTUAL,0,210
ANAC_000032,2024-10-04,10,Friday,TAM,LA 4325,SBBR,SBCF,SBBR-SBCF,21:30,105,100,Atraso Moderado (46-120 min),CLIMA,16050,150
ANAC_000033,2024-12-22,12,Sunday,TAM,LA 2348,SBKP,SBCF,SBKP-SBCF,09:15,40,44,Atraso Leve (16-45 min),ATC,3400,210
ANAC_000034,2024-01-04,1,Thursday,TAM,LA 2636,SBSP,SBGR,SBSP-SBGR,17:15,1,2,Pontual (D15),PONTUAL,0,186
ANAC_000035,2024-11-18,11,Monday,AZU,AD 4069,SBCT,SBSP,SBCT-SBSP,08:30,0,5,Pontual (D15),PONTUAL,0,162
ANAC_000036,2024-04-24,4,Wednesday,GLO,G3 1675,SBKP,SBCF,SBKP-SBCF,18:30,102,116,Atraso Moderado (46-120 min),CLIMA,15720,162
ANAC_000037,2024-12-22,12,Sunday,AZU,AD 4851,SBGR,SBGL,SBGR-SBGL,21:45,58,59,Atraso Moderado (46-120 min),ATC,10880,138
ANAC_000038,2024-07-01,7,Monday,AZU,AD 3224,SBPA,SBGR,SBPA-SBGR,22:15,-1,11,Pontual (D15),PONTUAL,0,186
ANAC_000039,2024-08-20,8,Tuesday,AZU,AD 4636,SBBR,SBGR,SBBR-SBGR,20:45,43,39,Atraso Leve (16-45 min),ATC,3655,138
ANAC_000040,2024-02-08,2,Thursday,GLO,G3 3635,SBGR,SBSV,SBGR-SBSV,19:30,33,29,Atraso Leve (16-45 min),SOLO,2805,138
ANAC_000041,2024-03-14,3,Thursday,AZU,AD 3076,SBCF,SBSV,SBCF-SBSV,19:00,12,-8,Pontual (D15),PONTUAL,0,210
ANAC_000042,2024-12-04,12,Wednesday,TAM,LA 2810,SBCF,SBGL,SBCF-SBGL,22:30,-1,6,Pontual (D15),PONTUAL,0,210
ANAC_000043,2024-12-29,12,Sunday,TAM,LA 2683,SBBR,SBCF,SBBR-SBCF,12:15,0,2,Pontual (D15),PONTUAL,0,186
ANAC_000044,2024-11-12,11,Tuesday,AZU,AD 3719,SBRJ,SBRF,SBRJ-SBRF,22:00,14,-11,Pontual (D15),PONTUAL,0,210
ANAC_000045,2024-11-12,11,Tuesday,GLO,G3 3094,SBKP,SBCF,SBKP-SBCF,16:45,7,-10,Pontual (D15),PONTUAL,0,138
ANAC_000046,2024-10-31,10,Thursday,TAM,LA 1357,SBKP,SBCF,SBKP-SBCF,08:45,13,-10,Pontual (D15),PONTUAL,0,186
ANAC_000047,2024-06-04,6,Tuesday,GLO,G3 4775,SBBR,SBGR,SBBR-SBGR,13:15,-8,13,Pontual (D15),PONTUAL,0,174
ANAC_000048,2024-05-24,5,Friday,GLO,G3 3871,SBGR,SBBR,SBGR-SBBR,11:15,5,-1,Pontual (D15),PONTUAL,0,150
ANAC_000049,2024-08-29,8,Thursday,TAM,LA 4353,SBGR,SBPA,SBGR-SBPA,06:15,14,-2,Pontual (D15),PONTUAL,0,138
ANAC_000050,2024-12-07,12,Saturday,AZU,AD 3756,SBSP,SBRJ,SBSP-SBRJ,07:00,18,19,Atraso Leve (16-45 min),CONEX,1530,210
ANAC_000051,2024-12-23,12,Monday,AZU,AD 3048,SBKP,SBCF,SBKP-SBCF,10:15,-3,-6,Pontual (D15),PONTUAL,0,174
ANAC_000052,2024-06-21,6,Friday,TAM,LA 1673,SBSP,SBRJ,SBSP-SBRJ,13:45,-7,5,Pontual (D15),PONTUAL,0,150
ANAC_000053,2024-04-27,4,Saturday,AZU,AD 4374,SBSP,SBRJ,SBSP-SBRJ,17:00,0,-8,Pontual (D15),PONTUAL,0,210
ANAC_000054,2024-12-06,12,Friday,TAM,LA 1446,SBKP,SBCF,SBKP-SBCF,07:15,0,0,Pontual (D15),PONTUAL,0,162
ANAC_000055,2024-11-03,11,Sunday,TAM,LA 2353,SBGR,SBSV,SBGR-SBSV,15:30,-6,12,Pontual (D15),PONTUAL,0,138
ANAC_000056,2024-12-05,12,Thursday,TAM,LA 4734,SBBR,SBSP,SBBR-SBSP,18:15,-1,1,Pontual (D15),PONTUAL,0,174
ANAC_000057,2024-01-08,1,Monday,GLO,G3 4860,SBPA,SBRJ,SBPA-SBRJ,08:30,5,-6,Pontual (D15),PONTUAL,0,210
ANAC_000058,2024-04-01,4,Monday,GLO,G3 2753,SBCF,SBKP,SBCF-SBKP,06:00,12,-8,Pontual (D15),PONTUAL,0,210
ANAC_000059,2024-03-13,3,Wednesday,GLO,G3 1302,SBCF,SBKP,SBCF-SBKP,20:45,90,103,Atraso Moderado (46-120 min),CLIMA,14400,150
ANAC_000060,2024-01-14,1,Sunday,TAM,LA 3797,SBGR,SBPA,SBGR-SBPA,07:00,59,65,Atraso Moderado (46-120 min),CONEX,10990,174
ANAC_000061,2024-08-26,8,Monday,GLO,G3 2296,SBCF,SBRJ,SBCF-SBRJ,20:45,-5,2,Pontual (D15),PONTUAL,0,150
ANAC_000062,2024-05-05,5,Sunday,GLO,G3 2493,SBGL,SBRF,SBGL-SBRF,09:15,1,3,Pontual (D15),PONTUAL,0,162
ANAC_000063,2024-04-20,4,Saturday,AZU,AD 2975,SBGR,SBBR,SBGR-SBBR,15:00,6,2,Pontual (D15),PONTUAL,0,174
ANAC_000064,2024-12-30,12,Monday,GLO,G3 4735,SBBR,SBKP,SBBR-SBKP,11:15,-7,8,Pontual (D15),PONTUAL,0,138
ANAC_000065,2024-09-03,9,Tuesday,GLO,G3 3928,SBKP,SBCF,SBKP-SBCF,09:45,58,63,Atraso Moderado (46-120 min),CREW,10880,150
ANAC_000066,2024-03-02,3,Saturday,AZU,AD 1224,SBGR,SBPA,SBGR-SBPA,18:45,61,59,Atraso Moderado (46-120 min),CLIMA,11210,186
ANAC_000067,2024-04-22,4,Monday,TAM,LA 3039,SBCF,SBBR,SBCF-SBBR,16:30,4,-2,Pontual (D15),PONTUAL,0,162
ANAC_000068,2024-09-17,9,Tuesday,GLO,G3 4621,SBSV,SBSP,SBSV-SBSP,06:30,0,0,Cancelado,CLIMA,59033,174
ANAC_000069,2024-04-03,4,Wednesday,GLO,G3 2855,SBSP,SBCF,SBSP-SBCF,16:00,63,64,Atraso Moderado (46-120 min),CONEX,11430,210
ANAC_000070,2024-11-23,11,Saturday,AZU,AD 2772,SBRJ,SBCF,SBRJ-SBCF,10:00,3,-2,Pontual (D15),PONTUAL,0,162
ANAC_000071,2024-03-29,3,Friday,TAM,LA 1992,SBGR,SBPA,SBGR-SBPA,19:45,3,0,Pontual (D15),PONTUAL,0,138
ANAC_000072,2024-05-24,5,Friday,AZU,AD 2202,SBKP,SBCF,SBKP-SBCF,13:45,0,-3,Pontual (D15),PONTUAL,0,162
ANAC_000073,2024-01-15,1,Monday,AZU,AD 3336,SBGR,SBSV,SBGR-SBSV,09:00,7,8,Pontual (D15),PONTUAL,0,150
ANAC_000074,2024-07-14,7,Sunday,TAM,LA 3995,SBCT,SBRF,SBCT-SBRF,06:15,0,0,Pontual (D15),PONTUAL,0,210
ANAC_000075,2024-05-15,5,Wednesday,GLO,G3 3349,SBRJ,SBSP,SBRJ-SBSP,09:45,31,30,Atraso Leve (16-45 min),CLIMA,2635,174
ANAC_000076,2024-08-05,8,Monday,TAM,LA 4204,SBKP,SBRF,SBKP-SBRF,06:30,-7,11,Pontual (D15),PONTUAL,0,210
ANAC_000077,2024-11-23,11,Saturday,TAM,LA 4476,SBRF,SBPA,SBRF-SBPA,19:45,1,-9,Pontual (D15),PONTUAL,0,162
ANAC_000078,2024-04-19,4,Friday,GLO,G3 3360,SBGR,SBKP,SBGR-SBKP,13:30,8,-6,Pontual (D15),PONTUAL,0,210
ANAC_000079,2024-06-02,6,Sunday,GLO,G3 3687,SBKP,SBRF,SBKP-SBRF,16:15,2,11,Pontual (D15),PONTUAL,0,174
ANAC_000080,2024-12-29,12,Sunday,AZU,AD 3713,SBKP,SBRF,SBKP-SBRF,12:45,69,64,Atraso Moderado (46-120 min),CONEX,12090,186
ANAC_000081,2024-02-18,2,Sunday,GLO,G3 1951,SBGR,SBBR,SBGR-SBBR,13:00,129,126,Atraso Severo (> 120 min),CLIMA,37220,174
ANAC_000082,2024-11-13,11,Wednesday,GLO,G3 3161,SBGR,SBPA,SBGR-SBPA,06:15,3,0,Pontual (D15),PONTUAL,0,150
ANAC_000083,2024-06-14,6,Friday,AZU,AD 4547,SBGR,SBPA,SBGR-SBPA,12:30,36,30,Atraso Leve (16-45 min),ATC,3060,162
ANAC_000084,2024-12-14,12,Saturday,TAM,LA 4054,SBGR,SBBR,SBGR-SBBR,13:15,-5,4,Pontual (D15),PONTUAL,0,162
ANAC_000085,2024-10-17,10,Thursday,GLO,G3 1329,SBSV,SBGL,SBSV-SBGL,10:15,-1,-9,Pontual (D15),PONTUAL,0,138
ANAC_000086,2024-05-30,5,Thursday,AZU,AD 4594,SBGR,SBBR,SBGR-SBBR,09:00,12,4,Pontual (D15),PONTUAL,0,162
ANAC_000087,2024-07-13,7,Saturday,TAM,LA 4577,SBKP,SBCF,SBKP-SBCF,10:15,11,-6,Pontual (D15),PONTUAL,0,150
ANAC_000088,2024-12-29,12,Sunday,GLO,G3 2304,SBSV,SBKP,SBSV-SBKP,22:15,8,6,Pontual (D15),PONTUAL,0,138
ANAC_000089,2024-09-02,9,Monday,TAM,LA 2379,SBBR,SBCF,SBBR-SBCF,18:15,0,0,Cancelado,CREW,46239,138
ANAC_000090,2024-02-03,2,Saturday,TAM,LA 1609,SBRF,SBKP,SBRF-SBKP,15:15,-3,7,Pontual (D15),PONTUAL,0,186
ANAC_000091,2024-08-24,8,Saturday,TAM,LA 1148,SBSP,SBRJ,SBSP-SBRJ,19:45,118,108,Atraso Moderado (46-120 min),MANUT,17480,174
ANAC_000092,2024-10-22,10,Tuesday,TAM,LA 3116,SBCT,SBKP,SBCT-SBKP,13:30,6,12,Pontual (D15),PONTUAL,0,138
ANAC_000093,2024-09-06,9,Friday,GLO,G3 4521,SBGR,SBBR,SBGR-SBBR,16:00,-6,4,Pontual (D15),PONTUAL,0,210
ANAC_000094,2024-03-13,3,Wednesday,GLO,G3 4549,SBPA,SBSV,SBPA-SBSV,15:00,9,6,Pontual (D15),PONTUAL,0,150
ANAC_000095,2024-12-19,12,Thursday,GLO,G3 1215,SBSP,SBRJ,SBSP-SBRJ,22:15,-5,2,Pontual (D15),PONTUAL,0,174
ANAC_000096,2024-09-20,9,Friday,TAM,LA 1488,SBBR,SBKP,SBBR-SBKP,21:15,6,6,Pontual (D15),PONTUAL,0,210
ANAC_000097,2024-01-26,1,Friday,GLO,G3 1826,SBKP,SBGR,SBKP-SBGR,12:15,-5,-9,Pontual (D15),PONTUAL,0,210
ANAC_000098,2024-03-22,3,Friday,AZU,AD 4884,SBGR,SBBR,SBGR-SBBR,15:30,0,2,Pontual (D15),PONTUAL,0,162
ANAC_000099,2024-05-10,5,Friday,TAM,LA 4232,SBGR,SBSV,SBGR-SBSV,17:30,6,7,Pontual (D15),PONTUAL,0,210
ANAC_000100,2024-04-17,4,Wednesday,GLO,G3 4810,SBBR,SBCF,SBBR-SBCF,07:15,3,12,Pontual (D15),PONTUAL,0,174
ANAC_000101,2024-02-08,2,Thursday,GLO,G3 4430,SBSP,SBRJ,SBSP-SBRJ,17:00,9,-1,Pontual (D15),PONTUAL,0,186
ANAC_000102,2024-03-05,3,Tuesday,GLO,G3 2998,SBGR,SBPA,SBGR-SBPA,09:15,-3,11,Pontual (D15),PONTUAL,0,138
ANAC_000103,2024-10-31,10,Thursday,TAM,LA 2325,SBBR,SBCF,SBBR-SBCF,10:00,62,69,Atraso Moderado (46-120 min),CLIMA,11320,174
ANAC_000104,2024-03-02,3,Saturday,TAM,LA 2389,SBBR,SBGR,SBBR-SBGR,09:30,-4,9,Pontual (D15),PONTUAL,0,162
ANAC_000105,2024-04-16,4,Tuesday,GLO,G3 2544,SBSP,SBRJ,SBSP-SBRJ,08:45,5,-6,Pontual (D15),PONTUAL,0,174
ANAC_000106,2024-01-20,1,Saturday,PTB,2Z 1780,SBBR,SBCF,SBBR-SBCF,08:15,-6,9,Pontual (D15),PONTUAL,0,210
ANAC_000107,2024-03-29,3,Friday,TAM,LA 3785,SBRJ,SBSP,SBRJ-SBSP,16:00,1,-10,Pontual (D15),PONTUAL,0,186
ANAC_000108,2024-06-18,6,Tuesday,AZU,AD 4387,SBBR,SBSP,SBBR-SBSP,20:15,2,-9,Pontual (D15),PONTUAL,0,210
ANAC_000109,2024-10-10,10,Thursday,GLO,G3 1215,SBSV,SBRJ,SBSV-SBRJ,08:45,11,7,Pontual (D15),PONTUAL,0,174
ANAC_000110,2024-12-01,12,Sunday,TAM,LA 3469,SBCT,SBPA,SBCT-SBPA,18:30,7,4,Pontual (D15),PONTUAL,0,186
ANAC_000111,2024-01-07,1,Sunday,AZU,AD 4329,SBPA,SBRJ,SBPA-SBRJ,15:15,12,-11,Pontual (D15),PONTUAL,0,150
ANAC_000112,2024-03-17,3,Sunday,TAM,LA 2349,SBSP,SBRJ,SBSP-SBRJ,14:00,3,8,Pontual (D15),PONTUAL,0,174
ANAC_000113,2024-03-14,3,Thursday,TAM,LA 4977,SBBR,SBKP,SBBR-SBKP,09:45,59,51,Atraso Moderado (46-120 min),CONEX,10990,150
ANAC_000114,2024-07-11,7,Thursday,GLO,G3 3507,SBRJ,SBSP,SBRJ-SBSP,19:45,6,3,Pontual (D15),PONTUAL,0,210
ANAC_000115,2024-02-02,2,Friday,GLO,G3 2098,SBGR,SBBR,SBGR-SBBR,16:15,87,95,Atraso Moderado (46-120 min),CLIMA,14070,186
ANAC_000116,2024-10-14,10,Monday,GLO,G3 1868,SBCF,SBRJ,SBCF-SBRJ,22:15,162,181,Atraso Severo (> 120 min),MANUT,43160,174
ANAC_000117,2024-03-24,3,Sunday,TAM,LA 4056,SBGR,SBBR,SBGR-SBBR,06:15,8,-6,Pontual (D15),PONTUAL,0,138
ANAC_000118,2024-10-06,10,Sunday,GLO,G3 3246,SBCT,SBSV,SBCT-SBSV,19:00,37,37,Atraso Leve (16-45 min),CONEX,3145,174
ANAC_000119,2024-12-14,12,Saturday,GLO,G3 4965,SBBR,SBCF,SBBR-SBCF,08:45,-9,3,Pontual (D15),PONTUAL,0,186
ANAC_000120,2024-12-05,12,Thursday,TAM,LA 3013,SBKP,SBRF,SBKP-SBRF,07:45,-6,0,Pontual (D15),PONTUAL,0,162
ANAC_000121,2024-04-04,4,Thursday,TAM,LA 3936,SBPA,SBGR,SBPA-SBGR,11:00,-7,-5,Pontual (D15),PONTUAL,0,150
ANAC_000122,2024-06-08,6,Saturday,GLO,G3 2949,SBBR,SBGR,SBBR-SBGR,06:15,2,-9,Pontual (D15),PONTUAL,0,138
ANAC_000123,2024-03-17,3,Sunday,GLO,G3 1886,SBRJ,SBSP,SBRJ-SBSP,11:30,10,-6,Pontual (D15),PONTUAL,0,186
ANAC_000124,2024-10-31,10,Thursday,AZU,AD 2713,SBCF,SBKP,SBCF-SBKP,14:15,50,55,Atraso Moderado (46-120 min),ATC,10000,186
ANAC_000125,2024-11-13,11,Wednesday,AZU,AD 4198,SBGR,SBSV,SBGR-SBSV,16:45,9,0,Pontual (D15),PONTUAL,0,138
ANAC_000126,2024-07-06,7,Saturday,TAM,LA 4427,SBCF,SBKP,SBCF-SBKP,17:30,26,29,Atraso Leve (16-45 min),SOLO,2210,210
ANAC_000127,2024-08-08,8,Thursday,AZU,AD 4714,SBRJ,SBSP,SBRJ-SBSP,11:15,14,13,Pontual (D15),PONTUAL,0,186
ANAC_000128,2024-07-20,7,Saturday,TAM,LA 3852,SBCF,SBKP,SBCF-SBKP,20:00,36,39,Atraso Leve (16-45 min),CREW,3060,186
ANAC_000129,2024-08-07,8,Wednesday,GLO,G3 3625,SBSV,SBSP,SBSV-SBSP,22:30,8,0,Pontual (D15),PONTUAL,0,162
ANAC_000130,2024-09-18,9,Wednesday,TAM,LA 1793,SBRF,SBCF,SBRF-SBCF,17:30,10,-5,Pontual (D15),PONTUAL,0,186
ANAC_000131,2024-08-27,8,Tuesday,TAM,LA 2646,SBRJ,SBSP,SBRJ-SBSP,10:00,-3,10,Pontual (D15),PONTUAL,0,150
ANAC_000132,2024-08-18,8,Sunday,GLO,G3 3046,SBCF,SBKP,SBCF-SBKP,22:30,-3,5,Pontual (D15),PONTUAL,0,138
ANAC_000133,2024-06-12,6,Wednesday,PTB,2Z 2799,SBBR,SBCF,SBBR-SBCF,08:15,58,57,Atraso Moderado (46-120 min),CLIMA,10880,174
ANAC_000134,2024-01-01,1,Monday,GLO,G3 2847,SBKP,SBRF,SBKP-SBRF,16:00,9,6,Pontual (D15),PONTUAL,0,186
ANAC_000135,2024-07-25,7,Thursday,TAM,LA 3166,SBBR,SBGR,SBBR-SBGR,19:15,13,-10,Pontual (D15),PONTUAL,0,174
ANAC_000136,2024-07-16,7,Tuesday,GLO,G3 2274,SBSP,SBRJ,SBSP-SBRJ,22:30,0,0,Pontual (D15),PONTUAL,0,174
ANAC_000137,2024-05-05,5,Sunday,AZU,AD 3431,SBKP,SBRF,SBKP-SBRF,12:30,6,-8,Pontual (D15),PONTUAL,0,150
ANAC_000138,2024-10-27,10,Sunday,GLO,G3 4873,SBKP,SBPA,SBKP-SBPA,06:30,11,-7,Pontual (D15),PONTUAL,0,138
ANAC_000139,2024-11-06,11,Wednesday,PTB,2Z 4218,SBRJ,SBSP,SBRJ-SBSP,22:15,49,51,Atraso Moderado (46-120 min),SOLO,9890,68
ANAC_000140,2024-02-22,2,Thursday,TAM,LA 4828,SBRJ,SBSP,SBRJ-SBSP,11:30,14,7,Pontual (D15),PONTUAL,0,210
ANAC_000141,2024-06-07,6,Friday,TAM,LA 2388,SBCF,SBGL,SBCF-SBGL,11:30,11,-3,Pontual (D15),PONTUAL,0,174
ANAC_000142,2024-05-08,5,Wednesday,GLO,G3 3652,SBKP,SBRF,SBKP-SBRF,20:00,4,-2,Pontual (D15),PONTUAL,0,138
ANAC_000143,2024-10-31,10,Thursday,TAM,LA 3132,SBCF,SBKP,SBCF-SBKP,16:30,8,1,Pontual (D15),PONTUAL,0,162
ANAC_000144,2024-11-23,11,Saturday,TAM,LA 1042,SBKP,SBCF,SBKP-SBCF,17:00,-3,0,Pontual (D15),PONTUAL,0,150
ANAC_000145,2024-10-28,10,Monday,TAM,LA 4854,SBBR,SBSV,SBBR-SBSV,16:30,-3,12,Pontual (D15),PONTUAL,0,186
ANAC_000146,2024-10-03,10,Thursday,TAM,LA 2671,SBBR,SBGR,SBBR-SBGR,21:00,13,1,Pontual (D15),PONTUAL,0,162
ANAC_000147,2024-06-06,6,Thursday,TAM,LA 3359,SBBR,SBGR,SBBR-SBGR,16:30,3,6,Pontual (D15),PONTUAL,0,138
ANAC_000148,2024-10-24,10,Thursday,AZU,AD 3188,SBCF,SBKP,SBCF-SBKP,12:15,3,-9,Pontual (D15),PONTUAL,0,150
ANAC_000149,2024-04-27,4,Saturday,TAM,LA 3199,SBBR,SBCF,SBBR-SBCF,14:30,97,108,Atraso Moderado (46-120 min),CLIMA,15170,138
ANAC_000150,2024-06-02,6,Sunday,GLO,G3 2462,SBGR,SBPA,SBGR-SBPA,09:45,9,-8,Pontual (D15),PONTUAL,0,162
ANAC_000151,2024-03-09,3,Saturday,GLO,G3 1649,SBSP,SBGR,SBSP-SBGR,22:15,5,2,Pontual (D15),PONTUAL,0,138
ANAC_000152,2024-03-18,3,Monday,TAM,LA 3684,SBKP,SBRF,SBKP-SBRF,07:45,6,0,Pontual (D15),PONTUAL,0,138
ANAC_000153,2024-08-28,8,Wednesday,GLO,G3 1743,SBGR,SBBR,SBGR-SBBR,09:15,-3,-9,Pontual (D15),PONTUAL,0,210
ANAC_000154,2024-12-18,12,Wednesday,TAM,LA 3475,SBSP,SBRJ,SBSP-SBRJ,11:00,10,5,Pontual (D15),PONTUAL,0,174
ANAC_000155,2024-06-08,6,Saturday,TAM,LA 2232,SBSP,SBGL,SBSP-SBGL,17:00,64,67,Atraso Moderado (46-120 min),ATC,11540,174
ANAC_000156,2024-12-19,12,Thursday,TAM,LA 1310,SBCF,SBKP,SBCF-SBKP,17:15,5,7,Pontual (D15),PONTUAL,0,162
ANAC_000157,2024-06-06,6,Thursday,TAM,LA 1148,SBGR,SBPA,SBGR-SBPA,08:45,87,95,Atraso Moderado (46-120 min),CLIMA,14070,186
ANAC_000158,2024-08-18,8,Sunday,AZU,AD 3817,SBCF,SBKP,SBCF-SBKP,07:00,30,28,Atraso Leve (16-45 min),CONEX,2550,174
ANAC_000159,2024-09-05,9,Thursday,TAM,LA 4172,SBBR,SBGR,SBBR-SBGR,09:15,2,13,Pontual (D15),PONTUAL,0,186
ANAC_000160,2024-01-12,1,Friday,AZU,AD 4919,SBRJ,SBSP,SBRJ-SBSP,18:30,11,8,Pontual (D15),PONTUAL,0,186
ANAC_000161,2024-01-14,1,Sunday,GLO,G3 2985,SBRJ,SBSP,SBRJ-SBSP,07:30,4,12,Pontual (D15),PONTUAL,0,138
ANAC_000162,2024-09-09,9,Monday,AZU,AD 4188,SBGR,SBKP,SBGR-SBKP,19:00,0,-8,Pontual (D15),PONTUAL,0,162
ANAC_000163,2024-01-25,1,Thursday,GLO,G3 3334,SBBR,SBGR,SBBR-SBGR,11:45,0,0,Cancelado,MANUT,55132,174
ANAC_000164,2024-01-05,1,Friday,AZU,AD 4976,SBRJ,SBSP,SBRJ-SBSP,16:15,-2,0,Pontual (D15),PONTUAL,0,174
ANAC_000165,2024-05-28,5,Tuesday,GLO,G3 3148,SBGR,SBBR,SBGR-SBBR,12:45,5,-6,Pontual (D15),PONTUAL,0,186
ANAC_000166,2024-11-03,11,Sunday,GLO,G3 4029,SBCF,SBSV,SBCF-SBSV,10:45,-1,1,Pontual (D15),PONTUAL,0,150
ANAC_000167,2024-08-16,8,Friday,TAM,LA 3112,SBKP,SBSP,SBKP-SBSP,11:30,-6,1,Pontual (D15),PONTUAL,0,210
ANAC_000168,2024-07-31,7,Wednesday,AZU,AD 2940,SBKP,SBCF,SBKP-SBCF,10:00,-3,4,Pontual (D15),PONTUAL,0,186
ANAC_000169,2024-09-12,9,Thursday,GLO,G3 2948,SBBR,SBGR,SBBR-SBGR,07:45,10,3,Pontual (D15),PONTUAL,0,150
ANAC_000170,2024-02-11,2,Sunday,AZU,AD 1241,SBPA,SBGR,SBPA-SBGR,14:00,-8,-4,Pontual (D15),PONTUAL,0,162
ANAC_000171,2024-08-19,8,Monday,TAM,LA 1855,SBRJ,SBSP,SBRJ-SBSP,13:30,5,-10,Pontual (D15),PONTUAL,0,210
ANAC_000172,2024-03-09,3,Saturday,TAM,LA 4554,SBKP,SBCF,SBKP-SBCF,13:00,6,8,Pontual (D15),PONTUAL,0,138
ANAC_000173,2024-05-12,5,Sunday,TAM,LA 2284,SBBR,SBGR,SBBR-SBGR,16:45,-5,-7,Pontual (D15),PONTUAL,0,210
ANAC_000174,2024-12-15,12,Sunday,AZU,AD 3376,SBBR,SBCF,SBBR-SBCF,11:30,9,-6,Pontual (D15),PONTUAL,0,162
ANAC_000175,2024-02-18,2,Sunday,GLO,G3 4747,SBKP,SBRF,SBKP-SBRF,14:00,12,-3,Pontual (D15),PONTUAL,0,186
ANAC_000176,2024-12-12,12,Thursday,PTB,2Z 2688,SBKP,SBCF,SBKP-SBCF,21:45,20,20,Atraso Leve (16-45 min),CONEX,1700,174
ANAC_000177,2024-11-29,11,Friday,TAM,LA 2567,SBCF,SBKP,SBCF-SBKP,17:45,6,-4,Pontual (D15),PONTUAL,0,150
ANAC_000178,2024-04-28,4,Sunday,AZU,AD 1662,SBRJ,SBSP,SBRJ-SBSP,18:15,8,2,Pontual (D15),PONTUAL,0,186
ANAC_000179,2024-08-11,8,Sunday,GLO,G3 4678,SBKP,SBRF,SBKP-SBRF,18:15,145,158,Atraso Severo (> 120 min),MANUT,40100,174
ANAC_000180,2024-03-28,3,Thursday,GLO,G3 2830,SBKP,SBCF,SBKP-SBCF,06:45,4,5,Pontual (D15),PONTUAL,0,186
ANAC_000181,2024-10-07,10,Monday,AZU,AD 2506,SBBR,SBCF,SBBR-SBCF,21:45,12,-4,Pontual (D15),PONTUAL,0,162
ANAC_000182,2024-12-19,12,Thursday,GLO,G3 1313,SBGR,SBSV,SBGR-SBSV,07:00,3,10,Pontual (D15),PONTUAL,0,150
ANAC_000183,2024-01-12,1,Friday,AZU,AD 1697,SBRJ,SBSP,SBRJ-SBSP,16:45,1,1,Pontual (D15),PONTUAL,0,186
ANAC_000184,2024-04-20,4,Saturday,TAM,LA 3249,SBSV,SBCF,SBSV-SBCF,08:15,-9,-7,Pontual (D15),PONTUAL,0,150
ANAC_000185,2024-09-16,9,Monday,GLO,G3 2078,SBSP,SBRJ,SBSP-SBRJ,12:45,-8,3,Pontual (D15),PONTUAL,0,186
ANAC_000186,2024-09-10,9,Tuesday,TAM,LA 2140,SBGR,SBBR,SBGR-SBBR,22:30,52,59,Atraso Moderado (46-120 min),ATC,10220,186
ANAC_000187,2024-07-10,7,Wednesday,TAM,LA 1970,SBGR,SBSV,SBGR-SBSV,22:30,47,50,Atraso Moderado (46-120 min),CONEX,9670,138
ANAC_000188,2024-04-27,4,Saturday,TAM,LA 4942,SBBR,SBGR,SBBR-SBGR,21:30,14,7,Pontual (D15),PONTUAL,0,138
ANAC_000189,2024-03-30,3,Saturday,TAM,LA 4920,SBBR,SBCF,SBBR-SBCF,08:00,0,0,Cancelado,CREW,51830,174
ANAC_000190,2024-12-30,12,Monday,AZU,AD 3403,SBGR,SBBR,SBGR-SBBR,19:15,16,18,Atraso Leve (16-45 min),CLIMA,1360,150
ANAC_000191,2024-03-30,3,Saturday,GLO,G3 4435,SBSP,SBGL,SBSP-SBGL,06:45,0,0,Cancelado,CLIMA,50108,186
ANAC_000192,2024-02-26,2,Monday,AZU,AD 1905,SBGL,SBCF,SBGL-SBCF,17:15,27,29,Atraso Leve (16-45 min),CONEX,2295,150
ANAC_000193,2024-04-15,4,Monday,AZU,AD 3010,SBKP,SBRF,SBKP-SBRF,18:45,22,22,Atraso Leve (16-45 min),SOLO,1870,150
ANAC_000194,2024-05-06,5,Monday,GLO,G3 2336,SBCT,SBGL,SBCT-SBGL,20:45,61,56,Atraso Moderado (46-120 min),CLIMA,11210,210
ANAC_000195,2024-11-09,11,Saturday,PTB,2Z 3492,SBGR,SBSV,SBGR-SBSV,10:45,14,3,Pontual (D15),PONTUAL,0,138
ANAC_000196,2024-06-09,6,Sunday,GLO,G3 4001,SBBR,SBCF,SBBR-SBCF,12:15,-7,10,Pontual (D15),PONTUAL,0,174
ANAC_000197,2024-06-17,6,Monday,AZU,AD 3069,SBRJ,SBSP,SBRJ-SBSP,11:15,0,-8,Pontual (D15),PONTUAL,0,138
ANAC_000198,2024-03-06,3,Wednesday,GLO,G3 2854,SBRJ,SBSV,SBRJ-SBSV,17:45,1,-10,Pontual (D15),PONTUAL,0,138
ANAC_000199,2024-02-01,2,Thursday,GLO,G3 3675,SBBR,SBGR,SBBR-SBGR,19:45,0,0,Cancelado,CLIMA,65746,186
ANAC_000200,2024-09-26,9,Thursday,GLO,G3 1773,SBBR,SBCF,SBBR-SBCF,22:30,87,86,Atraso Moderado (46-120 min),CLIMA,14070,186
ANAC_000201,2024-10-05,10,Saturday,AZU,AD 1475,SBGR,SBBR,SBGR-SBBR,10:30,111,103,Atraso Moderado (46-120 min),CLIMA,16710,138
ANAC_000202,2024-06-12,6,Wednesday,GLO,G3 4339,SBKP,SBRF,SBKP-SBRF,20:30,-6,6,Pontual (D15),PONTUAL,0,162
ANAC_000203,2024-09-19,9,Thursday,TAM,LA 2915,SBRJ,SBSP,SBRJ-SBSP,16:45,23,25,Atraso Leve (16-45 min),CONEX,1955,174
ANAC_000204,2024-04-10,4,Wednesday,TAM,LA 2910,SBCF,SBKP,SBCF-SBKP,14:45,14,-1,Pontual (D15),PONTUAL,0,210
ANAC_000205,2024-01-21,1,Sunday,TAM,LA 4453,SBCF,SBKP,SBCF-SBKP,10:00,7,11,Pontual (D15),PONTUAL,0,150
ANAC_000206,2024-05-12,5,Sunday,PTB,2Z 3990,SBKP,SBRF,SBKP-SBRF,11:15,-2,0,Pontual (D15),PONTUAL,0,186
ANAC_000207,2024-12-29,12,Sunday,GLO,G3 2241,SBCF,SBKP,SBCF-SBKP,08:45,-3,-9,Pontual (D15),PONTUAL,0,150
ANAC_000208,2024-06-11,6,Tuesday,GLO,G3 4930,SBRJ,SBSP,SBRJ-SBSP,16:00,10,9,Pontual (D15),PONTUAL,0,174
ANAC_000209,2024-10-15,10,Tuesday,GLO,G3 3048,SBSP,SBGL,SBSP-SBGL,13:45,-5,5,Pontual (D15),PONTUAL,0,174
ANAC_000210,2024-01-04,1,Thursday,AZU,AD 4472,SBKP,SBCF,SBKP-SBCF,08:00,8,11,Pontual (D15),PONTUAL,0,138
ANAC_000211,2024-12-20,12,Friday,GLO,G3 3597,SBRJ,SBGR,SBRJ-SBGR,11:30,-7,0,Pontual (D15),PONTUAL,0,150
ANAC_000212,2024-04-09,4,Tuesday,TAM,LA 3661,SBGR,SBBR,SBGR-SBBR,19:30,0,0,Cancelado,CLIMA,42978,150
ANAC_000213,2024-03-23,3,Saturday,PTB,2Z 2531,SBRJ,SBRF,SBRJ-SBRF,18:30,-2,9,Pontual (D15),PONTUAL,0,174
ANAC_000214,2024-04-29,4,Monday,TAM,LA 2226,SBGR,SBPA,SBGR-SBPA,22:15,0,0,Cancelado,MANUT,52845,210
ANAC_000215,2024-08-14,8,Wednesday,GLO,G3 4198,SBPA,SBGL,SBPA-SBGL,09:45,4,11,Pontual (D15),PONTUAL,0,210
ANAC_000216,2024-03-02,3,Saturday,AZU,AD 2299,SBGR,SBBR,SBGR-SBBR,16:45,3,-10,Pontual (D15),PONTUAL,0,210
ANAC_000217,2024-06-20,6,Thursday,GLO,G3 2447,SBKP,SBRF,SBKP-SBRF,09:30,17,17,Atraso Leve (16-45 min),CREW,1445,186
ANAC_000218,2024-03-16,3,Saturday,TAM,LA 2846,SBGR,SBBR,SBGR-SBBR,13:00,9,4,Pontual (D15),PONTUAL,0,186
ANAC_000219,2024-01-28,1,Sunday,GLO,G3 4333,SBRJ,SBKP,SBRJ-SBKP,17:15,14,-5,Pontual (D15),PONTUAL,0,150
ANAC_000220,2024-06-01,6,Saturday,GLO,G3 1866,SBCF,SBKP,SBCF-SBKP,13:30,1,0,Pontual (D15),PONTUAL,0,150
ANAC_000221,2024-10-17,10,Thursday,TAM,LA 1403,SBSP,SBRJ,SBSP-SBRJ,18:00,-8,9,Pontual (D15),PONTUAL,0,186
ANAC_000222,2024-12-18,12,Wednesday,GLO,G3 4642,SBGR,SBCT,SBGR-SBCT,16:15,148,149,Atraso Severo (> 120 min),MANUT,40640,138
ANAC_000223,2024-02-08,2,Thursday,TAM,LA 4339,SBRJ,SBGR,SBRJ-SBGR,13:45,12,6,Pontual (D15),PONTUAL,0,210
ANAC_000224,2024-08-27,8,Tuesday,GLO,G3 4760,SBRF,SBBR,SBRF-SBBR,13:00,0,0,Cancelado,MANUT,71865,186
ANAC_000225,2024-12-03,12,Tuesday,GLO,G3 4826,SBGR,SBBR,SBGR-SBBR,10:30,12,-1,Pontual (D15),PONTUAL,0,138
ANAC_000226,2024-09-14,9,Saturday,TAM,LA 4622,SBSP,SBGL,SBSP-SBGL,16:00,-6,-8,Pontual (D15),PONTUAL,0,186
ANAC_000227,2024-09-15,9,Sunday,TAM,LA 2856,SBRJ,SBSP,SBRJ-SBSP,11:30,35,32,Atraso Leve (16-45 min),CONEX,2975,210
ANAC_000228,2024-12-22,12,Sunday,GLO,G3 1374,SBKP,SBRF,SBKP-SBRF,11:45,0,5,Pontual (D15),PONTUAL,0,138
ANAC_000229,2024-05-01,5,Wednesday,TAM,LA 3607,SBGR,SBBR,SBGR-SBBR,08:45,0,-3,Pontual (D15),PONTUAL,0,162
ANAC_000230,2024-11-08,11,Friday,GLO,G3 4264,SBGR,SBPA,SBGR-SBPA,12:15,-6,11,Pontual (D15),PONTUAL,0,186
ANAC_000231,2024-10-01,10,Tuesday,GLO,G3 3372,SBGR,SBBR,SBGR-SBBR,16:30,-2,5,Pontual (D15),PONTUAL,0,162
ANAC_000232,2024-06-24,6,Monday,GLO,G3 3122,SBGR,SBBR,SBGR-SBBR,22:00,-9,1,Pontual (D15),PONTUAL,0,210
ANAC_000233,2024-09-16,9,Monday,GLO,G3 3172,SBBR,SBCF,SBBR-SBCF,11:30,-2,11,Pontual (D15),PONTUAL,0,210
ANAC_000234,2024-06-18,6,Tuesday,GLO,G3 3685,SBCF,SBKP,SBCF-SBKP,09:15,-7,3,Pontual (D15),PONTUAL,0,186
ANAC_000235,2024-04-18,4,Thursday,PTB,2Z 1946,SBBR,SBCF,SBBR-SBCF,14:00,9,9,Pontual (D15),PONTUAL,0,174
ANAC_000236,2024-02-11,2,Sunday,AZU,AD 4456,SBRF,SBGR,SBRF-SBGR,19:30,84,85,Atraso Moderado (46-120 min),MANUT,13740,186
ANAC_000237,2024-10-06,10,Sunday,PTB,2Z 2237,SBRJ,SBSP,SBRJ-SBSP,16:45,8,-4,Pontual (D15),PONTUAL,0,138
ANAC_000238,2024-05-31,5,Friday,TAM,LA 3111,SBKP,SBCF,SBKP-SBCF,13:45,3,-6,Pontual (D15),PONTUAL,0,174
ANAC_000239,2024-04-26,4,Friday,TAM,LA 2605,SBCF,SBKP,SBCF-SBKP,16:30,38,32,Atraso Leve (16-45 min),ATC,3230,138
ANAC_000240,2024-05-26,5,Sunday,TAM,LA 3454,SBBR,SBGR,SBBR-SBGR,11:30,3,2,Pontual (D15),PONTUAL,0,174
ANAC_000241,2024-07-21,7,Sunday,AZU,AD 1162,SBSP,SBRJ,SBSP-SBRJ,19:30,44,48,Atraso Leve (16-45 min),ATC,3740,138
ANAC_000242,2024-11-23,11,Saturday,AZU,AD 2724,SBSP,SBRJ,SBSP-SBRJ,06:45,17,19,Atraso Leve (16-45 min),CONEX,1445,162
ANAC_000243,2024-01-22,1,Monday,TAM,LA 4618,SBCF,SBCT,SBCF-SBCT,15:45,10,-3,Pontual (D15),PONTUAL,0,150
ANAC_000244,2024-02-26,2,Monday,AZU,AD 3048,SBSP,SBPA,SBSP-SBPA,22:45,0,0,Cancelado,MANUT,72029,210
ANAC_000245,2024-05-20,5,Monday,AZU,AD 3014,SBPA,SBGR,SBPA-SBGR,09:30,56,59,Atraso Moderado (46-120 min),CLIMA,10660,150
ANAC_000246,2024-03-15,3,Friday,GLO,G3 3422,SBRJ,SBSP,SBRJ-SBSP,18:00,-2,-10,Pontual (D15),PONTUAL,0,162
ANAC_000247,2024-08-21,8,Wednesday,GLO,G3 4522,SBRJ,SBSP,SBRJ-SBSP,07:15,-4,10,Pontual (D15),PONTUAL,0,150
ANAC_000248,2024-04-29,4,Monday,TAM,LA 2076,SBKP,SBBR,SBKP-SBBR,12:00,14,3,Pontual (D15),PONTUAL,0,174
ANAC_000249,2024-11-08,11,Friday,AZU,AD 4085,SBGR,SBSV,SBGR-SBSV,15:15,-8,5,Pontual (D15),PONTUAL,0,162
ANAC_000250,2024-02-22,2,Thursday,AZU,AD 4831,SBBR,SBGR,SBBR-SBGR,18:30,-6,10,Pontual (D15),PONTUAL,0,162
ANAC_000251,2024-05-06,5,Monday,GLO,G3 2855,SBPA,SBGR,SBPA-SBGR,11:00,-1,12,Pontual (D15),PONTUAL,0,210
ANAC_000252,2024-06-04,6,Tuesday,GLO,G3 3188,SBGR,SBBR,SBGR-SBBR,14:30,153,170,Atraso Severo (> 120 min),MANUT,41540,174
ANAC_000253,2024-06-25,6,Tuesday,GLO,G3 3998,SBRJ,SBCF,SBRJ-SBCF,22:15,13,9,Pontual (D15),PONTUAL,0,162
ANAC_000254,2024-06-23,6,Sunday,GLO,G3 4923,SBBR,SBGR,SBBR-SBGR,17:30,13,-5,Pontual (D15),PONTUAL,0,174
ANAC_000255,2024-07-29,7,Monday,TAM,LA 4839,SBKP,SBCF,SBKP-SBCF,21:30,1,-9,Pontual (D15),PONTUAL,0,150
ANAC_000256,2024-08-14,8,Wednesday,GLO,G3 1328,SBKP,SBRF,SBKP-SBRF,18:15,11,-6,Pontual (D15),PONTUAL,0,150
ANAC_000257,2024-11-05,11,Tuesday,AZU,AD 3373,SBGR,SBSV,SBGR-SBSV,18:00,22,23,Atraso Leve (16-45 min),SOLO,1870,186
ANAC_000258,2024-05-28,5,Tuesday,TAM,LA 3612,SBSP,SBRJ,SBSP-SBRJ,09:00,56,60,Atraso Moderado (46-120 min),ATC,10660,186
ANAC_000259,2024-10-29,10,Tuesday,AZU,AD 4992,SBKP,SBCF,SBKP-SBCF,11:45,0,0,Cancelado,CLIMA,56891,174
ANAC_000260,2024-04-20,4,Saturday,GLO,G3 3512,SBGL,SBPA,SBGL-SBPA,16:00,76,70,Atraso Moderado (46-120 min),CLIMA,12860,186
ANAC_000261,2024-07-04,7,Thursday,AZU,AD 1032,SBBR,SBCF,SBBR-SBCF,20:15,16,15,Atraso Leve (16-45 min),CONEX,1360,162
ANAC_000262,2024-01-07,1,Sunday,GLO,G3 1224,SBKP,SBCF,SBKP-SBCF,09:00,-9,11,Pontual (D15),PONTUAL,0,138
ANAC_000263,2024-02-14,2,Wednesday,TAM,LA 2241,SBGR,SBBR,SBGR-SBBR,14:00,1,-10,Pontual (D15),PONTUAL,0,186
ANAC_000264,2024-03-30,3,Saturday,PTB,2Z 4270,SBGR,SBPA,SBGR-SBPA,16:30,-4,6,Pontual (D15),PONTUAL,0,162
ANAC_000265,2024-01-26,1,Friday,AZU,AD 2994,SBGR,SBBR,SBGR-SBBR,16:00,12,-7,Pontual (D15),PONTUAL,0,174
ANAC_000266,2024-11-16,11,Saturday,GLO,G3 4667,SBSV,SBCF,SBSV-SBCF,20:30,7,12,Pontual (D15),PONTUAL,0,186
ANAC_000267,2024-12-26,12,Thursday,TAM,LA 3500,SBRJ,SBSP,SBRJ-SBSP,11:30,2,5,Pontual (D15),PONTUAL,0,150
ANAC_000268,2024-10-20,10,Sunday,AZU,AD 3378,SBRF,SBRJ,SBRF-SBRJ,11:00,6,-8,Pontual (D15),PONTUAL,0,210
ANAC_000269,2024-02-19,2,Monday,AZU,AD 4161,SBCF,SBKP,SBCF-SBKP,14:45,14,6,Pontual (D15),PONTUAL,0,150
ANAC_000270,2024-11-27,11,Wednesday,GLO,G3 4642,SBGR,SBBR,SBGR-SBBR,11:15,-5,8,Pontual (D15),PONTUAL,0,210
ANAC_000271,2024-12-19,12,Thursday,TAM,LA 2629,SBRJ,SBSP,SBRJ-SBSP,07:30,9,-3,Pontual (D15),PONTUAL,0,138
ANAC_000272,2024-02-08,2,Thursday,AZU,AD 4326,SBSP,SBKP,SBSP-SBKP,17:00,0,0,Cancelado,CLIMA,75342,174
ANAC_000273,2024-08-03,8,Saturday,AZU,AD 2196,SBGR,SBSV,SBGR-SBSV,13:45,34,38,Atraso Leve (16-45 min),CONEX,2890,162
ANAC_000274,2024-08-15,8,Thursday,GLO,G3 1628,SBRJ,SBSP,SBRJ-SBSP,06:45,0,-1,Pontual (D15),PONTUAL,0,150
ANAC_000275,2024-06-11,6,Tuesday,GLO,G3 2105,SBBR,SBCF,SBBR-SBCF,19:00,0,2,Pontual (D15),PONTUAL,0,186
ANAC_000276,2024-04-23,4,Tuesday,AZU,AD 4349,SBGL,SBBR,SBGL-SBBR,15:30,-4,12,Pontual (D15),PONTUAL,0,162
ANAC_000277,2024-08-24,8,Saturday,GLO,G3 3038,SBGR,SBPA,SBGR-SBPA,08:45,-6,0,Pontual (D15),PONTUAL,0,162
ANAC_000278,2024-02-09,2,Friday,TAM,LA 2581,SBKP,SBCT,SBKP-SBCT,20:15,28,28,Atraso Leve (16-45 min),CONEX,2380,186
ANAC_000279,2024-11-19,11,Tuesday,GLO,G3 4607,SBGR,SBGL,SBGR-SBGL,20:45,-1,6,Pontual (D15),PONTUAL,0,162
ANAC_000280,2024-01-04,1,Thursday,GLO,G3 1699,SBKP,SBBR,SBKP-SBBR,18:00,3,3,Pontual (D15),PONTUAL,0,150
ANAC_000281,2024-11-21,11,Thursday,GLO,G3 2987,SBKP,SBSV,SBKP-SBSV,11:00,12,-10,Pontual (D15),PONTUAL,0,186
ANAC_000282,2024-11-27,11,Wednesday,GLO,G3 2434,SBPA,SBBR,SBPA-SBBR,18:30,131,139,Atraso Severo (> 120 min),CLIMA,37580,174
ANAC_000283,2024-07-24,7,Wednesday,GLO,G3 2822,SBCF,SBKP,SBCF-SBKP,09:30,48,41,Atraso Moderado (46-120 min),ATC,9780,162
ANAC_000284,2024-07-20,7,Saturday,GLO,G3 2134,SBKP,SBRF,SBKP-SBRF,22:30,0,12,Pontual (D15),PONTUAL,0,138
ANAC_000285,2024-05-02,5,Thursday,AZU,AD 4269,SBSP,SBRJ,SBSP-SBRJ,09:00,22,19,Atraso Leve (16-45 min),CONEX,1870,138
ANAC_000286,2024-06-15,6,Saturday,AZU,AD 2538,SBRJ,SBSP,SBRJ-SBSP,14:00,-1,13,Pontual (D15),PONTUAL,0,138
ANAC_000287,2024-03-03,3,Sunday,AZU,AD 2937,SBKP,SBGR,SBKP-SBGR,22:30,9,7,Pontual (D15),PONTUAL,0,138
ANAC_000288,2024-12-04,12,Wednesday,AZU,AD 4922,SBBR,SBCF,SBBR-SBCF,06:15,-4,6,Pontual (D15),PONTUAL,0,150
ANAC_000289,2024-06-16,6,Sunday,GLO,G3 2481,SBCF,SBKP,SBCF-SBKP,13:00,0,-8,Pontual (D15),PONTUAL,0,138
ANAC_000290,2024-05-27,5,Monday,TAM,LA 1594,SBRJ,SBSP,SBRJ-SBSP,10:45,4,9,Pontual (D15),PONTUAL,0,174
ANAC_000291,2024-07-28,7,Sunday,GLO,G3 3949,SBSP,SBRJ,SBSP-SBRJ,22:45,-5,-1,Pontual (D15),PONTUAL,0,138
ANAC_000292,2024-01-05,1,Friday,TAM,LA 2473,SBCF,SBKP,SBCF-SBKP,06:15,7,-3,Pontual (D15),PONTUAL,0,150
ANAC_000293,2024-02-16,2,Friday,TAM,LA 3451,SBGL,SBKP,SBGL-SBKP,12:30,9,3,Pontual (D15),PONTUAL,0,210
ANAC_000294,2024-10-06,10,Sunday,GLO,G3 2348,SBKP,SBRF,SBKP-SBRF,13:15,-5,13,Pontual (D15),PONTUAL,0,186
ANAC_000295,2024-11-13,11,Wednesday,TAM,LA 3145,SBBR,SBGR,SBBR-SBGR,14:00,-8,3,Pontual (D15),PONTUAL,0,138
ANAC_000296,2024-10-17,10,Thursday,GLO,G3 3277,SBBR,SBCF,SBBR-SBCF,11:15,-8,-10,Pontual (D15),PONTUAL,0,186
ANAC_000297,2024-02-10,2,Saturday,GLO,G3 4849,SBBR,SBGR,SBBR-SBGR,08:30,133,123,Atraso Severo (> 120 min),CONEX,37940,138
ANAC_000298,2024-12-17,12,Tuesday,TAM,LA 4150,SBBR,SBGR,SBBR-SBGR,07:00,-7,-7,Pontual (D15),PONTUAL,0,174
ANAC_000299,2024-05-29,5,Wednesday,AZU,AD 2091,SBGR,SBPA,SBGR-SBPA,09:15,0,-11,Pontual (D15),PONTUAL,0,138
ANAC_000300,2024-05-16,5,Thursday,TAM,LA 1841,SBGL,SBRF,SBGL-SBRF,18:15,-4,5,Pontual (D15),PONTUAL,0,162
ANAC_000301,2024-10-09,10,Wednesday,TAM,LA 2271,SBKP,SBCF,SBKP-SBCF,20:30,8,-11,Pontual (D15),PONTUAL,0,186
ANAC_000302,2024-09-29,9,Sunday,TAM,LA 2023,SBSP,SBBR,SBSP-SBBR,18:45,-8,11,Pontual (D15),PONTUAL,0,138
ANAC_000303,2024-03-09,3,Saturday,GLO,G3 2526,SBCT,SBSP,SBCT-SBSP,08:15,4,-2,Pontual (D15),PONTUAL,0,162
ANAC_000304,2024-12-03,12,Tuesday,AZU,AD 2799,SBCT,SBSV,SBCT-SBSV,19:30,-3,13,Pontual (D15),PONTUAL,0,174
ANAC_000305,2024-07-27,7,Saturday,AZU,AD 1567,SBKP,SBRF,SBKP-SBRF,12:00,12,5,Pontual (D15),PONTUAL,0,174
ANAC_000306,2024-12-06,12,Friday,TAM,LA 4937,SBCT,SBCF,SBCT-SBCF,13:45,13,-10,Pontual (D15),PONTUAL,0,150
ANAC_000307,2024-05-18,5,Saturday,TAM,LA 1822,SBCF,SBKP,SBCF-SBKP,12:00,13,-9,Pontual (D15),PONTUAL,0,174
ANAC_000308,2024-08-29,8,Thursday,TAM,LA 2619,SBBR,SBCF,SBBR-SBCF,22:15,12,9,Pontual (D15),PONTUAL,0,174
ANAC_000309,2024-10-17,10,Thursday,AZU,AD 3200,SBGR,SBPA,SBGR-SBPA,15:30,-1,9,Pontual (D15),PONTUAL,0,210
ANAC_000310,2024-11-06,11,Wednesday,GLO,G3 2236,SBBR,SBGL,SBBR-SBGL,19:15,13,10,Pontual (D15),PONTUAL,0,210
ANAC_000311,2024-05-16,5,Thursday,GLO,G3 3461,SBKP,SBCF,SBKP-SBCF,14:15,10,10,Pontual (D15),PONTUAL,0,138
ANAC_000312,2024-08-01,8,Thursday,GLO,G3 1484,SBGR,SBSV,SBGR-SBSV,18:45,132,146,Atraso Severo (> 120 min),CLIMA,37760,150
ANAC_000313,2024-04-17,4,Wednesday,TAM,LA 3030,SBSP,SBRJ,SBSP-SBRJ,22:15,12,-8,Pontual (D15),PONTUAL,0,186
ANAC_000314,2024-04-24,4,Wednesday,GLO,G3 3410,SBGR,SBSV,SBGR-SBSV,20:15,89,90,Atraso Moderado (46-120 min),MANUT,14290,210
ANAC_000315,2024-05-16,5,Thursday,TAM,LA 1238,SBGR,SBBR,SBGR-SBBR,08:15,115,119,Atraso Moderado (46-120 min),CLIMA,17150,210
ANAC_000316,2024-02-17,2,Saturday,TAM,LA 1816,SBGR,SBSV,SBGR-SBSV,22:30,12,-6,Pontual (D15),PONTUAL,0,210
ANAC_000317,2024-07-11,7,Thursday,GLO,G3 2096,SBPA,SBRJ,SBPA-SBRJ,20:00,59,63,Atraso Moderado (46-120 min),ATC,10990,138
ANAC_000318,2024-04-02,4,Tuesday,AZU,AD 4854,SBRJ,SBGL,SBRJ-SBGL,14:30,10,-1,Pontual (D15),PONTUAL,0,174
ANAC_000319,2024-05-18,5,Saturday,GLO,G3 4406,SBGR,SBPA,SBGR-SBPA,21:15,-5,7,Pontual (D15),PONTUAL,0,186
ANAC_000320,2024-04-25,4,Thursday,TAM,LA 4804,SBRJ,SBSP,SBRJ-SBSP,18:00,14,2,Pontual (D15),PONTUAL,0,174
ANAC_000321,2024-12-04,12,Wednesday,GLO,G3 4930,SBSV,SBKP,SBSV-SBKP,09:30,6,6,Pontual (D15),PONTUAL,0,150
ANAC_000322,2024-08-22,8,Thursday,AZU,AD 4439,SBPA,SBSP,SBPA-SBSP,20:45,0,2,Pontual (D15),PONTUAL,0,210
ANAC_000323,2024-11-13,11,Wednesday,AZU,AD 2288,SBSP,SBRJ,SBSP-SBRJ,08:00,8,-7,Pontual (D15),PONTUAL,0,186
ANAC_000324,2024-08-02,8,Friday,TAM,LA 4516,SBBR,SBCF,SBBR-SBCF,09:15,8,-4,Pontual (D15),PONTUAL,0,210
ANAC_000325,2024-09-23,9,Monday,GLO,G3 1394,SBKP,SBRF,SBKP-SBRF,13:00,11,6,Pontual (D15),PONTUAL,0,138
ANAC_000326,2024-08-05,8,Monday,TAM,LA 4293,SBBR,SBCF,SBBR-SBCF,22:45,-3,12,Pontual (D15),PONTUAL,0,210
ANAC_000327,2024-05-08,5,Wednesday,TAM,LA 1974,SBBR,SBCT,SBBR-SBCT,19:00,-3,5,Pontual (D15),PONTUAL,0,186
ANAC_000328,2024-10-05,10,Saturday,PTB,2Z 3940,SBRF,SBBR,SBRF-SBBR,17:00,77,71,Atraso Moderado (46-120 min),CLIMA,12970,210
ANAC_000329,2024-04-05,4,Friday,GLO,G3 1454,SBGR,SBPA,SBGR-SBPA,19:15,41,43,Atraso Leve (16-45 min),CONEX,3485,210
ANAC_000330,2024-08-17,8,Saturday,GLO,G3 3527,SBGR,SBKP,SBGR-SBKP,11:45,-1,7,Pontual (D15),PONTUAL,0,210
ANAC_000331,2024-12-30,12,Monday,TAM,LA 3850,SBSP,SBRJ,SBSP-SBRJ,08:45,28,29,Atraso Leve (16-45 min),MANUT,2380,150
ANAC_000332,2024-06-14,6,Friday,GLO,G3 4196,SBGR,SBBR,SBGR-SBBR,20:45,0,0,Cancelado,CREW,56933,162
ANAC_000333,2024-12-04,12,Wednesday,TAM,LA 1650,SBRJ,SBSP,SBRJ-SBSP,15:00,4,10,Pontual (D15),PONTUAL,0,150
ANAC_000334,2024-07-01,7,Monday,TAM,LA 2037,SBKP,SBCF,SBKP-SBCF,17:15,1,12,Pontual (D15),PONTUAL,0,174
ANAC_000335,2024-10-14,10,Monday,TAM,LA 2000,SBKP,SBCF,SBKP-SBCF,16:00,7,6,Pontual (D15),PONTUAL,0,150
ANAC_000336,2024-12-04,12,Wednesday,AZU,AD 4505,SBGR,SBPA,SBGR-SBPA,17:15,1,12,Pontual (D15),PONTUAL,0,186
ANAC_000337,2024-04-21,4,Sunday,GLO,G3 1804,SBGR,SBPA,SBGR-SBPA,11:30,0,-8,Pontual (D15),PONTUAL,0,138
ANAC_000338,2024-08-17,8,Saturday,TAM,LA 1639,SBGR,SBPA,SBGR-SBPA,17:45,35,30,Atraso Leve (16-45 min),CONEX,2975,186
ANAC_000339,2024-04-25,4,Thursday,GLO,G3 3135,SBCT,SBKP,SBCT-SBKP,21:00,-5,7,Pontual (D15),PONTUAL,0,138
ANAC_000340,2024-06-27,6,Thursday,GLO,G3 2654,SBKP,SBRF,SBKP-SBRF,13:30,104,90,Atraso Moderado (46-120 min),CLIMA,15940,186
ANAC_000341,2024-09-29,9,Sunday,AZU,AD 1905,SBRJ,SBSP,SBRJ-SBSP,12:45,1,-5,Pontual (D15),PONTUAL,0,186
ANAC_000342,2024-09-27,9,Friday,GLO,G3 1903,SBPA,SBSV,SBPA-SBSV,13:45,9,-3,Pontual (D15),PONTUAL,0,210
ANAC_000343,2024-12-15,12,Sunday,GLO,G3 4966,SBGR,SBBR,SBGR-SBBR,18:45,91,100,Atraso Moderado (46-120 min),MANUT,14510,150
ANAC_000344,2024-05-09,5,Thursday,AZU,AD 2366,SBBR,SBKP,SBBR-SBKP,15:45,-9,-7,Pontual (D15),PONTUAL,0,138
ANAC_000345,2024-03-05,3,Tuesday,TAM,LA 4442,SBKP,SBRF,SBKP-SBRF,15:00,8,2,Pontual (D15),PONTUAL,0,186
ANAC_000346,2024-04-15,4,Monday,GLO,G3 1844,SBGR,SBSV,SBGR-SBSV,18:00,-9,1,Pontual (D15),PONTUAL,0,138
ANAC_000347,2024-11-27,11,Wednesday,TAM,LA 3535,SBKP,SBRF,SBKP-SBRF,08:45,36,36,Atraso Leve (16-45 min),ATC,3060,210
ANAC_000348,2024-12-30,12,Monday,AZU,AD 4864,SBGR,SBBR,SBGR-SBBR,18:00,27,27,Atraso Leve (16-45 min),ATC,2295,210
ANAC_000349,2024-06-08,6,Saturday,GLO,G3 4068,SBGR,SBPA,SBGR-SBPA,08:45,68,63,Atraso Moderado (46-120 min),MANUT,11980,150
ANAC_000350,2024-07-18,7,Thursday,TAM,LA 1826,SBCF,SBKP,SBCF-SBKP,19:45,12,-3,Pontual (D15),PONTUAL,0,210
ANAC_000351,2024-09-11,9,Wednesday,GLO,G3 1275,SBPA,SBBR,SBPA-SBBR,12:30,5,3,Pontual (D15),PONTUAL,0,186
ANAC_000352,2024-07-23,7,Tuesday,GLO,G3 1327,SBSP,SBRJ,SBSP-SBRJ,20:00,119,134,Atraso Moderado (46-120 min),CONEX,17590,174
ANAC_000353,2024-04-20,4,Saturday,AZU,AD 1012,SBSP,SBRJ,SBSP-SBRJ,21:30,2,6,Pontual (D15),PONTUAL,0,162
ANAC_000354,2024-08-08,8,Thursday,TAM,LA 3761,SBKP,SBCF,SBKP-SBCF,21:30,5,11,Pontual (D15),PONTUAL,0,186
ANAC_000355,2024-02-22,2,Thursday,GLO,G3 4871,SBSP,SBRJ,SBSP-SBRJ,14:15,8,-6,Pontual (D15),PONTUAL,0,186
ANAC_000356,2024-08-24,8,Saturday,GLO,G3 4754,SBGR,SBPA,SBGR-SBPA,17:00,0,7,Pontual (D15),PONTUAL,0,138
ANAC_000357,2024-08-08,8,Thursday,AZU,AD 1226,SBSV,SBCF,SBSV-SBCF,11:00,3,8,Pontual (D15),PONTUAL,0,174
ANAC_000358,2024-05-18,5,Saturday,GLO,G3 2051,SBRJ,SBSP,SBRJ-SBSP,13:30,6,-6,Pontual (D15),PONTUAL,0,162
ANAC_000359,2024-02-07,2,Wednesday,AZU,AD 4176,SBGL,SBKP,SBGL-SBKP,22:30,-9,6,Pontual (D15),PONTUAL,0,186
ANAC_000360,2024-09-03,9,Tuesday,TAM,LA 1471,SBRJ,SBPA,SBRJ-SBPA,06:15,3,13,Pontual (D15),PONTUAL,0,162
ANAC_000361,2024-05-16,5,Thursday,GLO,G3 3677,SBSV,SBKP,SBSV-SBKP,19:00,-5,-11,Pontual (D15),PONTUAL,0,162
ANAC_000362,2024-03-13,3,Wednesday,AZU,AD 1104,SBRF,SBRJ,SBRF-SBRJ,08:45,54,53,Atraso Moderado (46-120 min),SOLO,10440,210
ANAC_000363,2024-02-13,2,Tuesday,TAM,LA 1669,SBRJ,SBSP,SBRJ-SBSP,17:30,29,26,Atraso Leve (16-45 min),ATC,2465,174
ANAC_000364,2024-05-28,5,Tuesday,TAM,LA 1974,SBCF,SBBR,SBCF-SBBR,06:45,13,-8,Pontual (D15),PONTUAL,0,150
ANAC_000365,2024-01-25,1,Thursday,GLO,G3 1529,SBKP,SBCF,SBKP-SBCF,11:00,8,5,Pontual (D15),PONTUAL,0,210
ANAC_000366,2024-08-14,8,Wednesday,TAM,LA 3052,SBRJ,SBPA,SBRJ-SBPA,15:00,0,0,Cancelado,CREW,70835,162
ANAC_000367,2024-08-24,8,Saturday,GLO,G3 3077,SBCF,SBKP,SBCF-SBKP,10:00,8,-11,Pontual (D15),PONTUAL,0,174
ANAC_000368,2024-04-17,4,Wednesday,GLO,G3 2587,SBGR,SBPA,SBGR-SBPA,14:30,-1,-10,Pontual (D15),PONTUAL,0,138
ANAC_000369,2024-03-16,3,Saturday,TAM,LA 1021,SBKP,SBCF,SBKP-SBCF,20:00,59,63,Atraso Moderado (46-120 min),ATC,10990,150
ANAC_000370,2024-04-08,4,Monday,GLO,G3 4597,SBSP,SBRJ,SBSP-SBRJ,22:15,141,143,Atraso Severo (> 120 min),MANUT,39380,210
ANAC_000371,2024-05-22,5,Wednesday,AZU,AD 2953,SBSP,SBRJ,SBSP-SBRJ,08:45,-8,-1,Pontual (D15),PONTUAL,0,162
ANAC_000372,2024-10-29,10,Tuesday,TAM,LA 3934,SBCF,SBKP,SBCF-SBKP,09:00,-8,-1,Pontual (D15),PONTUAL,0,174
ANAC_000373,2024-03-03,3,Sunday,AZU,AD 1144,SBGR,SBGL,SBGR-SBGL,09:30,10,3,Pontual (D15),PONTUAL,0,174
ANAC_000374,2024-02-19,2,Monday,GLO,G3 1428,SBCF,SBKP,SBCF-SBKP,19:00,77,66,Atraso Moderado (46-120 min),CONEX,12970,162
ANAC_000375,2024-10-10,10,Thursday,TAM,LA 3630,SBRJ,SBKP,SBRJ-SBKP,13:45,-2,9,Pontual (D15),PONTUAL,0,186
ANAC_000376,2024-04-12,4,Friday,TAM,LA 4681,SBGR,SBBR,SBGR-SBBR,15:15,99,95,Atraso Moderado (46-120 min),MANUT,15390,174
ANAC_000377,2024-06-21,6,Friday,TAM,LA 4854,SBGR,SBPA,SBGR-SBPA,19:45,2,0,Pontual (D15),PONTUAL,0,162
ANAC_000378,2024-04-05,4,Friday,GLO,G3 3896,SBCF,SBPA,SBCF-SBPA,08:15,7,-3,Pontual (D15),PONTUAL,0,138
ANAC_000379,2024-08-01,8,Thursday,AZU,AD 3123,SBSP,SBRJ,SBSP-SBRJ,21:30,9,13,Pontual (D15),PONTUAL,0,150
ANAC_000380,2024-08-12,8,Monday,TAM,LA 1029,SBKP,SBRF,SBKP-SBRF,15:30,-2,2,Pontual (D15),PONTUAL,0,138
ANAC_000381,2024-08-24,8,Saturday,TAM,LA 2048,SBBR,SBCF,SBBR-SBCF,19:15,-1,8,Pontual (D15),PONTUAL,0,150
ANAC_000382,2024-12-20,12,Friday,TAM,LA 2471,SBGR,SBBR,SBGR-SBBR,16:30,14,-8,Pontual (D15),PONTUAL,0,150
ANAC_000383,2024-03-04,3,Monday,GLO,G3 3703,SBRJ,SBSP,SBRJ-SBSP,16:45,0,0,Cancelado,CREW,68321,150
ANAC_000384,2024-12-29,12,Sunday,GLO,G3 4994,SBBR,SBCF,SBBR-SBCF,17:45,-9,-10,Pontual (D15),PONTUAL,0,174
ANAC_000385,2024-03-19,3,Tuesday,GLO,G3 1519,SBKP,SBPA,SBKP-SBPA,17:00,29,26,Atraso Leve (16-45 min),CONEX,2465,210
ANAC_000386,2024-03-30,3,Saturday,GLO,G3 3844,SBKP,SBCF,SBKP-SBCF,21:15,11,7,Pontual (D15),PONTUAL,0,174
ANAC_000387,2024-08-15,8,Thursday,TAM,LA 4969,SBBR,SBCF,SBBR-SBCF,10:30,8,-2,Pontual (D15),PONTUAL,0,150
ANAC_000388,2024-08-11,8,Sunday,TAM,LA 2390,SBBR,SBGR,SBBR-SBGR,18:30,28,31,Atraso Leve (16-45 min),ATC,2380,186
ANAC_000389,2024-11-24,11,Sunday,GLO,G3 2878,SBCF,SBKP,SBCF-SBKP,20:30,21,18,Atraso Leve (16-45 min),ATC,1785,150
ANAC_000390,2024-03-15,3,Friday,GLO,G3 3488,SBSP,SBCT,SBSP-SBCT,14:15,9,5,Pontual (D15),PONTUAL,0,210
ANAC_000391,2024-07-07,7,Sunday,TAM,LA 1244,SBSP,SBBR,SBSP-SBBR,15:15,57,51,Atraso Moderado (46-120 min),ATC,10770,174
ANAC_000392,2024-03-28,3,Thursday,AZU,AD 4039,SBBR,SBGR,SBBR-SBGR,12:15,1,0,Pontual (D15),PONTUAL,0,138
ANAC_000393,2024-02-16,2,Friday,GLO,G3 1011,SBSP,SBCT,SBSP-SBCT,09:45,49,54,Atraso Moderado (46-120 min),CREW,9890,174
ANAC_000394,2024-10-09,10,Wednesday,TAM,LA 2760,SBRJ,SBSP,SBRJ-SBSP,11:45,0,0,Cancelado,MANUT,75950,210
ANAC_000395,2024-12-26,12,Thursday,TAM,LA 4231,SBCF,SBKP,SBCF-SBKP,21:00,21,24,Atraso Leve (16-45 min),ATC,1785,162
ANAC_000396,2024-03-29,3,Friday,AZU,AD 1320,SBBR,SBCF,SBBR-SBCF,14:15,-9,4,Pontual (D15),PONTUAL,0,174
ANAC_000397,2024-05-03,5,Friday,TAM,LA 1870,SBRJ,SBSP,SBRJ-SBSP,19:15,4,-7,Pontual (D15),PONTUAL,0,210
ANAC_000398,2024-04-19,4,Friday,GLO,G3 3895,SBRJ,SBSP,SBRJ-SBSP,17:15,-2,1,Pontual (D15),PONTUAL,0,210
ANAC_000399,2024-12-21,12,Saturday,TAM,LA 4175,SBBR,SBGR,SBBR-SBGR,11:30,-4,5,Pontual (D15),PONTUAL,0,174
ANAC_000400,2024-08-18,8,Sunday,GLO,G3 1609,SBGR,SBSV,SBGR-SBSV,19:00,78,87,Atraso Moderado (46-120 min),CONEX,13080,210
ANAC_000401,2024-04-18,4,Thursday,AZU,AD 3298,SBSP,SBRJ,SBSP-SBRJ,08:00,43,47,Atraso Leve (16-45 min),CONEX,3655,186
ANAC_000402,2024-10-17,10,Thursday,AZU,AD 4795,SBKP,SBRF,SBKP-SBRF,07:00,-3,-9,Pontual (D15),PONTUAL,0,186
ANAC_000403,2024-12-08,12,Sunday,GLO,G3 3240,SBCF,SBPA,SBCF-SBPA,16:00,14,3,Pontual (D15),PONTUAL,0,162
ANAC_000404,2024-04-20,4,Saturday,GLO,G3 3756,SBBR,SBGR,SBBR-SBGR,11:45,0,7,Pontual (D15),PONTUAL,0,174
ANAC_000405,2024-12-29,12,Sunday,TAM,LA 2932,SBPA,SBKP,SBPA-SBKP,09:30,-7,8,Pontual (D15),PONTUAL,0,186
ANAC_000406,2024-03-26,3,Tuesday,GLO,G3 4990,SBCF,SBKP,SBCF-SBKP,16:30,3,-4,Pontual (D15),PONTUAL,0,174
ANAC_000407,2024-03-17,3,Sunday,TAM,LA 3713,SBGR,SBBR,SBGR-SBBR,21:30,3,-5,Pontual (D15),PONTUAL,0,162
ANAC_000408,2024-01-11,1,Thursday,GLO,G3 1327,SBCF,SBKP,SBCF-SBKP,19:45,-6,13,Pontual (D15),PONTUAL,0,174
ANAC_000409,2024-02-21,2,Wednesday,TAM,LA 2652,SBGR,SBSV,SBGR-SBSV,09:00,3,-2,Pontual (D15),PONTUAL,0,210
ANAC_000410,2024-02-15,2,Thursday,TAM,LA 3024,SBPA,SBCF,SBPA-SBCF,09:30,-2,-2,Pontual (D15),PONTUAL,0,210
ANAC_000411,2024-10-05,10,Saturday,GLO,G3 4485,SBKP,SBRF,SBKP-SBRF,06:45,64,63,Atraso Moderado (46-120 min),ATC,11540,186
ANAC_000412,2024-04-02,4,Tuesday,AZU,AD 1421,SBKP,SBRF,SBKP-SBRF,11:15,1,4,Pontual (D15),PONTUAL,0,138
ANAC_000413,2024-01-07,1,Sunday,TAM,LA 2211,SBPA,SBCT,SBPA-SBCT,15:00,30,26,Atraso Leve (16-45 min),SOLO,2550,162
ANAC_000414,2024-01-04,1,Thursday,TAM,LA 3339,SBBR,SBCF,SBBR-SBCF,09:00,20,18,Atraso Leve (16-45 min),CONEX,1700,162
ANAC_000415,2024-08-31,8,Saturday,GLO,G3 1303,SBKP,SBRF,SBKP-SBRF,21:30,4,-9,Pontual (D15),PONTUAL,0,150
ANAC_000416,2024-02-08,2,Thursday,TAM,LA 1254,SBCF,SBKP,SBCF-SBKP,16:15,-1,-4,Pontual (D15),PONTUAL,0,210
ANAC_000417,2024-09-13,9,Friday,GLO,G3 2565,SBRF,SBCF,SBRF-SBCF,11:45,0,13,Pontual (D15),PONTUAL,0,138
ANAC_000418,2024-02-02,2,Friday,GLO,G3 4188,SBCT,SBKP,SBCT-SBKP,14:15,0,0,Cancelado,CLIMA,62408,162
ANAC_000419,2024-06-28,6,Friday,GLO,G3 3411,SBRJ,SBSP,SBRJ-SBSP,08:30,8,11,Pontual (D15),PONTUAL,0,174
ANAC_000420,2024-04-04,4,Thursday,AZU,AD 3550,SBSP,SBBR,SBSP-SBBR,22:15,111,109,Atraso Moderado (46-120 min),CONEX,16710,138
ANAC_000421,2024-03-25,3,Monday,TAM,LA 2577,SBKP,SBRJ,SBKP-SBRJ,22:00,-8,3,Pontual (D15),PONTUAL,0,210
ANAC_000422,2024-11-25,11,Monday,TAM,LA 2419,SBGR,SBSV,SBGR-SBSV,20:30,-3,3,Pontual (D15),PONTUAL,0,150
ANAC_000423,2024-03-17,3,Sunday,AZU,AD 4567,SBSV,SBKP,SBSV-SBKP,20:45,45,45,Atraso Leve (16-45 min),CONEX,3825,138
ANAC_000424,2024-11-11,11,Monday,GLO,G3 2451,SBGR,SBSV,SBGR-SBSV,20:30,12,1,Pontual (D15),PONTUAL,0,138
ANAC_000425,2024-09-22,9,Sunday,AZU,AD 1419,SBSV,SBGR,SBSV-SBGR,17:00,8,5,Pontual (D15),PONTUAL,0,138
ANAC_000426,2024-10-05,10,Saturday,PTB,2Z 2079,SBCT,SBPA,SBCT-SBPA,18:30,24,20,Atraso Leve (16-45 min),ATC,2040,174
ANAC_000427,2024-06-08,6,Saturday,TAM,LA 2541,SBBR,SBGR,SBBR-SBGR,06:45,-8,13,Pontual (D15),PONTUAL,0,150
ANAC_000428,2024-09-25,9,Wednesday,GLO,G3 1587,SBRJ,SBSP,SBRJ-SBSP,20:15,-7,-3,Pontual (D15),PONTUAL,0,210
ANAC_000429,2024-04-23,4,Tuesday,TAM,LA 2751,SBGR,SBBR,SBGR-SBBR,08:30,14,6,Pontual (D15),PONTUAL,0,138
ANAC_000430,2024-07-11,7,Thursday,TAM,LA 3938,SBKP,SBPA,SBKP-SBPA,17:30,4,9,Pontual (D15),PONTUAL,0,186
ANAC_000431,2024-09-09,9,Monday,GLO,G3 3283,SBRJ,SBSP,SBRJ-SBSP,08:45,56,49,Atraso Moderado (46-120 min),CLIMA,10660,150
ANAC_000432,2024-03-25,3,Monday,TAM,LA 2181,SBKP,SBRF,SBKP-SBRF,06:15,2,-1,Pontual (D15),PONTUAL,0,210
ANAC_000433,2024-05-25,5,Saturday,TAM,LA 1679,SBKP,SBRF,SBKP-SBRF,12:30,-4,7,Pontual (D15),PONTUAL,0,174
ANAC_000434,2024-06-18,6,Tuesday,TAM,LA 4884,SBCF,SBKP,SBCF-SBKP,14:00,-5,1,Pontual (D15),PONTUAL,0,210
ANAC_000435,2024-06-25,6,Tuesday,GLO,G3 4068,SBKP,SBCF,SBKP-SBCF,22:45,34,38,Atraso Leve (16-45 min),CONEX,2890,150
ANAC_000436,2024-03-15,3,Friday,TAM,LA 2772,SBKP,SBBR,SBKP-SBBR,08:00,3,-1,Pontual (D15),PONTUAL,0,174
ANAC_000437,2024-07-08,7,Monday,TAM,LA 4253,SBSP,SBRJ,SBSP-SBRJ,16:15,55,56,Atraso Moderado (46-120 min),ATC,10550,174
ANAC_000438,2024-11-24,11,Sunday,TAM,LA 2657,SBRJ,SBSP,SBRJ-SBSP,21:45,3,3,Pontual (D15),PONTUAL,0,150
ANAC_000439,2024-12-17,12,Tuesday,AZU,AD 2352,SBBR,SBCF,SBBR-SBCF,15:15,-2,-1,Pontual (D15),PONTUAL,0,186
ANAC_000440,2024-07-09,7,Tuesday,AZU,AD 3126,SBBR,SBCF,SBBR-SBCF,09:00,7,5,Pontual (D15),PONTUAL,0,162
ANAC_000441,2024-04-20,4,Saturday,TAM,LA 2634,SBRF,SBCT,SBRF-SBCT,14:45,95,88,Atraso Moderado (46-120 min),CONEX,14950,210
ANAC_000442,2024-10-24,10,Thursday,AZU,AD 1790,SBKP,SBCF,SBKP-SBCF,15:45,-2,-1,Pontual (D15),PONTUAL,0,210
ANAC_000443,2024-05-30,5,Thursday,TAM,LA 4446,SBKP,SBCF,SBKP-SBCF,17:30,36,37,Atraso Leve (16-45 min),CREW,3060,150
ANAC_000444,2024-07-13,7,Saturday,GLO,G3 1143,SBCF,SBKP,SBCF-SBKP,10:30,-3,-6,Pontual (D15),PONTUAL,0,138
ANAC_000445,2024-11-19,11,Tuesday,AZU,AD 2167,SBGR,SBBR,SBGR-SBBR,19:00,0,-3,Pontual (D15),PONTUAL,0,150
ANAC_000446,2024-08-19,8,Monday,AZU,AD 4992,SBBR,SBGR,SBBR-SBGR,15:00,11,7,Pontual (D15),PONTUAL,0,150
ANAC_000447,2024-08-02,8,Friday,AZU,AD 1898,SBGR,SBSV,SBGR-SBSV,22:15,-7,-3,Pontual (D15),PONTUAL,0,174
ANAC_000448,2024-06-14,6,Friday,GLO,G3 2082,SBKP,SBCF,SBKP-SBCF,12:15,13,-3,Pontual (D15),PONTUAL,0,138
ANAC_000449,2024-04-18,4,Thursday,TAM,LA 3048,SBSV,SBCF,SBSV-SBCF,09:30,-2,10,Pontual (D15),PONTUAL,0,174
ANAC_000450,2024-08-17,8,Saturday,GLO,G3 4503,SBBR,SBCF,SBBR-SBCF,06:15,-2,0,Pontual (D15),PONTUAL,0,210
ANAC_000451,2024-02-17,2,Saturday,AZU,AD 4699,SBRJ,SBBR,SBRJ-SBBR,19:30,-6,-4,Pontual (D15),PONTUAL,0,162
ANAC_000452,2024-02-19,2,Monday,GLO,G3 4937,SBCF,SBKP,SBCF-SBKP,20:15,46,51,Atraso Moderado (46-120 min),ATC,9560,210
ANAC_000453,2024-09-12,9,Thursday,GLO,G3 2990,SBSP,SBRJ,SBSP-SBRJ,07:15,-5,-7,Pontual (D15),PONTUAL,0,210
ANAC_000454,2024-07-10,7,Wednesday,TAM,LA 3644,SBGR,SBPA,SBGR-SBPA,07:00,4,-1,Pontual (D15),PONTUAL,0,210
ANAC_000455,2024-09-01,9,Sunday,AZU,AD 1861,SBSP,SBCT,SBSP-SBCT,22:30,109,114,Atraso Moderado (46-120 min),CONEX,16490,150
ANAC_000456,2024-03-21,3,Thursday,PTB,2Z 2857,SBBR,SBGR,SBBR-SBGR,21:30,1,10,Pontual (D15),PONTUAL,0,138
ANAC_000457,2024-12-28,12,Saturday,AZU,AD 1512,SBCF,SBSP,SBCF-SBSP,11:30,8,-5,Pontual (D15),PONTUAL,0,186
ANAC_000458,2024-09-16,9,Monday,GLO,G3 2905,SBSP,SBRJ,SBSP-SBRJ,15:00,-7,-5,Pontual (D15),PONTUAL,0,162
ANAC_000459,2024-02-25,2,Sunday,TAM,LA 3705,SBCF,SBKP,SBCF-SBKP,18:00,10,10,Pontual (D15),PONTUAL,0,150
ANAC_000460,2024-10-12,10,Saturday,AZU,AD 1192,SBGR,SBBR,SBGR-SBBR,12:45,8,-5,Pontual (D15),PONTUAL,0,186
ANAC_000461,2024-10-31,10,Thursday,AZU,AD 3579,SBKP,SBCF,SBKP-SBCF,19:00,21,17,Atraso Leve (16-45 min),CREW,1785,174
ANAC_000462,2024-11-23,11,Saturday,GLO,G3 1988,SBGR,SBPA,SBGR-SBPA,20:30,24,23,Atraso Leve (16-45 min),CONEX,2040,150
ANAC_000463,2024-07-30,7,Tuesday,AZU,AD 1984,SBRF,SBSP,SBRF-SBSP,06:30,28,26,Atraso Leve (16-45 min),CONEX,2380,150
ANAC_000464,2024-10-04,10,Friday,TAM,LA 3757,SBKP,SBRF,SBKP-SBRF,17:15,-8,10,Pontual (D15),PONTUAL,0,210
ANAC_000465,2024-11-16,11,Saturday,AZU,AD 1064,SBKP,SBCF,SBKP-SBCF,21:45,-9,1,Pontual (D15),PONTUAL,0,186
ANAC_000466,2024-03-14,3,Thursday,TAM,LA 3637,SBGR,SBSV,SBGR-SBSV,12:45,32,30,Atraso Leve (16-45 min),CONEX,2720,174
ANAC_000467,2024-01-02,1,Tuesday,GLO,G3 3548,SBKP,SBCF,SBKP-SBCF,17:15,6,-7,Pontual (D15),PONTUAL,0,162
ANAC_000468,2024-07-16,7,Tuesday,AZU,AD 1566,SBSP,SBRJ,SBSP-SBRJ,18:30,8,6,Pontual (D15),PONTUAL,0,174
ANAC_000469,2024-07-03,7,Wednesday,TAM,LA 3126,SBBR,SBCF,SBBR-SBCF,06:45,9,-3,Pontual (D15),PONTUAL,0,174
ANAC_000470,2024-12-08,12,Sunday,TAM,LA 4072,SBKP,SBRF,SBKP-SBRF,12:30,10,-10,Pontual (D15),PONTUAL,0,210
ANAC_000471,2024-09-26,9,Thursday,TAM,LA 4698,SBRF,SBKP,SBRF-SBKP,07:15,-3,0,Pontual (D15),PONTUAL,0,162
ANAC_000472,2024-11-02,11,Saturday,TAM,LA 2465,SBKP,SBRF,SBKP-SBRF,20:15,-5,0,Pontual (D15),PONTUAL,0,162
ANAC_000473,2024-05-06,5,Monday,GLO,G3 1040,SBPA,SBKP,SBPA-SBKP,06:30,0,-9,Pontual (D15),PONTUAL,0,210
ANAC_000474,2024-12-09,12,Monday,GLO,G3 3883,SBSP,SBRJ,SBSP-SBRJ,10:00,-3,9,Pontual (D15),PONTUAL,0,138
ANAC_000475,2024-09-29,9,Sunday,GLO,G3 1912,SBSV,SBCT,SBSV-SBCT,16:00,-2,-9,Pontual (D15),PONTUAL,0,162
ANAC_000476,2024-02-11,2,Sunday,GLO,G3 1558,SBSP,SBGR,SBSP-SBGR,14:15,40,40,Atraso Leve (16-45 min),CONEX,3400,174
ANAC_000477,2024-04-17,4,Wednesday,GLO,G3 3857,SBKP,SBCF,SBKP-SBCF,19:45,2,-2,Pontual (D15),PONTUAL,0,174
ANAC_000478,2024-09-29,9,Sunday,GLO,G3 4956,SBGR,SBPA,SBGR-SBPA,08:30,0,8,Pontual (D15),PONTUAL,0,150
ANAC_000479,2024-09-19,9,Thursday,GLO,G3 4228,SBGR,SBPA,SBGR-SBPA,06:00,6,0,Pontual (D15),PONTUAL,0,186
ANAC_000480,2024-05-13,5,Monday,TAM,LA 2598,SBKP,SBRF,SBKP-SBRF,19:30,64,63,Atraso Moderado (46-120 min),CONEX,11540,174
ANAC_000481,2024-03-08,3,Friday,TAM,LA 3708,SBGR,SBCT,SBGR-SBCT,17:00,7,5,Pontual (D15),PONTUAL,0,186
ANAC_000482,2024-10-30,10,Wednesday,GLO,G3 2722,SBKP,SBRF,SBKP-SBRF,20:00,3,-8,Pontual (D15),PONTUAL,0,150
ANAC_000483,2024-07-01,7,Monday,TAM,LA 4089,SBGL,SBRJ,SBGL-SBRJ,07:45,2,-7,Pontual (D15),PONTUAL,0,186
ANAC_000484,2024-06-28,6,Friday,AZU,AD 1815,SBGR,SBBR,SBGR-SBBR,13:30,11,-9,Pontual (D15),PONTUAL,0,174
ANAC_000485,2024-03-09,3,Saturday,GLO,G3 3576,SBBR,SBCF,SBBR-SBCF,10:30,5,-6,Pontual (D15),PONTUAL,0,162
ANAC_000486,2024-11-23,11,Saturday,GLO,G3 4723,SBGR,SBPA,SBGR-SBPA,15:45,13,6,Pontual (D15),PONTUAL,0,150
ANAC_000487,2024-12-29,12,Sunday,GLO,G3 1515,SBBR,SBCF,SBBR-SBCF,22:00,3,2,Pontual (D15),PONTUAL,0,162
ANAC_000488,2024-12-19,12,Thursday,GLO,G3 1636,SBBR,SBGR,SBBR-SBGR,10:30,183,165,Atraso Severo (> 120 min),MANUT,46940,174
ANAC_000489,2024-09-23,9,Monday,TAM,LA 3524,SBKP,SBRF,SBKP-SBRF,07:45,101,91,Atraso Moderado (46-120 min),CLIMA,15610,162
ANAC_000490,2024-09-09,9,Monday,TAM,LA 2152,SBKP,SBCF,SBKP-SBCF,17:15,13,1,Pontual (D15),PONTUAL,0,162
ANAC_000491,2024-10-20,10,Sunday,GLO,G3 3759,SBBR,SBCF,SBBR-SBCF,11:00,2,-9,Pontual (D15),PONTUAL,0,210
ANAC_000492,2024-09-04,9,Wednesday,GLO,G3 3330,SBGR,SBSV,SBGR-SBSV,06:30,79,72,Atraso Moderado (46-120 min),CONEX,13190,162
ANAC_000493,2024-04-19,4,Friday,AZU,AD 2822,SBBR,SBCF,SBBR-SBCF,16:30,0,-2,Pontual (D15),PONTUAL,0,138
ANAC_000494,2024-07-31,7,Wednesday,GLO,G3 4837,SBKP,SBCF,SBKP-SBCF,07:45,-1,4,Pontual (D15),PONTUAL,0,210
ANAC_000495,2024-01-30,1,Tuesday,GLO,G3 4879,SBBR,SBGR,SBBR-SBGR,22:30,11,3,Pontual (D15),PONTUAL,0,138
ANAC_000496,2024-11-19,11,Tuesday,AZU,AD 1056,SBRJ,SBCT,SBRJ-SBCT,21:00,-8,0,Pontual (D15),PONTUAL,0,210
ANAC_000497,2024-06-30,6,Sunday,GLO,G3 1667,SBBR,SBCF,SBBR-SBCF,13:30,-7,-11,Pontual (D15),PONTUAL,0,162
ANAC_000498,2024-03-17,3,Sunday,AZU,AD 2540,SBBR,SBSV,SBBR-SBSV,17:45,0,10,Pontual (D15),PONTUAL,0,174
ANAC_000499,2024-11-25,11,Monday,TAM,LA 2876,SBRJ,SBSP,SBRJ-SBSP,20:15,-2,-7,Pontual (D15),PONTUAL,0,150
ANAC_000500,2024-03-05,3,Tuesday,GLO,G3 3682,SBBR,SBSV,SBBR-SBSV,21:00,11,-6,Pontual (D15),PONTUAL,0,150
ANAC_000501,2024-07-07,7,Sunday,PTB,2Z 3571,SBBR,SBCT,SBBR-SBCT,17:45,12,-9,Pontual (D15),PONTUAL,0,210
ANAC_000502,2024-08-31,8,Saturday,TAM,LA 4146,SBBR,SBSP,SBBR-SBSP,19:15,2,9,Pontual (D15),PONTUAL,0,162
ANAC_000503,2024-11-19,11,Tuesday,TAM,LA 2796,SBKP,SBRF,SBKP-SBRF,13:00,9,7,Pontual (D15),PONTUAL,0,210
ANAC_000504,2024-03-23,3,Saturday,GLO,G3 4681,SBCF,SBKP,SBCF-SBKP,09:30,68,66,Atraso Moderado (46-120 min),CLIMA,11980,186
ANAC_000505,2024-04-10,4,Wednesday,TAM,LA 3729,SBSP,SBGL,SBSP-SBGL,07:00,37,39,Atraso Leve (16-45 min),ATC,3145,186
ANAC_000506,2024-04-25,4,Thursday,GLO,G3 1560,SBGR,SBSV,SBGR-SBSV,22:45,59,52,Atraso Moderado (46-120 min),ATC,10990,150
ANAC_000507,2024-10-20,10,Sunday,AZU,AD 4310,SBKP,SBRF,SBKP-SBRF,09:30,-6,8,Pontual (D15),PONTUAL,0,174
ANAC_000508,2024-10-25,10,Friday,TAM,LA 4491,SBRF,SBPA,SBRF-SBPA,20:00,1,-1,Pontual (D15),PONTUAL,0,174
ANAC_000509,2024-08-01,8,Thursday,TAM,LA 4926,SBSP,SBSV,SBSP-SBSV,22:45,11,-6,Pontual (D15),PONTUAL,0,150
ANAC_000510,2024-03-24,3,Sunday,GLO,G3 3253,SBBR,SBCF,SBBR-SBCF,20:00,6,3,Pontual (D15),PONTUAL,0,150
ANAC_000511,2024-12-21,12,Saturday,TAM,LA 1230,SBKP,SBRF,SBKP-SBRF,17:00,109,103,Atraso Moderado (46-120 min),MANUT,16490,210
ANAC_000512,2024-01-10,1,Wednesday,TAM,LA 1048,SBRJ,SBCF,SBRJ-SBCF,13:00,5,7,Pontual (D15),PONTUAL,0,138
ANAC_000513,2024-05-24,5,Friday,AZU,AD 2869,SBBR,SBGR,SBBR-SBGR,13:15,0,0,Cancelado,MANUT,42378,138
ANAC_000514,2024-08-08,8,Thursday,AZU,AD 4309,SBRF,SBCF,SBRF-SBCF,06:30,13,-10,Pontual (D15),PONTUAL,0,186
ANAC_000515,2024-06-30,6,Sunday,AZU,AD 2410,SBKP,SBCF,SBKP-SBCF,20:15,78,89,Atraso Moderado (46-120 min),CLIMA,13080,162
ANAC_000516,2024-10-03,10,Thursday,TAM,LA 2391,SBKP,SBRF,SBKP-SBRF,18:15,19,17,Atraso Leve (16-45 min),CONEX,1615,150
ANAC_000517,2024-03-27,3,Wednesday,AZU,AD 3990,SBGR,SBBR,SBGR-SBBR,12:15,3,-11,Pontual (D15),PONTUAL,0,162
ANAC_000518,2024-03-03,3,Sunday,TAM,LA 3243,SBBR,SBSV,SBBR-SBSV,12:00,20,17,Atraso Leve (16-45 min),CONEX,1700,210
ANAC_000519,2024-07-14,7,Sunday,TAM,LA 1640,SBSP,SBCT,SBSP-SBCT,17:15,10,-11,Pontual (D15),PONTUAL,0,186
ANAC_000520,2024-09-21,9,Saturday,AZU,AD 2850,SBGR,SBBR,SBGR-SBBR,18:45,40,37,Atraso Leve (16-45 min),CONEX,3400,150
ANAC_000521,2024-04-12,4,Friday,TAM,LA 2185,SBRJ,SBSP,SBRJ-SBSP,12:00,1,12,Pontual (D15),PONTUAL,0,186
ANAC_000522,2024-02-07,2,Wednesday,GLO,G3 2027,SBKP,SBRF,SBKP-SBRF,19:45,-3,-2,Pontual (D15),PONTUAL,0,186
ANAC_000523,2024-07-22,7,Monday,GLO,G3 2720,SBGR,SBSV,SBGR-SBSV,21:45,33,31,Atraso Leve (16-45 min),CONEX,2805,186
ANAC_000524,2024-04-15,4,Monday,GLO,G3 3064,SBCF,SBKP,SBCF-SBKP,17:30,3,4,Pontual (D15),PONTUAL,0,186
ANAC_000525,2024-11-22,11,Friday,TAM,LA 3603,SBCT,SBKP,SBCT-SBKP,12:30,52,47,Atraso Moderado (46-120 min),ATC,10220,150
ANAC_000526,2024-11-21,11,Thursday,AZU,AD 1687,SBGR,SBBR,SBGR-SBBR,08:15,-8,-6,Pontual (D15),PONTUAL,0,138
ANAC_000527,2024-01-07,1,Sunday,GLO,G3 1716,SBRF,SBKP,SBRF-SBKP,22:45,8,-11,Pontual (D15),PONTUAL,0,174
ANAC_000528,2024-10-03,10,Thursday,TAM,LA 1472,SBCT,SBRJ,SBCT-SBRJ,08:45,33,30,Atraso Leve (16-45 min),ATC,2805,210
ANAC_000529,2024-11-19,11,Tuesday,AZU,AD 1819,SBCF,SBKP,SBCF-SBKP,22:45,16,15,Atraso Leve (16-45 min),ATC,1360,186
ANAC_000530,2024-06-19,6,Wednesday,AZU,AD 2143,SBGR,SBSV,SBGR-SBSV,08:30,140,144,Atraso Severo (> 120 min),MANUT,39200,162
ANAC_000531,2024-12-18,12,Wednesday,TAM,LA 2929,SBGR,SBBR,SBGR-SBBR,08:45,8,-7,Pontual (D15),PONTUAL,0,162
ANAC_000532,2024-04-25,4,Thursday,TAM,LA 2969,SBGR,SBSV,SBGR-SBSV,18:15,50,47,Atraso Moderado (46-120 min),CLIMA,10000,138
ANAC_000533,2024-07-17,7,Wednesday,GLO,G3 2787,SBCF,SBKP,SBCF-SBKP,19:15,9,-9,Pontual (D15),PONTUAL,0,138
ANAC_000534,2024-12-14,12,Saturday,TAM,LA 1478,SBGR,SBKP,SBGR-SBKP,20:00,-7,0,Pontual (D15),PONTUAL,0,162
ANAC_000535,2024-03-19,3,Tuesday,GLO,G3 2932,SBSP,SBSV,SBSP-SBSV,06:45,2,1,Pontual (D15),PONTUAL,0,138
ANAC_000536,2024-11-10,11,Sunday,AZU,AD 2449,SBGR,SBSV,SBGR-SBSV,18:45,17,15,Atraso Leve (16-45 min),CONEX,1445,210
ANAC_000537,2024-07-05,7,Friday,TAM,LA 1181,SBSP,SBCF,SBSP-SBCF,20:45,4,12,Pontual (D15),PONTUAL,0,210
ANAC_000538,2024-06-27,6,Thursday,TAM,LA 3782,SBGR,SBPA,SBGR-SBPA,16:00,8,9,Pontual (D15),PONTUAL,0,150
ANAC_000539,2024-02-15,2,Thursday,GLO,G3 4114,SBRJ,SBSP,SBRJ-SBSP,06:30,-3,7,Pontual (D15),PONTUAL,0,150
ANAC_000540,2024-03-24,3,Sunday,GLO,G3 4147,SBRJ,SBSP,SBRJ-SBSP,17:00,108,112,Atraso Moderado (46-120 min),CLIMA,16380,186
ANAC_000541,2024-03-25,3,Monday,GLO,G3 3302,SBGR,SBGL,SBGR-SBGL,15:00,8,6,Pontual (D15),PONTUAL,0,186
ANAC_000542,2024-01-26,1,Friday,GLO,G3 4382,SBSP,SBRJ,SBSP-SBRJ,21:00,12,0,Pontual (D15),PONTUAL,0,174
ANAC_000543,2024-05-28,5,Tuesday,AZU,AD 3879,SBRF,SBCT,SBRF-SBCT,11:15,-3,2,Pontual (D15),PONTUAL,0,150
ANAC_000544,2024-01-21,1,Sunday,GLO,G3 4342,SBKP,SBCF,SBKP-SBCF,13:15,-1,2,Pontual (D15),PONTUAL,0,150
ANAC_000545,2024-06-02,6,Sunday,AZU,AD 1411,SBGL,SBBR,SBGL-SBBR,18:15,57,48,Atraso Moderado (46-120 min),ATC,10770,150
ANAC_000546,2024-06-07,6,Friday,AZU,AD 1726,SBKP,SBRF,SBKP-SBRF,18:15,5,3,Pontual (D15),PONTUAL,0,210
ANAC_000547,2024-02-11,2,Sunday,GLO,G3 4497,SBBR,SBCF,SBBR-SBCF,19:15,5,-9,Pontual (D15),PONTUAL,0,186
ANAC_000548,2024-06-01,6,Saturday,GLO,G3 3451,SBRF,SBCF,SBRF-SBCF,07:15,10,5,Pontual (D15),PONTUAL,0,186
ANAC_000549,2024-03-05,3,Tuesday,GLO,G3 2515,SBKP,SBCF,SBKP-SBCF,18:15,24,22,Atraso Leve (16-45 min),ATC,2040,210
ANAC_000550,2024-11-28,11,Thursday,GLO,G3 3808,SBGR,SBBR,SBGR-SBBR,09:45,-4,-7,Pontual (D15),PONTUAL,0,162
ANAC_000551,2024-09-23,9,Monday,AZU,AD 1296,SBBR,SBGR,SBBR-SBGR,16:00,-9,13,Pontual (D15),PONTUAL,0,162
ANAC_000552,2024-06-26,6,Wednesday,TAM,LA 2000,SBGR,SBBR,SBGR-SBBR,17:30,-7,5,Pontual (D15),PONTUAL,0,186
ANAC_000553,2024-10-02,10,Wednesday,TAM,LA 2600,SBGR,SBPA,SBGR-SBPA,08:45,19,18,Atraso Leve (16-45 min),CONEX,1615,210
ANAC_000554,2024-05-07,5,Tuesday,TAM,LA 4752,SBBR,SBGR,SBBR-SBGR,10:00,56,53,Atraso Moderado (46-120 min),SOLO,10660,162
ANAC_000555,2024-01-22,1,Monday,GLO,G3 1670,SBGR,SBSV,SBGR-SBSV,20:30,83,92,Atraso Moderado (46-120 min),CLIMA,13630,174
ANAC_000556,2024-03-13,3,Wednesday,TAM,LA 3542,SBRJ,SBSP,SBRJ-SBSP,21:15,14,5,Pontual (D15),PONTUAL,0,174
ANAC_000557,2024-01-02,1,Tuesday,GLO,G3 4460,SBBR,SBSP,SBBR-SBSP,21:45,-4,-9,Pontual (D15),PONTUAL,0,138
ANAC_000558,2024-04-15,4,Monday,TAM,LA 2052,SBBR,SBCT,SBBR-SBCT,14:00,11,-4,Pontual (D15),PONTUAL,0,210
ANAC_000559,2024-04-23,4,Tuesday,TAM,LA 1873,SBGR,SBPA,SBGR-SBPA,15:00,79,68,Atraso Moderado (46-120 min),CLIMA,13190,162
ANAC_000560,2024-09-11,9,Wednesday,GLO,G3 1519,SBKP,SBRF,SBKP-SBRF,11:00,6,-5,Pontual (D15),PONTUAL,0,186
ANAC_000561,2024-04-07,4,Sunday,AZU,AD 3690,SBKP,SBRF,SBKP-SBRF,15:45,-7,-4,Pontual (D15),PONTUAL,0,162
ANAC_000562,2024-07-03,7,Wednesday,GLO,G3 2416,SBRJ,SBSP,SBRJ-SBSP,08:15,165,180,Atraso Severo (> 120 min),CONEX,43700,162
ANAC_000563,2024-09-02,9,Monday,GLO,G3 1682,SBRJ,SBSP,SBRJ-SBSP,18:15,7,7,Pontual (D15),PONTUAL,0,138
ANAC_000564,2024-06-10,6,Monday,TAM,LA 1810,SBCF,SBKP,SBCF-SBKP,08:00,10,0,Pontual (D15),PONTUAL,0,186
ANAC_000565,2024-07-04,7,Thursday,AZU,AD 2581,SBGL,SBSP,SBGL-SBSP,16:30,-6,-9,Pontual (D15),PONTUAL,0,186
ANAC_000566,2024-10-04,10,Friday,GLO,G3 4967,SBGR,SBPA,SBGR-SBPA,07:00,48,45,Atraso Moderado (46-120 min),ATC,9780,174
ANAC_000567,2024-08-02,8,Friday,AZU,AD 1366,SBGR,SBBR,SBGR-SBBR,15:00,1,7,Pontual (D15),PONTUAL,0,162
ANAC_000568,2024-12-17,12,Tuesday,GLO,G3 2642,SBKP,SBCF,SBKP-SBCF,10:00,8,-11,Pontual (D15),PONTUAL,0,138
ANAC_000569,2024-08-22,8,Thursday,TAM,LA 2392,SBBR,SBCF,SBBR-SBCF,21:00,2,2,Pontual (D15),PONTUAL,0,150
ANAC_000570,2024-02-15,2,Thursday,AZU,AD 3117,SBRJ,SBSP,SBRJ-SBSP,14:45,1,-5,Pontual (D15),PONTUAL,0,150
ANAC_000571,2024-05-29,5,Wednesday,TAM,LA 3700,SBGR,SBBR,SBGR-SBBR,19:15,90,79,Atraso Moderado (46-120 min),CLIMA,14400,210
ANAC_000572,2024-08-20,8,Tuesday,GLO,G3 1802,SBKP,SBRF,SBKP-SBRF,20:45,13,12,Pontual (D15),PONTUAL,0,150
ANAC_000573,2024-05-10,5,Friday,GLO,G3 2483,SBCF,SBSV,SBCF-SBSV,21:45,0,-4,Pontual (D15),PONTUAL,0,210
ANAC_000574,2024-11-18,11,Monday,GLO,G3 1355,SBBR,SBGR,SBBR-SBGR,17:00,170,164,Atraso Severo (> 120 min),CONEX,44600,174
ANAC_000575,2024-11-09,11,Saturday,GLO,G3 2695,SBCF,SBKP,SBCF-SBKP,20:45,0,-9,Pontual (D15),PONTUAL,0,174
ANAC_000576,2024-09-14,9,Saturday,GLO,G3 4573,SBRJ,SBPA,SBRJ-SBPA,08:15,-9,-8,Pontual (D15),PONTUAL,0,162
ANAC_000577,2024-10-20,10,Sunday,AZU,AD 1679,SBBR,SBCT,SBBR-SBCT,11:30,12,11,Pontual (D15),PONTUAL,0,162
ANAC_000578,2024-08-31,8,Saturday,GLO,G3 1961,SBSP,SBPA,SBSP-SBPA,19:15,24,24,Atraso Leve (16-45 min),SOLO,2040,138
ANAC_000579,2024-04-03,4,Wednesday,TAM,LA 4129,SBCT,SBKP,SBCT-SBKP,07:45,0,0,Cancelado,CLIMA,63576,210
ANAC_000580,2024-06-28,6,Friday,TAM,LA 1818,SBCF,SBKP,SBCF-SBKP,07:00,-6,4,Pontual (D15),PONTUAL,0,210
ANAC_000581,2024-01-13,1,Saturday,GLO,G3 3434,SBKP,SBRF,SBKP-SBRF,08:45,28,30,Atraso Leve (16-45 min),ATC,2380,186
ANAC_000582,2024-11-04,11,Monday,AZU,AD 3764,SBGR,SBPA,SBGR-SBPA,06:45,10,-5,Pontual (D15),PONTUAL,0,210
ANAC_000583,2024-02-08,2,Thursday,PTB,2Z 1803,SBSV,SBRF,SBSV-SBRF,13:15,-1,8,Pontual (D15),PONTUAL,0,138
ANAC_000584,2024-11-14,11,Thursday,GLO,G3 2023,SBBR,SBCF,SBBR-SBCF,22:15,-6,0,Pontual (D15),PONTUAL,0,162
ANAC_000585,2024-01-29,1,Monday,AZU,AD 3445,SBSP,SBRJ,SBSP-SBRJ,06:00,2,12,Pontual (D15),PONTUAL,0,210
ANAC_000586,2024-10-02,10,Wednesday,TAM,LA 2554,SBSV,SBSP,SBSV-SBSP,19:00,13,6,Pontual (D15),PONTUAL,0,174
ANAC_000587,2024-11-21,11,Thursday,AZU,AD 1444,SBBR,SBGR,SBBR-SBGR,09:15,-7,8,Pontual (D15),PONTUAL,0,210
ANAC_000588,2024-08-09,8,Friday,GLO,G3 3856,SBGR,SBBR,SBGR-SBBR,21:45,82,76,Atraso Moderado (46-120 min),CLIMA,13520,150
ANAC_000589,2024-10-09,10,Wednesday,AZU,AD 2221,SBKP,SBCF,SBKP-SBCF,11:30,-1,2,Pontual (D15),PONTUAL,0,210
ANAC_000590,2024-08-13,8,Tuesday,TAM,LA 4386,SBKP,SBRF,SBKP-SBRF,19:15,126,123,Atraso Severo (> 120 min),MANUT,36680,210
ANAC_000591,2024-04-15,4,Monday,GLO,G3 4699,SBBR,SBGR,SBBR-SBGR,21:45,8,-3,Pontual (D15),PONTUAL,0,162
ANAC_000592,2024-02-06,2,Tuesday,TAM,LA 4850,SBSV,SBGL,SBSV-SBGL,15:15,-7,-2,Pontual (D15),PONTUAL,0,138
ANAC_000593,2024-04-09,4,Tuesday,TAM,LA 1270,SBKP,SBCF,SBKP-SBCF,10:30,-8,-11,Pontual (D15),PONTUAL,0,186
ANAC_000594,2024-08-01,8,Thursday,AZU,AD 1561,SBBR,SBCF,SBBR-SBCF,16:45,54,48,Atraso Moderado (46-120 min),SOLO,10440,150
ANAC_000595,2024-04-27,4,Saturday,TAM,LA 2038,SBCT,SBRJ,SBCT-SBRJ,12:15,-4,7,Pontual (D15),PONTUAL,0,174
ANAC_000596,2024-02-17,2,Saturday,AZU,AD 2681,SBRJ,SBSP,SBRJ-SBSP,18:00,94,98,Atraso Moderado (46-120 min),CLIMA,14840,138
ANAC_000597,2024-08-30,8,Friday,GLO,G3 1769,SBRJ,SBSP,SBRJ-SBSP,11:15,-5,-6,Pontual (D15),PONTUAL,0,210
ANAC_000598,2024-12-02,12,Monday,TAM,LA 2893,SBSP,SBRJ,SBSP-SBRJ,19:15,19,16,Atraso Leve (16-45 min),CONEX,1615,162
ANAC_000599,2024-06-16,6,Sunday,AZU,AD 3004,SBCF,SBPA,SBCF-SBPA,06:15,45,38,Atraso Leve (16-45 min),CREW,3825,162
ANAC_000600,2024-08-21,8,Wednesday,GLO,G3 4527,SBCT,SBSP,SBCT-SBSP,19:15,43,38,Atraso Leve (16-45 min),CLIMA,3655,186
ANAC_000601,2024-04-09,4,Tuesday,AZU,AD 2958,SBSV,SBKP,SBSV-SBKP,20:15,0,-1,Pontual (D15),PONTUAL,0,150
ANAC_000602,2024-12-24,12,Tuesday,GLO,G3 1667,SBRJ,SBSP,SBRJ-SBSP,11:45,0,3,Pontual (D15),PONTUAL,0,210
ANAC_000603,2024-11-18,11,Monday,TAM,LA 3502,SBBR,SBCF,SBBR-SBCF,21:45,0,5,Pontual (D15),PONTUAL,0,150
ANAC_000604,2024-10-16,10,Wednesday,TAM,LA 4474,SBRJ,SBSP,SBRJ-SBSP,14:45,8,-9,Pontual (D15),PONTUAL,0,174
ANAC_000605,2024-04-13,4,Saturday,GLO,G3 2892,SBGR,SBBR,SBGR-SBBR,20:15,1,1,Pontual (D15),PONTUAL,0,138
ANAC_000606,2024-09-14,9,Saturday,GLO,G3 1737,SBCT,SBSV,SBCT-SBSV,17:00,19,19,Atraso Leve (16-45 min),SOLO,1615,186
ANAC_000607,2024-07-01,7,Monday,AZU,AD 3304,SBSP,SBRJ,SBSP-SBRJ,20:15,10,1,Pontual (D15),PONTUAL,0,174
ANAC_000608,2024-10-15,10,Tuesday,TAM,LA 2222,SBSP,SBRJ,SBSP-SBRJ,13:00,-6,-1,Pontual (D15),PONTUAL,0,210
ANAC_000609,2024-11-05,11,Tuesday,AZU,AD 1560,SBKP,SBPA,SBKP-SBPA,07:15,1,0,Pontual (D15),PONTUAL,0,150
ANAC_000610,2024-02-07,2,Wednesday,TAM,LA 2397,SBGR,SBPA,SBGR-SBPA,07:45,12,0,Pontual (D15),PONTUAL,0,210
ANAC_000611,2024-01-09,1,Tuesday,GLO,G3 1824,SBKP,SBCF,SBKP-SBCF,10:15,2,2,Pontual (D15),PONTUAL,0,150
ANAC_000612,2024-01-10,1,Wednesday,TAM,LA 3265,SBBR,SBCF,SBBR-SBCF,22:00,3,1,Pontual (D15),PONTUAL,0,150
ANAC_000613,2024-11-07,11,Thursday,GLO,G3 1707,SBBR,SBGR,SBBR-SBGR,17:45,6,9,Pontual (D15),PONTUAL,0,186
ANAC_000614,2024-03-20,3,Wednesday,AZU,AD 2018,SBGR,SBPA,SBGR-SBPA,06:15,-5,-11,Pontual (D15),PONTUAL,0,162
ANAC_000615,2024-03-02,3,Saturday,PTB,2Z 1656,SBKP,SBRF,SBKP-SBRF,07:00,-8,0,Pontual (D15),PONTUAL,0,162
ANAC_000616,2024-05-20,5,Monday,TAM,LA 4807,SBGR,SBPA,SBGR-SBPA,20:00,5,-6,Pontual (D15),PONTUAL,0,150
ANAC_000617,2024-12-12,12,Thursday,TAM,LA 3886,SBBR,SBCT,SBBR-SBCT,16:15,47,52,Atraso Moderado (46-120 min),ATC,9670,150
ANAC_000618,2024-03-07,3,Thursday,PTB,2Z 4951,SBGR,SBSV,SBGR-SBSV,13:00,7,13,Pontual (D15),PONTUAL,0,68
ANAC_000619,2024-06-03,6,Monday,GLO,G3 2231,SBBR,SBCF,SBBR-SBCF,22:45,4,12,Pontual (D15),PONTUAL,0,174
ANAC_000620,2024-06-14,6,Friday,TAM,LA 2631,SBBR,SBGR,SBBR-SBGR,17:45,29,32,Atraso Leve (16-45 min),CONEX,2465,138
ANAC_000621,2024-04-12,4,Friday,AZU,AD 1209,SBBR,SBCF,SBBR-SBCF,17:30,36,32,Atraso Leve (16-45 min),CONEX,3060,138
ANAC_000622,2024-04-05,4,Friday,TAM,LA 4385,SBBR,SBCF,SBBR-SBCF,17:00,6,-2,Pontual (D15),PONTUAL,0,174
ANAC_000623,2024-08-08,8,Thursday,TAM,LA 4870,SBGR,SBPA,SBGR-SBPA,19:30,14,0,Pontual (D15),PONTUAL,0,174
ANAC_000624,2024-02-23,2,Friday,TAM,LA 3748,SBBR,SBCF,SBBR-SBCF,22:15,5,-10,Pontual (D15),PONTUAL,0,174
ANAC_000625,2024-07-30,7,Tuesday,GLO,G3 4901,SBSP,SBRJ,SBSP-SBRJ,15:30,11,-2,Pontual (D15),PONTUAL,0,174
ANAC_000626,2024-06-25,6,Tuesday,AZU,AD 4815,SBRF,SBCF,SBRF-SBCF,11:30,13,1,Pontual (D15),PONTUAL,0,150
ANAC_000627,2024-07-22,7,Monday,GLO,G3 4952,SBRJ,SBSP,SBRJ-SBSP,20:15,10,-7,Pontual (D15),PONTUAL,0,186
ANAC_000628,2024-08-24,8,Saturday,GLO,G3 1889,SBSP,SBRJ,SBSP-SBRJ,22:45,65,56,Atraso Moderado (46-120 min),CLIMA,11650,174
ANAC_000629,2024-11-24,11,Sunday,GLO,G3 2419,SBGL,SBRF,SBGL-SBRF,18:30,-8,8,Pontual (D15),PONTUAL,0,162
ANAC_000630,2024-11-26,11,Tuesday,TAM,LA 3063,SBRJ,SBSP,SBRJ-SBSP,12:30,24,26,Atraso Leve (16-45 min),CONEX,2040,210
ANAC_000631,2024-10-19,10,Saturday,PTB,2Z 1572,SBGR,SBBR,SBGR-SBBR,12:15,-4,-8,Pontual (D15),PONTUAL,0,162
ANAC_000632,2024-03-11,3,Monday,AZU,AD 2627,SBCT,SBKP,SBCT-SBKP,07:30,137,156,Atraso Severo (> 120 min),MANUT,38660,150
ANAC_000633,2024-06-01,6,Saturday,TAM,LA 2075,SBCF,SBSP,SBCF-SBSP,15:45,3,3,Pontual (D15),PONTUAL,0,174
ANAC_000634,2024-07-24,7,Wednesday,GLO,G3 2877,SBBR,SBGR,SBBR-SBGR,10:15,5,-1,Pontual (D15),PONTUAL,0,210
ANAC_000635,2024-09-16,9,Monday,GLO,G3 4855,SBCF,SBBR,SBCF-SBBR,12:45,19,20,Atraso Leve (16-45 min),SOLO,1615,186
ANAC_000636,2024-08-07,8,Wednesday,AZU,AD 4360,SBGR,SBBR,SBGR-SBBR,06:15,36,35,Atraso Leve (16-45 min),ATC,3060,210
ANAC_000637,2024-08-05,8,Monday,GLO,G3 3509,SBGR,SBPA,SBGR-SBPA,08:30,8,-4,Pontual (D15),PONTUAL,0,186
ANAC_000638,2024-06-04,6,Tuesday,AZU,AD 3403,SBSV,SBGR,SBSV-SBGR,16:00,-3,9,Pontual (D15),PONTUAL,0,186
ANAC_000639,2024-02-12,2,Monday,GLO,G3 4736,SBKP,SBRF,SBKP-SBRF,18:00,3,5,Pontual (D15),PONTUAL,0,210
ANAC_000640,2024-03-19,3,Tuesday,TAM,LA 3826,SBCF,SBKP,SBCF-SBKP,08:15,-5,9,Pontual (D15),PONTUAL,0,186
ANAC_000641,2024-06-18,6,Tuesday,AZU,AD 2310,SBBR,SBGR,SBBR-SBGR,06:00,-8,0,Pontual (D15),PONTUAL,0,210
ANAC_000642,2024-09-22,9,Sunday,TAM,LA 4886,SBRJ,SBKP,SBRJ-SBKP,08:45,12,11,Pontual (D15),PONTUAL,0,138
ANAC_000643,2024-02-19,2,Monday,TAM,LA 2957,SBRJ,SBSP,SBRJ-SBSP,14:45,0,-5,Pontual (D15),PONTUAL,0,150
ANAC_000644,2024-10-24,10,Thursday,TAM,LA 4395,SBGR,SBPA,SBGR-SBPA,06:30,9,-4,Pontual (D15),PONTUAL,0,186
ANAC_000645,2024-10-04,10,Friday,TAM,LA 3485,SBGR,SBPA,SBGR-SBPA,19:45,197,198,Atraso Severo (> 120 min),MANUT,49460,162
ANAC_000646,2024-07-12,7,Friday,TAM,LA 2947,SBGR,SBGL,SBGR-SBGL,08:30,-9,-2,Pontual (D15),PONTUAL,0,210
ANAC_000647,2024-05-17,5,Friday,AZU,AD 4201,SBBR,SBCF,SBBR-SBCF,15:45,-1,9,Pontual (D15),PONTUAL,0,138
ANAC_000648,2024-06-06,6,Thursday,GLO,G3 2915,SBKP,SBRF,SBKP-SBRF,07:15,-3,-5,Pontual (D15),PONTUAL,0,210
ANAC_000649,2024-04-14,4,Sunday,TAM,LA 1783,SBBR,SBCF,SBBR-SBCF,16:30,27,26,Atraso Leve (16-45 min),ATC,2295,138
ANAC_000650,2024-02-06,2,Tuesday,AZU,AD 2105,SBGR,SBCT,SBGR-SBCT,13:00,10,0,Pontual (D15),PONTUAL,0,174
ANAC_000651,2024-07-20,7,Saturday,GLO,G3 3592,SBBR,SBGR,SBBR-SBGR,18:00,0,0,Cancelado,CLIMA,75784,162
ANAC_000652,2024-07-19,7,Friday,TAM,LA 3965,SBRF,SBGR,SBRF-SBGR,15:00,35,32,Atraso Leve (16-45 min),CREW,2975,138
ANAC_000653,2024-08-02,8,Friday,GLO,G3 2842,SBKP,SBRF,SBKP-SBRF,14:15,-2,-4,Pontual (D15),PONTUAL,0,186
ANAC_000654,2024-03-10,3,Sunday,GLO,G3 4279,SBRF,SBGL,SBRF-SBGL,09:00,123,134,Atraso Severo (> 120 min),CLIMA,36140,150
ANAC_000655,2024-07-22,7,Monday,TAM,LA 1276,SBBR,SBCF,SBBR-SBCF,10:00,-6,0,Pontual (D15),PONTUAL,0,138
ANAC_000656,2024-09-27,9,Friday,GLO,G3 2289,SBRF,SBKP,SBRF-SBKP,14:15,4,-1,Pontual (D15),PONTUAL,0,150
ANAC_000657,2024-12-05,12,Thursday,TAM,LA 1991,SBSP,SBRJ,SBSP-SBRJ,21:00,46,47,Atraso Moderado (46-120 min),CONEX,9560,174
ANAC_000658,2024-11-12,11,Tuesday,TAM,LA 2936,SBPA,SBCT,SBPA-SBCT,13:00,9,-10,Pontual (D15),PONTUAL,0,174
ANAC_000659,2024-01-20,1,Saturday,AZU,AD 4531,SBSP,SBRJ,SBSP-SBRJ,09:45,4,9,Pontual (D15),PONTUAL,0,162
ANAC_000660,2024-10-16,10,Wednesday,PTB,2Z 1583,SBCF,SBSP,SBCF-SBSP,07:15,-6,13,Pontual (D15),PONTUAL,0,162
ANAC_000661,2024-01-15,1,Monday,TAM,LA 1849,SBBR,SBSP,SBBR-SBSP,20:15,-2,3,Pontual (D15),PONTUAL,0,138
ANAC_000662,2024-06-26,6,Wednesday,GLO,G3 2382,SBKP,SBRF,SBKP-SBRF,19:30,116,113,Atraso Moderado (46-120 min),CLIMA,17260,138
ANAC_000663,2024-10-01,10,Tuesday,AZU,AD 4497,SBKP,SBRF,SBKP-SBRF,13:30,11,9,Pontual (D15),PONTUAL,0,138
ANAC_000664,2024-01-23,1,Tuesday,TAM,LA 3463,SBRJ,SBSP,SBRJ-SBSP,21:00,0,7,Pontual (D15),PONTUAL,0,150
ANAC_000665,2024-11-10,11,Sunday,TAM,LA 1381,SBCF,SBKP,SBCF-SBKP,13:15,18,18,Atraso Leve (16-45 min),CONEX,1530,162
ANAC_000666,2024-11-26,11,Tuesday,AZU,AD 3067,SBSP,SBRJ,SBSP-SBRJ,21:30,2,0,Pontual (D15),PONTUAL,0,150
ANAC_000667,2024-11-05,11,Tuesday,GLO,G3 3960,SBBR,SBCF,SBBR-SBCF,13:45,-8,-5,Pontual (D15),PONTUAL,0,150
ANAC_000668,2024-01-09,1,Tuesday,TAM,LA 4075,SBKP,SBCF,SBKP-SBCF,16:45,0,7,Pontual (D15),PONTUAL,0,174
ANAC_000669,2024-06-20,6,Thursday,TAM,LA 1815,SBKP,SBCF,SBKP-SBCF,09:30,0,-4,Pontual (D15),PONTUAL,0,162
ANAC_000670,2024-04-11,4,Thursday,TAM,LA 1981,SBBR,SBCF,SBBR-SBCF,22:00,9,0,Pontual (D15),PONTUAL,0,210
ANAC_000671,2024-02-27,2,Tuesday,TAM,LA 1762,SBBR,SBGR,SBBR-SBGR,20:45,-6,-6,Pontual (D15),PONTUAL,0,162
ANAC_000672,2024-07-27,7,Saturday,TAM,LA 4050,SBGR,SBBR,SBGR-SBBR,17:45,6,6,Pontual (D15),PONTUAL,0,138
ANAC_000673,2024-11-02,11,Saturday,GLO,G3 1745,SBSP,SBSV,SBSP-SBSV,19:15,0,-9,Pontual (D15),PONTUAL,0,150
ANAC_000674,2024-03-04,3,Monday,GLO,G3 2336,SBCF,SBKP,SBCF-SBKP,17:30,10,8,Pontual (D15),PONTUAL,0,174
ANAC_000675,2024-03-06,3,Wednesday,TAM,LA 2199,SBPA,SBRF,SBPA-SBRF,07:00,1,-7,Pontual (D15),PONTUAL,0,210
ANAC_000676,2024-04-25,4,Thursday,AZU,AD 1009,SBGR,SBBR,SBGR-SBBR,11:15,0,0,Pontual (D15),PONTUAL,0,138
ANAC_000677,2024-04-20,4,Saturday,GLO,G3 3916,SBCT,SBGR,SBCT-SBGR,10:30,0,1,Pontual (D15),PONTUAL,0,186
ANAC_000678,2024-06-06,6,Thursday,GLO,G3 3056,SBBR,SBCF,SBBR-SBCF,14:30,76,84,Atraso Moderado (46-120 min),CLIMA,12860,210
ANAC_000679,2024-11-02,11,Saturday,AZU,AD 2962,SBBR,SBGR,SBBR-SBGR,06:15,5,0,Pontual (D15),PONTUAL,0,186
ANAC_000680,2024-04-19,4,Friday,TAM,LA 4723,SBGR,SBBR,SBGR-SBBR,14:15,4,0,Pontual (D15),PONTUAL,0,150
ANAC_000681,2024-04-03,4,Wednesday,TAM,LA 4582,SBBR,SBGR,SBBR-SBGR,17:00,-9,12,Pontual (D15),PONTUAL,0,138
ANAC_000682,2024-12-20,12,Friday,TAM,LA 4350,SBSP,SBRJ,SBSP-SBRJ,22:00,3,12,Pontual (D15),PONTUAL,0,138
ANAC_000683,2024-04-27,4,Saturday,TAM,LA 1071,SBSP,SBGR,SBSP-SBGR,21:30,61,58,Atraso Moderado (46-120 min),CLIMA,11210,162
ANAC_000684,2024-10-09,10,Wednesday,AZU,AD 1735,SBGR,SBPA,SBGR-SBPA,09:15,-5,2,Pontual (D15),PONTUAL,0,138
ANAC_000685,2024-12-11,12,Wednesday,TAM,LA 3773,SBBR,SBGR,SBBR-SBGR,20:00,47,47,Atraso Moderado (46-120 min),CONEX,9670,162
ANAC_000686,2024-10-23,10,Wednesday,PTB,2Z 4502,SBSP,SBRJ,SBSP-SBRJ,22:30,147,161,Atraso Severo (> 120 min),CLIMA,40460,68
ANAC_000687,2024-08-18,8,Sunday,AZU,AD 4593,SBKP,SBCF,SBKP-SBCF,19:45,39,40,Atraso Leve (16-45 min),CONEX,3315,210
ANAC_000688,2024-10-21,10,Monday,TAM,LA 3440,SBGR,SBBR,SBGR-SBBR,16:30,12,8,Pontual (D15),PONTUAL,0,162
ANAC_000689,2024-04-01,4,Monday,GLO,G3 1838,SBSV,SBCF,SBSV-SBCF,06:45,-1,12,Pontual (D15),PONTUAL,0,162
ANAC_000690,2024-03-30,3,Saturday,TAM,LA 3850,SBGR,SBSV,SBGR-SBSV,15:30,52,56,Atraso Moderado (46-120 min),CREW,10220,138
ANAC_000691,2024-10-03,10,Thursday,AZU,AD 2106,SBKP,SBRF,SBKP-SBRF,08:30,-8,-4,Pontual (D15),PONTUAL,0,138
ANAC_000692,2024-08-10,8,Saturday,GLO,G3 4062,SBRJ,SBKP,SBRJ-SBKP,14:00,0,4,Pontual (D15),PONTUAL,0,174
ANAC_000693,2024-03-13,3,Wednesday,TAM,LA 4282,SBCF,SBKP,SBCF-SBKP,19:45,76,81,Atraso Moderado (46-120 min),CLIMA,12860,162
ANAC_000694,2024-06-21,6,Friday,PTB,2Z 3370,SBGL,SBCT,SBGL-SBCT,22:45,39,38,Atraso Leve (16-45 min),CONEX,3315,162
ANAC_000695,2024-03-29,3,Friday,TAM,LA 2543,SBGR,SBBR,SBGR-SBBR,06:00,-6,7,Pontual (D15),PONTUAL,0,150
ANAC_000696,2024-04-23,4,Tuesday,TAM,LA 2758,SBGR,SBSV,SBGR-SBSV,15:15,-2,0,Pontual (D15),PONTUAL,0,174
ANAC_000697,2024-10-13,10,Sunday,TAM,LA 3291,SBSP,SBRF,SBSP-SBRF,21:00,43,45,Atraso Leve (16-45 min),ATC,3655,174
ANAC_000698,2024-02-16,2,Friday,AZU,AD 2952,SBBR,SBCF,SBBR-SBCF,14:15,-1,2,Pontual (D15),PONTUAL,0,210
ANAC_000699,2024-04-12,4,Friday,GLO,G3 3879,SBKP,SBRF,SBKP-SBRF,08:15,0,9,Pontual (D15),PONTUAL,0,186
ANAC_000700,2024-04-23,4,Tuesday,TAM,LA 3353,SBCT,SBKP,SBCT-SBKP,20:15,11,11,Pontual (D15),PONTUAL,0,150
ANAC_000701,2024-03-14,3,Thursday,TAM,LA 1204,SBGR,SBPA,SBGR-SBPA,20:15,23,24,Atraso Leve (16-45 min),CONEX,1955,150
ANAC_000702,2024-02-25,2,Sunday,AZU,AD 1559,SBRJ,SBSP,SBRJ-SBSP,19:45,47,40,Atraso Moderado (46-120 min),CREW,9670,162
ANAC_000703,2024-12-02,12,Monday,GLO,G3 2440,SBSP,SBRJ,SBSP-SBRJ,06:30,-8,-8,Pontual (D15),PONTUAL,0,210
ANAC_000704,2024-10-23,10,Wednesday,TAM,LA 1256,SBGR,SBPA,SBGR-SBPA,22:30,42,36,Atraso Leve (16-45 min),CREW,3570,162
ANAC_000705,2024-08-21,8,Wednesday,AZU,AD 1843,SBCT,SBSP,SBCT-SBSP,07:00,-3,11,Pontual (D15),PONTUAL,0,186
ANAC_000706,2024-05-10,5,Friday,TAM,LA 1229,SBSP,SBRJ,SBSP-SBRJ,10:15,-2,-2,Pontual (D15),PONTUAL,0,210
ANAC_000707,2024-07-10,7,Wednesday,GLO,G3 4677,SBGR,SBPA,SBGR-SBPA,14:15,2,6,Pontual (D15),PONTUAL,0,174
ANAC_000708,2024-01-27,1,Saturday,AZU,AD 3867,SBCT,SBPA,SBCT-SBPA,18:30,54,60,Atraso Moderado (46-120 min),CREW,10440,138
ANAC_000709,2024-06-07,6,Friday,GLO,G3 2578,SBCF,SBKP,SBCF-SBKP,22:00,1,0,Pontual (D15),PONTUAL,0,174
ANAC_000710,2024-10-09,10,Wednesday,GLO,G3 3732,SBBR,SBGR,SBBR-SBGR,21:45,149,170,Atraso Severo (> 120 min),MANUT,40820,162
ANAC_000711,2024-05-29,5,Wednesday,TAM,LA 2980,SBSP,SBRJ,SBSP-SBRJ,17:45,2,-2,Pontual (D15),PONTUAL,0,138
ANAC_000712,2024-07-07,7,Sunday,GLO,G3 4741,SBRF,SBSV,SBRF-SBSV,16:15,-3,-7,Pontual (D15),PONTUAL,0,186
ANAC_000713,2024-05-20,5,Monday,TAM,LA 2566,SBCF,SBKP,SBCF-SBKP,13:15,4,4,Pontual (D15),PONTUAL,0,138
ANAC_000714,2024-03-20,3,Wednesday,GLO,G3 4858,SBGR,SBSV,SBGR-SBSV,21:15,-3,-10,Pontual (D15),PONTUAL,0,138
ANAC_000715,2024-05-02,5,Thursday,GLO,G3 1995,SBPA,SBSP,SBPA-SBSP,22:30,0,-2,Pontual (D15),PONTUAL,0,174
ANAC_000716,2024-06-12,6,Wednesday,TAM,LA 2556,SBKP,SBRF,SBKP-SBRF,22:30,-1,1,Pontual (D15),PONTUAL,0,186
ANAC_000717,2024-12-03,12,Tuesday,AZU,AD 3075,SBSP,SBRJ,SBSP-SBRJ,17:45,1,-7,Pontual (D15),PONTUAL,0,210
ANAC_000718,2024-04-25,4,Thursday,TAM,LA 3338,SBSP,SBRJ,SBSP-SBRJ,17:30,6,-4,Pontual (D15),PONTUAL,0,210
ANAC_000719,2024-07-04,7,Thursday,GLO,G3 1387,SBGR,SBBR,SBGR-SBBR,08:00,20,20,Atraso Leve (16-45 min),CONEX,1700,138
ANAC_000720,2024-09-26,9,Thursday,AZU,AD 1040,SBRJ,SBSV,SBRJ-SBSV,14:30,-7,1,Pontual (D15),PONTUAL,0,162
ANAC_000721,2024-08-14,8,Wednesday,TAM,LA 3938,SBGR,SBSV,SBGR-SBSV,08:00,38,36,Atraso Leve (16-45 min),CONEX,3230,150
ANAC_000722,2024-02-13,2,Tuesday,GLO,G3 2733,SBSP,SBRJ,SBSP-SBRJ,17:30,-1,9,Pontual (D15),PONTUAL,0,138
ANAC_000723,2024-04-21,4,Sunday,TAM,LA 4483,SBBR,SBCF,SBBR-SBCF,15:00,-1,-8,Pontual (D15),PONTUAL,0,174
ANAC_000724,2024-03-27,3,Wednesday,TAM,LA 3750,SBRJ,SBSP,SBRJ-SBSP,06:45,12,12,Pontual (D15),PONTUAL,0,150
ANAC_000725,2024-07-07,7,Sunday,GLO,G3 1131,SBGR,SBPA,SBGR-SBPA,12:00,13,-1,Pontual (D15),PONTUAL,0,162
ANAC_000726,2024-04-30,4,Tuesday,GLO,G3 1527,SBBR,SBCF,SBBR-SBCF,06:45,4,-7,Pontual (D15),PONTUAL,0,210
ANAC_000727,2024-06-21,6,Friday,GLO,G3 2672,SBGR,SBSV,SBGR-SBSV,15:45,-8,-2,Pontual (D15),PONTUAL,0,162
ANAC_000728,2024-06-27,6,Thursday,AZU,AD 2682,SBRJ,SBSP,SBRJ-SBSP,06:15,-3,-9,Pontual (D15),PONTUAL,0,138
ANAC_000729,2024-10-29,10,Tuesday,GLO,G3 1992,SBKP,SBCF,SBKP-SBCF,12:45,10,-4,Pontual (D15),PONTUAL,0,162
ANAC_000730,2024-10-01,10,Tuesday,TAM,LA 3354,SBRF,SBCF,SBRF-SBCF,22:45,10,6,Pontual (D15),PONTUAL,0,162
ANAC_000731,2024-06-02,6,Sunday,TAM,LA 3015,SBGR,SBCF,SBGR-SBCF,18:00,-4,2,Pontual (D15),PONTUAL,0,150
ANAC_000732,2024-12-20,12,Friday,TAM,LA 4027,SBGR,SBSV,SBGR-SBSV,17:30,-9,-2,Pontual (D15),PONTUAL,0,150
ANAC_000733,2024-02-02,2,Friday,AZU,AD 4336,SBBR,SBGR,SBBR-SBGR,16:45,6,-1,Pontual (D15),PONTUAL,0,138
ANAC_000734,2024-10-09,10,Wednesday,TAM,LA 4857,SBSV,SBSP,SBSV-SBSP,06:00,10,6,Pontual (D15),PONTUAL,0,138
ANAC_000735,2024-12-03,12,Tuesday,AZU,AD 2169,SBSV,SBRJ,SBSV-SBRJ,10:30,4,11,Pontual (D15),PONTUAL,0,210
ANAC_000736,2024-08-18,8,Sunday,GLO,G3 3597,SBCF,SBKP,SBCF-SBKP,14:30,-5,11,Pontual (D15),PONTUAL,0,150
ANAC_000737,2024-11-03,11,Sunday,TAM,LA 3440,SBKP,SBCF,SBKP-SBCF,18:45,169,162,Atraso Severo (> 120 min),MANUT,44420,138
ANAC_000738,2024-07-28,7,Sunday,AZU,AD 2777,SBGL,SBGR,SBGL-SBGR,07:15,12,11,Pontual (D15),PONTUAL,0,210
ANAC_000739,2024-02-23,2,Friday,AZU,AD 4272,SBPA,SBSP,SBPA-SBSP,10:00,2,-6,Pontual (D15),PONTUAL,0,186
ANAC_000740,2024-09-14,9,Saturday,AZU,AD 3142,SBCF,SBKP,SBCF-SBKP,16:00,-5,-9,Pontual (D15),PONTUAL,0,210
ANAC_000741,2024-02-10,2,Saturday,TAM,LA 1265,SBGR,SBPA,SBGR-SBPA,10:00,17,18,Atraso Leve (16-45 min),ATC,1445,210
ANAC_000742,2024-07-25,7,Thursday,AZU,AD 4148,SBGR,SBPA,SBGR-SBPA,16:15,8,13,Pontual (D15),PONTUAL,0,138
ANAC_000743,2024-05-10,5,Friday,GLO,G3 1485,SBGR,SBPA,SBGR-SBPA,08:00,8,-3,Pontual (D15),PONTUAL,0,138
ANAC_000744,2024-11-25,11,Monday,TAM,LA 4235,SBGR,SBBR,SBGR-SBBR,09:30,0,5,Pontual (D15),PONTUAL,0,138
ANAC_000745,2024-03-24,3,Sunday,TAM,LA 2501,SBGR,SBSV,SBGR-SBSV,19:45,-1,-11,Pontual (D15),PONTUAL,0,174
ANAC_000746,2024-04-04,4,Thursday,AZU,AD 2388,SBGR,SBSV,SBGR-SBSV,19:15,26,29,Atraso Leve (16-45 min),CREW,2210,210
ANAC_000747,2024-11-28,11,Thursday,GLO,G3 3742,SBSP,SBRJ,SBSP-SBRJ,13:45,13,-10,Pontual (D15),PONTUAL,0,174
ANAC_000748,2024-07-27,7,Saturday,AZU,AD 4540,SBGR,SBPA,SBGR-SBPA,09:30,-7,4,Pontual (D15),PONTUAL,0,162
ANAC_000749,2024-02-28,2,Wednesday,TAM,LA 3481,SBGR,SBPA,SBGR-SBPA,21:45,59,67,Atraso Moderado (46-120 min),MANUT,10990,138
ANAC_000750,2024-10-07,10,Monday,GLO,G3 4877,SBBR,SBCF,SBBR-SBCF,06:45,10,11,Pontual (D15),PONTUAL,0,138
ANAC_000751,2024-06-18,6,Tuesday,AZU,AD 1810,SBRJ,SBSP,SBRJ-SBSP,11:15,0,0,Cancelado,CLIMA,62778,186
ANAC_000752,2024-02-26,2,Monday,PTB,2Z 4785,SBCF,SBKP,SBCF-SBKP,18:30,130,119,Atraso Severo (> 120 min),MANUT,37400,174
ANAC_000753,2024-04-10,4,Wednesday,AZU,AD 2709,SBRF,SBSP,SBRF-SBSP,11:45,-9,12,Pontual (D15),PONTUAL,0,174
ANAC_000754,2024-10-28,10,Monday,AZU,AD 1069,SBSP,SBRJ,SBSP-SBRJ,06:45,8,-11,Pontual (D15),PONTUAL,0,150
ANAC_000755,2024-11-08,11,Friday,GLO,G3 1797,SBGR,SBPA,SBGR-SBPA,10:00,19,20,Atraso Leve (16-45 min),CONEX,1615,162
ANAC_000756,2024-02-13,2,Tuesday,AZU,AD 2082,SBGR,SBSV,SBGR-SBSV,22:30,1,-2,Pontual (D15),PONTUAL,0,186
ANAC_000757,2024-12-18,12,Wednesday,TAM,LA 3314,SBRJ,SBSP,SBRJ-SBSP,22:15,11,12,Pontual (D15),PONTUAL,0,210
ANAC_000758,2024-10-26,10,Saturday,TAM,LA 4157,SBBR,SBGR,SBBR-SBGR,09:15,6,-6,Pontual (D15),PONTUAL,0,150
ANAC_000759,2024-11-15,11,Friday,TAM,LA 3354,SBRJ,SBCT,SBRJ-SBCT,18:30,10,3,Pontual (D15),PONTUAL,0,150
ANAC_000760,2024-05-23,5,Thursday,GLO,G3 2391,SBPA,SBCT,SBPA-SBCT,14:30,2,-1,Pontual (D15),PONTUAL,0,210
ANAC_000761,2024-08-19,8,Monday,GLO,G3 3411,SBBR,SBCF,SBBR-SBCF,21:15,0,-2,Pontual (D15),PONTUAL,0,162
ANAC_000762,2024-05-25,5,Saturday,PTB,2Z 1974,SBRJ,SBSP,SBRJ-SBSP,13:45,-1,3,Pontual (D15),PONTUAL,0,68
ANAC_000763,2024-08-08,8,Thursday,TAM,LA 3590,SBBR,SBGR,SBBR-SBGR,11:15,3,11,Pontual (D15),PONTUAL,0,210
ANAC_000764,2024-07-25,7,Thursday,TAM,LA 3428,SBSP,SBRJ,SBSP-SBRJ,14:30,2,10,Pontual (D15),PONTUAL,0,150
ANAC_000765,2024-01-21,1,Sunday,AZU,AD 3651,SBGR,SBBR,SBGR-SBBR,18:30,28,30,Atraso Leve (16-45 min),CONEX,2380,174
ANAC_000766,2024-07-02,7,Tuesday,TAM,LA 2779,SBSP,SBRJ,SBSP-SBRJ,12:00,21,18,Atraso Leve (16-45 min),ATC,1785,150
ANAC_000767,2024-11-22,11,Friday,TAM,LA 4552,SBBR,SBGR,SBBR-SBGR,22:45,11,8,Pontual (D15),PONTUAL,0,186
ANAC_000768,2024-05-21,5,Tuesday,TAM,LA 1965,SBGR,SBPA,SBGR-SBPA,20:15,78,79,Atraso Moderado (46-120 min),CLIMA,13080,162
ANAC_000769,2024-06-30,6,Sunday,AZU,AD 2793,SBSP,SBRJ,SBSP-SBRJ,17:00,9,5,Pontual (D15),PONTUAL,0,186
ANAC_000770,2024-05-26,5,Sunday,GLO,G3 1477,SBGR,SBPA,SBGR-SBPA,11:30,6,9,Pontual (D15),PONTUAL,0,174
ANAC_000771,2024-09-06,9,Friday,AZU,AD 4282,SBGR,SBPA,SBGR-SBPA,12:45,56,57,Atraso Moderado (46-120 min),CONEX,10660,162
ANAC_000772,2024-10-19,10,Saturday,PTB,2Z 3458,SBGR,SBBR,SBGR-SBBR,16:30,98,105,Atraso Moderado (46-120 min),CLIMA,15280,186
ANAC_000773,2024-11-15,11,Friday,AZU,AD 4761,SBRJ,SBKP,SBRJ-SBKP,13:00,12,3,Pontual (D15),PONTUAL,0,138
ANAC_000774,2024-07-12,7,Friday,GLO,G3 1815,SBBR,SBGR,SBBR-SBGR,15:30,-7,-1,Pontual (D15),PONTUAL,0,186
ANAC_000775,2024-01-02,1,Tuesday,TAM,LA 3550,SBKP,SBRF,SBKP-SBRF,19:45,-4,5,Pontual (D15),PONTUAL,0,162
ANAC_000776,2024-01-31,1,Wednesday,GLO,G3 3209,SBRF,SBCT,SBRF-SBCT,08:45,1,7,Pontual (D15),PONTUAL,0,210
ANAC_000777,2024-12-05,12,Thursday,GLO,G3 1958,SBCF,SBKP,SBCF-SBKP,16:45,-3,-9,Pontual (D15),PONTUAL,0,210
ANAC_000778,2024-03-22,3,Friday,GLO,G3 2838,SBCT,SBKP,SBCT-SBKP,22:00,38,33,Atraso Leve (16-45 min),ATC,3230,174
ANAC_000779,2024-07-11,7,Thursday,AZU,AD 1132,SBKP,SBRF,SBKP-SBRF,17:30,-1,-7,Pontual (D15),PONTUAL,0,138
ANAC_000780,2024-03-26,3,Tuesday,TAM,LA 2798,SBBR,SBGR,SBBR-SBGR,09:15,-6,-11,Pontual (D15),PONTUAL,0,138
ANAC_000781,2024-01-16,1,Tuesday,TAM,LA 1697,SBRJ,SBSP,SBRJ-SBSP,16:15,7,9,Pontual (D15),PONTUAL,0,162
ANAC_000782,2024-11-30,11,Saturday,TAM,LA 2842,SBPA,SBKP,SBPA-SBKP,22:45,12,0,Pontual (D15),PONTUAL,0,138
ANAC_000783,2024-04-04,4,Thursday,AZU,AD 4036,SBCF,SBKP,SBCF-SBKP,18:45,14,1,Pontual (D15),PONTUAL,0,174
ANAC_000784,2024-11-03,11,Sunday,TAM,LA 2691,SBGR,SBBR,SBGR-SBBR,16:15,0,12,Pontual (D15),PONTUAL,0,162
ANAC_000785,2024-04-24,4,Wednesday,TAM,LA 1018,SBBR,SBCF,SBBR-SBCF,19:15,6,-1,Pontual (D15),PONTUAL,0,162
ANAC_000786,2024-06-15,6,Saturday,GLO,G3 2982,SBCF,SBRF,SBCF-SBRF,21:15,14,-11,Pontual (D15),PONTUAL,0,150
ANAC_000787,2024-05-02,5,Thursday,AZU,AD 1341,SBRJ,SBSP,SBRJ-SBSP,14:45,1,8,Pontual (D15),PONTUAL,0,210
ANAC_000788,2024-11-19,11,Tuesday,TAM,LA 2136,SBCT,SBRF,SBCT-SBRF,21:15,6,-2,Pontual (D15),PONTUAL,0,210
ANAC_000789,2024-07-09,7,Tuesday,GLO,G3 2865,SBPA,SBRJ,SBPA-SBRJ,09:45,9,-7,Pontual (D15),PONTUAL,0,162
ANAC_000790,2024-03-10,3,Sunday,TAM,LA 3742,SBBR,SBRJ,SBBR-SBRJ,07:00,0,-2,Pontual (D15),PONTUAL,0,174
ANAC_000791,2024-11-13,11,Wednesday,TAM,LA 3538,SBBR,SBGR,SBBR-SBGR,13:30,14,-6,Pontual (D15),PONTUAL,0,210
ANAC_000792,2024-10-07,10,Monday,AZU,AD 3057,SBGR,SBBR,SBGR-SBBR,15:45,112,112,Atraso Moderado (46-120 min),CONEX,16820,186
ANAC_000793,2024-11-21,11,Thursday,TAM,LA 1901,SBBR,SBCF,SBBR-SBCF,22:15,4,-10,Pontual (D15),PONTUAL,0,174
ANAC_000794,2024-02-04,2,Sunday,AZU,AD 2894,SBBR,SBCF,SBBR-SBCF,10:15,13,0,Pontual (D15),PONTUAL,0,162
ANAC_000795,2024-05-07,5,Tuesday,GLO,G3 3345,SBBR,SBGR,SBBR-SBGR,21:45,-2,-4,Pontual (D15),PONTUAL,0,210
ANAC_000796,2024-02-27,2,Tuesday,AZU,AD 1085,SBGR,SBBR,SBGR-SBBR,20:00,-1,-8,Pontual (D15),PONTUAL,0,174
ANAC_000797,2024-06-28,6,Friday,GLO,G3 2345,SBKP,SBRF,SBKP-SBRF,10:15,29,30,Atraso Leve (16-45 min),CONEX,2465,210
ANAC_000798,2024-11-13,11,Wednesday,GLO,G3 2809,SBBR,SBCF,SBBR-SBCF,10:30,13,13,Pontual (D15),PONTUAL,0,162
ANAC_000799,2024-08-31,8,Saturday,GLO,G3 4642,SBSV,SBGR,SBSV-SBGR,13:30,-4,0,Pontual (D15),PONTUAL,0,162
ANAC_000800,2024-05-19,5,Sunday,GLO,G3 4405,SBRF,SBKP,SBRF-SBKP,17:45,7,-3,Pontual (D15),PONTUAL,0,174
ANAC_000801,2024-01-29,1,Monday,TAM,LA 2679,SBBR,SBCF,SBBR-SBCF,22:00,0,0,Cancelado,CLIMA,77136,174
ANAC_000802,2024-08-18,8,Sunday,AZU,AD 2092,SBRF,SBCT,SBRF-SBCT,18:45,7,-10,Pontual (D15),PONTUAL,0,210
ANAC_000803,2024-09-09,9,Monday,AZU,AD 3389,SBSV,SBCF,SBSV-SBCF,07:15,0,0,Cancelado,MANUT,60493,210
ANAC_000804,2024-09-13,9,Friday,GLO,G3 3700,SBGR,SBBR,SBGR-SBBR,21:30,1,-4,Pontual (D15),PONTUAL,0,162
ANAC_000805,2024-05-25,5,Saturday,AZU,AD 3980,SBRJ,SBSV,SBRJ-SBSV,17:30,30,30,Atraso Leve (16-45 min),CONEX,2550,150
ANAC_000806,2024-12-04,12,Wednesday,TAM,LA 3217,SBBR,SBGL,SBBR-SBGL,13:30,121,107,Atraso Severo (> 120 min),CLIMA,35780,162
ANAC_000807,2024-07-07,7,Sunday,TAM,LA 1367,SBCT,SBGR,SBCT-SBGR,16:45,16,17,Atraso Leve (16-45 min),CONEX,1360,150
ANAC_000808,2024-04-17,4,Wednesday,AZU,AD 4199,SBKP,SBCF,SBKP-SBCF,19:45,2,7,Pontual (D15),PONTUAL,0,150
ANAC_000809,2024-08-22,8,Thursday,AZU,AD 1936,SBKP,SBRF,SBKP-SBRF,21:45,7,4,Pontual (D15),PONTUAL,0,186
ANAC_000810,2024-12-02,12,Monday,TAM,LA 3470,SBSP,SBRJ,SBSP-SBRJ,20:15,27,27,Atraso Leve (16-45 min),CONEX,2295,174
ANAC_000811,2024-01-18,1,Thursday,GLO,G3 2100,SBGR,SBSV,SBGR-SBSV,17:00,6,6,Pontual (D15),PONTUAL,0,138
ANAC_000812,2024-12-29,12,Sunday,GLO,G3 1303,SBCF,SBKP,SBCF-SBKP,09:30,33,30,Atraso Leve (16-45 min),ATC,2805,210
ANAC_000813,2024-06-18,6,Tuesday,AZU,AD 4456,SBKP,SBGL,SBKP-SBGL,11:30,2,-2,Pontual (D15),PONTUAL,0,186
ANAC_000814,2024-08-30,8,Friday,PTB,2Z 2677,SBCT,SBRF,SBCT-SBRF,13:45,-6,2,Pontual (D15),PONTUAL,0,186
ANAC_000815,2024-04-05,4,Friday,AZU,AD 2228,SBBR,SBCF,SBBR-SBCF,09:45,-9,10,Pontual (D15),PONTUAL,0,150
ANAC_000816,2024-01-11,1,Thursday,GLO,G3 3604,SBGR,SBPA,SBGR-SBPA,19:00,85,91,Atraso Moderado (46-120 min),MANUT,13850,138
ANAC_000817,2024-12-13,12,Friday,TAM,LA 4314,SBSP,SBRJ,SBSP-SBRJ,19:15,95,98,Atraso Moderado (46-120 min),CONEX,14950,210
ANAC_000818,2024-02-25,2,Sunday,TAM,LA 3550,SBGR,SBPA,SBGR-SBPA,06:45,12,-4,Pontual (D15),PONTUAL,0,150
ANAC_000819,2024-07-05,7,Friday,AZU,AD 4775,SBGR,SBBR,SBGR-SBBR,11:30,0,0,Cancelado,CLIMA,43886,174
ANAC_000820,2024-04-02,4,Tuesday,TAM,LA 2038,SBBR,SBCF,SBBR-SBCF,12:30,0,0,Cancelado,CLIMA,75400,186
ANAC_000821,2024-01-13,1,Saturday,GLO,G3 4024,SBGR,SBPA,SBGR-SBPA,10:00,-7,8,Pontual (D15),PONTUAL,0,210
ANAC_000822,2024-06-03,6,Monday,GLO,G3 3997,SBGR,SBPA,SBGR-SBPA,06:30,91,85,Atraso Moderado (46-120 min),CLIMA,14510,162
ANAC_000823,2024-09-02,9,Monday,GLO,G3 1068,SBGR,SBCF,SBGR-SBCF,22:00,7,5,Pontual (D15),PONTUAL,0,186
ANAC_000824,2024-02-17,2,Saturday,TAM,LA 3031,SBGR,SBBR,SBGR-SBBR,20:00,77,77,Atraso Moderado (46-120 min),CLIMA,12970,138
ANAC_000825,2024-01-04,1,Thursday,TAM,LA 3601,SBKP,SBRF,SBKP-SBRF,12:30,0,3,Pontual (D15),PONTUAL,0,186
ANAC_000826,2024-11-12,11,Tuesday,GLO,G3 1975,SBSP,SBGR,SBSP-SBGR,10:15,4,-3,Pontual (D15),PONTUAL,0,186
ANAC_000827,2024-05-22,5,Wednesday,GLO,G3 1026,SBSP,SBRJ,SBSP-SBRJ,20:15,-8,3,Pontual (D15),PONTUAL,0,210
ANAC_000828,2024-04-14,4,Sunday,GLO,G3 3024,SBBR,SBRF,SBBR-SBRF,16:30,12,0,Pontual (D15),PONTUAL,0,186
ANAC_000829,2024-12-01,12,Sunday,TAM,LA 3259,SBRJ,SBSP,SBRJ-SBSP,19:30,24,22,Atraso Leve (16-45 min),ATC,2040,186
ANAC_000830,2024-01-26,1,Friday,GLO,G3 1722,SBBR,SBGR,SBBR-SBGR,22:00,2,5,Pontual (D15),PONTUAL,0,186
ANAC_000831,2024-09-15,9,Sunday,TAM,LA 4486,SBKP,SBCF,SBKP-SBCF,06:00,6,-1,Pontual (D15),PONTUAL,0,162
ANAC_000832,2024-10-05,10,Saturday,AZU,AD 3646,SBPA,SBCF,SBPA-SBCF,20:30,-6,-2,Pontual (D15),PONTUAL,0,210
ANAC_000833,2024-05-08,5,Wednesday,TAM,LA 1059,SBSV,SBCF,SBSV-SBCF,17:15,6,-9,Pontual (D15),PONTUAL,0,174
ANAC_000834,2024-08-07,8,Wednesday,TAM,LA 3725,SBGL,SBSP,SBGL-SBSP,12:45,-3,11,Pontual (D15),PONTUAL,0,210
ANAC_000835,2024-10-17,10,Thursday,AZU,AD 2143,SBRF,SBCT,SBRF-SBCT,18:45,3,0,Pontual (D15),PONTUAL,0,210
ANAC_000836,2024-10-30,10,Wednesday,GLO,G3 2907,SBBR,SBRJ,SBBR-SBRJ,17:45,50,49,Atraso Moderado (46-120 min),CLIMA,10000,162
ANAC_000837,2024-05-23,5,Thursday,AZU,AD 4010,SBGR,SBBR,SBGR-SBBR,11:30,13,12,Pontual (D15),PONTUAL,0,150
ANAC_000838,2024-01-29,1,Monday,GLO,G3 2566,SBGR,SBBR,SBGR-SBBR,15:30,-9,-7,Pontual (D15),PONTUAL,0,162
ANAC_000839,2024-01-19,1,Friday,TAM,LA 4331,SBKP,SBCF,SBKP-SBCF,18:00,32,32,Atraso Leve (16-45 min),ATC,2720,150
ANAC_000840,2024-04-10,4,Wednesday,TAM,LA 4161,SBBR,SBCF,SBBR-SBCF,13:00,0,0,Cancelado,CLIMA,42213,174
ANAC_000841,2024-08-23,8,Friday,AZU,AD 2626,SBSP,SBRJ,SBSP-SBRJ,14:15,26,26,Atraso Leve (16-45 min),CONEX,2210,150
ANAC_000842,2024-08-09,8,Friday,GLO,G3 1508,SBRJ,SBSP,SBRJ-SBSP,21:00,11,1,Pontual (D15),PONTUAL,0,186
ANAC_000843,2024-06-13,6,Thursday,AZU,AD 3168,SBSV,SBBR,SBSV-SBBR,07:30,11,6,Pontual (D15),PONTUAL,0,138
ANAC_000844,2024-08-31,8,Saturday,GLO,G3 3936,SBCT,SBSV,SBCT-SBSV,15:45,14,-1,Pontual (D15),PONTUAL,0,174
ANAC_000845,2024-01-08,1,Monday,TAM,LA 1931,SBGR,SBBR,SBGR-SBBR,19:15,-9,4,Pontual (D15),PONTUAL,0,174
ANAC_000846,2024-11-20,11,Wednesday,GLO,G3 2602,SBRJ,SBSP,SBRJ-SBSP,17:00,10,-2,Pontual (D15),PONTUAL,0,186
ANAC_000847,2024-04-11,4,Thursday,GLO,G3 2258,SBGR,SBSV,SBGR-SBSV,20:15,-3,-5,Pontual (D15),PONTUAL,0,150
ANAC_000848,2024-09-13,9,Friday,GLO,G3 1703,SBKP,SBRF,SBKP-SBRF,22:30,2,-11,Pontual (D15),PONTUAL,0,150
ANAC_000849,2024-11-04,11,Monday,GLO,G3 1540,SBGR,SBPA,SBGR-SBPA,19:45,-2,-7,Pontual (D15),PONTUAL,0,174
ANAC_000850,2024-10-29,10,Tuesday,TAM,LA 1223,SBGR,SBBR,SBGR-SBBR,08:45,-8,-8,Pontual (D15),PONTUAL,0,186
ANAC_000851,2024-01-20,1,Saturday,TAM,LA 1614,SBRJ,SBSP,SBRJ-SBSP,06:15,2,-3,Pontual (D15),PONTUAL,0,162
ANAC_000852,2024-04-19,4,Friday,AZU,AD 2101,SBKP,SBCF,SBKP-SBCF,14:45,33,36,Atraso Leve (16-45 min),CONEX,2805,186
ANAC_000853,2024-10-15,10,Tuesday,GLO,G3 3263,SBBR,SBGR,SBBR-SBGR,12:45,5,-4,Pontual (D15),PONTUAL,0,150
ANAC_000854,2024-10-20,10,Sunday,GLO,G3 4454,SBCF,SBPA,SBCF-SBPA,06:00,8,1,Pontual (D15),PONTUAL,0,210
ANAC_000855,2024-04-12,4,Friday,GLO,G3 2635,SBGR,SBPA,SBGR-SBPA,22:00,16,13,Atraso Leve (16-45 min),ATC,1360,162
ANAC_000856,2024-01-05,1,Friday,AZU,AD 4533,SBPA,SBBR,SBPA-SBBR,15:00,-9,5,Pontual (D15),PONTUAL,0,150
ANAC_000857,2024-04-28,4,Sunday,TAM,LA 2994,SBKP,SBRF,SBKP-SBRF,12:30,9,9,Pontual (D15),PONTUAL,0,150
ANAC_000858,2024-03-25,3,Monday,TAM,LA 1714,SBGR,SBSV,SBGR-SBSV,08:30,103,104,Atraso Moderado (46-120 min),CONEX,15830,174
ANAC_000859,2024-08-26,8,Monday,GLO,G3 1741,SBSP,SBRJ,SBSP-SBRJ,18:15,74,78,Atraso Moderado (46-120 min),CONEX,12640,150
ANAC_000860,2024-04-17,4,Wednesday,TAM,LA 3893,SBBR,SBGR,SBBR-SBGR,07:30,0,0,Cancelado,CLIMA,53594,138
ANAC_000861,2024-03-27,3,Wednesday,TAM,LA 1077,SBRJ,SBSP,SBRJ-SBSP,18:15,0,0,Cancelado,CLIMA,61133,150
ANAC_000862,2024-10-11,10,Friday,TAM,LA 4920,SBBR,SBCF,SBBR-SBCF,07:30,-9,9,Pontual (D15),PONTUAL,0,138
ANAC_000863,2024-03-01,3,Friday,AZU,AD 1761,SBGR,SBBR,SBGR-SBBR,17:45,56,50,Atraso Moderado (46-120 min),ATC,10660,150
ANAC_000864,2024-05-13,5,Monday,AZU,AD 1039,SBBR,SBGR,SBBR-SBGR,12:15,5,4,Pontual (D15),PONTUAL,0,210
ANAC_000865,2024-01-08,1,Monday,TAM,LA 3180,SBBR,SBGR,SBBR-SBGR,08:15,-3,-6,Pontual (D15),PONTUAL,0,210
ANAC_000866,2024-01-28,1,Sunday,TAM,LA 3902,SBGR,SBSV,SBGR-SBSV,07:30,114,117,Atraso Moderado (46-120 min),CLIMA,17040,150
ANAC_000867,2024-09-08,9,Sunday,GLO,G3 1579,SBBR,SBCF,SBBR-SBCF,22:00,4,-10,Pontual (D15),PONTUAL,0,210
ANAC_000868,2024-09-27,9,Friday,GLO,G3 2435,SBBR,SBGR,SBBR-SBGR,06:00,8,4,Pontual (D15),PONTUAL,0,210
ANAC_000869,2024-12-28,12,Saturday,AZU,AD 2599,SBRF,SBRJ,SBRF-SBRJ,17:45,1,4,Pontual (D15),PONTUAL,0,210
ANAC_000870,2024-05-11,5,Saturday,TAM,LA 1459,SBKP,SBCF,SBKP-SBCF,18:00,-8,-10,Pontual (D15),PONTUAL,0,210
ANAC_000871,2024-04-30,4,Tuesday,AZU,AD 2592,SBSP,SBRJ,SBSP-SBRJ,14:30,-2,-2,Pontual (D15),PONTUAL,0,174
ANAC_000872,2024-09-25,9,Wednesday,GLO,G3 4113,SBCF,SBGR,SBCF-SBGR,19:30,39,36,Atraso Leve (16-45 min),SOLO,3315,174
ANAC_000873,2024-02-26,2,Monday,TAM,LA 1661,SBKP,SBSV,SBKP-SBSV,14:00,0,3,Pontual (D15),PONTUAL,0,210
ANAC_000874,2024-01-10,1,Wednesday,PTB,2Z 1475,SBKP,SBCF,SBKP-SBCF,07:45,2,1,Pontual (D15),PONTUAL,0,186
ANAC_000875,2024-01-26,1,Friday,TAM,LA 2634,SBKP,SBSP,SBKP-SBSP,19:45,50,46,Atraso Moderado (46-120 min),SOLO,10000,210
ANAC_000876,2024-07-10,7,Wednesday,AZU,AD 3337,SBSV,SBKP,SBSV-SBKP,11:15,-9,-8,Pontual (D15),PONTUAL,0,138
ANAC_000877,2024-06-13,6,Thursday,GLO,G3 1854,SBSV,SBKP,SBSV-SBKP,07:45,8,-6,Pontual (D15),PONTUAL,0,150
ANAC_000878,2024-04-05,4,Friday,AZU,AD 3171,SBRF,SBBR,SBRF-SBBR,18:15,-8,-2,Pontual (D15),PONTUAL,0,162
ANAC_000879,2024-10-03,10,Thursday,TAM,LA 4909,SBBR,SBRF,SBBR-SBRF,09:15,-1,6,Pontual (D15),PONTUAL,0,162
ANAC_000880,2024-05-31,5,Friday,GLO,G3 3368,SBBR,SBRF,SBBR-SBRF,18:45,3,0,Pontual (D15),PONTUAL,0,174
ANAC_000881,2024-10-30,10,Wednesday,TAM,LA 1159,SBGR,SBPA,SBGR-SBPA,17:30,96,106,Atraso Moderado (46-120 min),CLIMA,15060,138
ANAC_000882,2024-06-14,6,Friday,PTB,2Z 2197,SBBR,SBCF,SBBR-SBCF,22:00,3,-5,Pontual (D15),PONTUAL,0,186
ANAC_000883,2024-04-06,4,Saturday,AZU,AD 2175,SBRJ,SBSP,SBRJ-SBSP,13:45,14,1,Pontual (D15),PONTUAL,0,150
ANAC_000884,2024-04-04,4,Thursday,TAM,LA 4914,SBRJ,SBSP,SBRJ-SBSP,07:30,56,58,Atraso Moderado (46-120 min),ATC,10660,210
ANAC_000885,2024-06-18,6,Tuesday,GLO,G3 2723,SBKP,SBCF,SBKP-SBCF,07:00,9,-2,Pontual (D15),PONTUAL,0,174
ANAC_000886,2024-04-02,4,Tuesday,GLO,G3 1910,SBGR,SBPA,SBGR-SBPA,06:00,126,127,Atraso Severo (> 120 min),CLIMA,36680,174
ANAC_000887,2024-05-15,5,Wednesday,GLO,G3 1626,SBKP,SBRF,SBKP-SBRF,14:15,7,6,Pontual (D15),PONTUAL,0,210
ANAC_000888,2024-03-09,3,Saturday,GLO,G3 3483,SBGL,SBBR,SBGL-SBBR,15:45,-7,7,Pontual (D15),PONTUAL,0,174
ANAC_000889,2024-06-22,6,Saturday,TAM,LA 4453,SBKP,SBGL,SBKP-SBGL,19:45,-8,1,Pontual (D15),PONTUAL,0,150
ANAC_000890,2024-10-01,10,Tuesday,GLO,G3 4045,SBBR,SBCF,SBBR-SBCF,14:00,0,0,Cancelado,MANUT,63474,174
ANAC_000891,2024-12-04,12,Wednesday,GLO,G3 4653,SBRF,SBRJ,SBRF-SBRJ,09:00,61,59,Atraso Moderado (46-120 min),SOLO,11210,186
ANAC_000892,2024-08-06,8,Tuesday,TAM,LA 1863,SBGR,SBBR,SBGR-SBBR,21:30,-6,4,Pontual (D15),PONTUAL,0,186
ANAC_000893,2024-06-03,6,Monday,TAM,LA 3596,SBCF,SBKP,SBCF-SBKP,08:30,36,32,Atraso Leve (16-45 min),CONEX,3060,210
ANAC_000894,2024-01-14,1,Sunday,GLO,G3 4666,SBGR,SBSV,SBGR-SBSV,20:45,-1,-5,Pontual (D15),PONTUAL,0,174
ANAC_000895,2024-08-04,8,Sunday,GLO,G3 2549,SBGR,SBBR,SBGR-SBBR,15:30,27,24,Atraso Leve (16-45 min),CONEX,2295,162
ANAC_000896,2024-03-12,3,Tuesday,TAM,LA 4919,SBKP,SBBR,SBKP-SBBR,14:45,-3,13,Pontual (D15),PONTUAL,0,210
ANAC_000897,2024-02-07,2,Wednesday,AZU,AD 1113,SBRF,SBPA,SBRF-SBPA,09:00,1,4,Pontual (D15),PONTUAL,0,210
ANAC_000898,2024-06-22,6,Saturday,TAM,LA 4619,SBCF,SBKP,SBCF-SBKP,10:00,13,-9,Pontual (D15),PONTUAL,0,138
ANAC_000899,2024-06-07,6,Friday,GLO,G3 1579,SBGR,SBPA,SBGR-SBPA,10:15,12,-1,Pontual (D15),PONTUAL,0,210
ANAC_000900,2024-10-20,10,Sunday,TAM,LA 4162,SBBR,SBCF,SBBR-SBCF,16:45,-1,-5,Pontual (D15),PONTUAL,0,150
ANAC_000901,2024-09-28,9,Saturday,TAM,LA 1206,SBCF,SBKP,SBCF-SBKP,22:45,-5,11,Pontual (D15),PONTUAL,0,138
ANAC_000902,2024-02-12,2,Monday,TAM,LA 3691,SBKP,SBCF,SBKP-SBCF,10:00,-2,0,Pontual (D15),PONTUAL,0,210
ANAC_000903,2024-03-29,3,Friday,TAM,LA 1615,SBBR,SBGR,SBBR-SBGR,06:00,0,2,Pontual (D15),PONTUAL,0,138
ANAC_000904,2024-12-11,12,Wednesday,GLO,G3 2559,SBCT,SBCF,SBCT-SBCF,13:15,43,45,Atraso Leve (16-45 min),CONEX,3655,186
ANAC_000905,2024-02-29,2,Thursday,TAM,LA 2868,SBKP,SBCF,SBKP-SBCF,15:45,-5,-10,Pontual (D15),PONTUAL,0,186
ANAC_000906,2024-01-08,1,Monday,TAM,LA 4750,SBGR,SBBR,SBGR-SBBR,19:30,22,25,Atraso Leve (16-45 min),CONEX,1870,138
ANAC_000907,2024-07-17,7,Wednesday,TAM,LA 2622,SBSV,SBRJ,SBSV-SBRJ,18:15,13,13,Pontual (D15),PONTUAL,0,138
ANAC_000908,2024-03-31,3,Sunday,TAM,LA 3128,SBCF,SBKP,SBCF-SBKP,22:45,-2,2,Pontual (D15),PONTUAL,0,162
ANAC_000909,2024-12-15,12,Sunday,GLO,G3 2670,SBKP,SBCF,SBKP-SBCF,11:45,-8,-10,Pontual (D15),PONTUAL,0,210
ANAC_000910,2024-02-17,2,Saturday,GLO,G3 1024,SBCF,SBKP,SBCF-SBKP,11:00,34,38,Atraso Leve (16-45 min),ATC,2890,210
ANAC_000911,2024-11-11,11,Monday,GLO,G3 4637,SBRF,SBGL,SBRF-SBGL,07:00,-1,5,Pontual (D15),PONTUAL,0,138
ANAC_000912,2024-12-07,12,Saturday,TAM,LA 3429,SBCF,SBKP,SBCF-SBKP,21:45,7,-10,Pontual (D15),PONTUAL,0,186
ANAC_000913,2024-01-13,1,Saturday,GLO,G3 2114,SBRF,SBSP,SBRF-SBSP,19:45,5,-8,Pontual (D15),PONTUAL,0,186
ANAC_000914,2024-09-09,9,Monday,GLO,G3 2347,SBKP,SBCF,SBKP-SBCF,22:00,-9,7,Pontual (D15),PONTUAL,0,162
ANAC_000915,2024-05-11,5,Saturday,GLO,G3 4003,SBGL,SBCF,SBGL-SBCF,18:30,-6,-7,Pontual (D15),PONTUAL,0,150
ANAC_000916,2024-04-16,4,Tuesday,AZU,AD 1328,SBRJ,SBGR,SBRJ-SBGR,14:15,6,-7,Pontual (D15),PONTUAL,0,210
ANAC_000917,2024-10-30,10,Wednesday,AZU,AD 1983,SBSP,SBRJ,SBSP-SBRJ,19:30,134,134,Atraso Severo (> 120 min),CLIMA,38120,210
ANAC_000918,2024-10-27,10,Sunday,GLO,G3 4044,SBKP,SBCF,SBKP-SBCF,22:30,13,-6,Pontual (D15),PONTUAL,0,174
ANAC_000919,2024-03-22,3,Friday,AZU,AD 2822,SBGR,SBCF,SBGR-SBCF,19:15,-2,-7,Pontual (D15),PONTUAL,0,174
ANAC_000920,2024-03-17,3,Sunday,GLO,G3 3675,SBSP,SBRJ,SBSP-SBRJ,22:00,29,26,Atraso Leve (16-45 min),ATC,2465,162
ANAC_000921,2024-09-25,9,Wednesday,TAM,LA 4325,SBCT,SBCF,SBCT-SBCF,18:45,62,54,Atraso Moderado (46-120 min),CREW,11320,186
ANAC_000922,2024-06-05,6,Wednesday,AZU,AD 4026,SBGR,SBBR,SBGR-SBBR,16:00,-9,3,Pontual (D15),PONTUAL,0,186
ANAC_000923,2024-08-07,8,Wednesday,TAM,LA 4137,SBKP,SBCF,SBKP-SBCF,15:45,51,53,Atraso Moderado (46-120 min),SOLO,10110,210
ANAC_000924,2024-04-02,4,Tuesday,TAM,LA 4339,SBBR,SBCF,SBBR-SBCF,10:15,10,3,Pontual (D15),PONTUAL,0,210
ANAC_000925,2024-12-15,12,Sunday,GLO,G3 2793,SBSP,SBRJ,SBSP-SBRJ,09:45,0,-9,Pontual (D15),PONTUAL,0,138
ANAC_000926,2024-06-20,6,Thursday,TAM,LA 1808,SBRJ,SBSP,SBRJ-SBSP,20:00,27,27,Atraso Leve (16-45 min),CONEX,2295,174
ANAC_000927,2024-07-31,7,Wednesday,GLO,G3 1848,SBGR,SBPA,SBGR-SBPA,09:15,-6,7,Pontual (D15),PONTUAL,0,150
ANAC_000928,2024-08-24,8,Saturday,GLO,G3 2313,SBBR,SBCT,SBBR-SBCT,16:00,0,0,Cancelado,MANUT,48154,210
ANAC_000929,2024-11-30,11,Saturday,AZU,AD 4098,SBBR,SBCF,SBBR-SBCF,12:15,0,0,Pontual (D15),PONTUAL,0,138
ANAC_000930,2024-12-02,12,Monday,TAM,LA 3020,SBBR,SBCF,SBBR-SBCF,12:45,1,11,Pontual (D15),PONTUAL,0,174
ANAC_000931,2024-06-11,6,Tuesday,AZU,AD 4628,SBSP,SBRJ,SBSP-SBRJ,09:00,7,-4,Pontual (D15),PONTUAL,0,162
ANAC_000932,2024-03-07,3,Thursday,AZU,AD 3731,SBRF,SBRJ,SBRF-SBRJ,13:15,2,-3,Pontual (D15),PONTUAL,0,150
ANAC_000933,2024-07-12,7,Friday,TAM,LA 4801,SBGR,SBSV,SBGR-SBSV,10:30,24,24,Atraso Leve (16-45 min),CONEX,2040,162
ANAC_000934,2024-09-08,9,Sunday,AZU,AD 3253,SBCF,SBBR,SBCF-SBBR,14:15,-9,-4,Pontual (D15),PONTUAL,0,162
ANAC_000935,2024-02-13,2,Tuesday,GLO,G3 2399,SBRJ,SBGL,SBRJ-SBGL,11:00,-6,-1,Pontual (D15),PONTUAL,0,162
ANAC_000936,2024-06-23,6,Sunday,TAM,LA 1973,SBBR,SBGR,SBBR-SBGR,18:00,25,23,Atraso Leve (16-45 min),MANUT,2125,174
ANAC_000937,2024-03-30,3,Saturday,GLO,G3 4523,SBGR,SBBR,SBGR-SBBR,18:30,-4,11,Pontual (D15),PONTUAL,0,186
ANAC_000938,2024-11-02,11,Saturday,TAM,LA 4309,SBGR,SBSV,SBGR-SBSV,16:30,14,12,Pontual (D15),PONTUAL,0,162
ANAC_000939,2024-05-31,5,Friday,TAM,LA 3595,SBKP,SBRF,SBKP-SBRF,22:15,2,-6,Pontual (D15),PONTUAL,0,186
ANAC_000940,2024-10-07,10,Monday,TAM,LA 2561,SBRF,SBSP,SBRF-SBSP,21:00,146,148,Atraso Severo (> 120 min),CLIMA,40280,150
ANAC_000941,2024-05-23,5,Thursday,GLO,G3 4754,SBGR,SBBR,SBGR-SBBR,17:45,0,6,Pontual (D15),PONTUAL,0,210
ANAC_000942,2024-11-24,11,Sunday,GLO,G3 2321,SBGR,SBPA,SBGR-SBPA,11:45,7,-5,Pontual (D15),PONTUAL,0,150
ANAC_000943,2024-11-29,11,Friday,GLO,G3 1457,SBGR,SBSV,SBGR-SBSV,17:00,63,58,Atraso Moderado (46-120 min),CLIMA,11430,150
ANAC_000944,2024-09-13,9,Friday,GLO,G3 4338,SBKP,SBCF,SBKP-SBCF,14:30,13,10,Pontual (D15),PONTUAL,0,150
ANAC_000945,2024-06-29,6,Saturday,PTB,2Z 2438,SBRJ,SBSP,SBRJ-SBSP,22:30,106,115,Atraso Moderado (46-120 min),CLIMA,16160,162
ANAC_000946,2024-10-22,10,Tuesday,GLO,G3 2792,SBBR,SBGR,SBBR-SBGR,22:00,122,104,Atraso Severo (> 120 min),CLIMA,35960,138
ANAC_000947,2024-05-16,5,Thursday,AZU,AD 4392,SBKP,SBRF,SBKP-SBRF,11:45,-1,-8,Pontual (D15),PONTUAL,0,150
ANAC_000948,2024-07-19,7,Friday,GLO,G3 2080,SBKP,SBRF,SBKP-SBRF,09:00,47,40,Atraso Moderado (46-120 min),CONEX,9670,186
ANAC_000949,2024-05-21,5,Tuesday,GLO,G3 2102,SBBR,SBCF,SBBR-SBCF,10:30,0,0,Cancelado,MANUT,51888,210
ANAC_000950,2024-11-25,11,Monday,AZU,AD 4776,SBGR,SBBR,SBGR-SBBR,17:00,0,11,Pontual (D15),PONTUAL,0,210
ANAC_000951,2024-04-15,4,Monday,AZU,AD 4769,SBSP,SBRJ,SBSP-SBRJ,21:30,10,10,Pontual (D15),PONTUAL,0,150
ANAC_000952,2024-04-15,4,Monday,TAM,LA 3713,SBSP,SBRJ,SBSP-SBRJ,22:00,0,0,Cancelado,CLIMA,74543,210
ANAC_000953,2024-05-19,5,Sunday,TAM,LA 4071,SBCF,SBBR,SBCF-SBBR,19:15,125,119,Atraso Severo (> 120 min),CLIMA,36500,138
ANAC_000954,2024-09-18,9,Wednesday,AZU,AD 1705,SBPA,SBBR,SBPA-SBBR,19:00,139,142,Atraso Severo (> 120 min),MANUT,39020,186
ANAC_000955,2024-08-02,8,Friday,GLO,G3 4879,SBSP,SBRJ,SBSP-SBRJ,07:15,4,13,Pontual (D15),PONTUAL,0,174
ANAC_000956,2024-03-20,3,Wednesday,GLO,G3 4763,SBGR,SBSV,SBGR-SBSV,21:30,55,59,Atraso Moderado (46-120 min),CREW,10550,210
ANAC_000957,2024-08-08,8,Thursday,TAM,LA 2986,SBGL,SBRF,SBGL-SBRF,20:15,13,-3,Pontual (D15),PONTUAL,0,162
ANAC_000958,2024-02-26,2,Monday,GLO,G3 1077,SBBR,SBGR,SBBR-SBGR,22:45,1,-8,Pontual (D15),PONTUAL,0,150
ANAC_000959,2024-04-17,4,Wednesday,GLO,G3 4257,SBRJ,SBSP,SBRJ-SBSP,21:45,5,3,Pontual (D15),PONTUAL,0,174
ANAC_000960,2024-08-14,8,Wednesday,TAM,LA 2174,SBSP,SBRJ,SBSP-SBRJ,14:45,-7,-6,Pontual (D15),PONTUAL,0,186
ANAC_000961,2024-09-11,9,Wednesday,TAM,LA 2139,SBPA,SBKP,SBPA-SBKP,21:00,-8,-11,Pontual (D15),PONTUAL,0,210
ANAC_000962,2024-11-30,11,Saturday,TAM,LA 4675,SBRJ,SBSP,SBRJ-SBSP,07:00,0,-5,Pontual (D15),PONTUAL,0,186
ANAC_000963,2024-03-15,3,Friday,AZU,AD 4611,SBBR,SBRF,SBBR-SBRF,18:15,11,-11,Pontual (D15),PONTUAL,0,186
ANAC_000964,2024-04-26,4,Friday,TAM,LA 3246,SBKP,SBCF,SBKP-SBCF,16:15,13,7,Pontual (D15),PONTUAL,0,186
ANAC_000965,2024-12-19,12,Thursday,TAM,LA 4445,SBKP,SBRJ,SBKP-SBRJ,09:45,0,12,Pontual (D15),PONTUAL,0,174
ANAC_000966,2024-06-23,6,Sunday,GLO,G3 3000,SBGR,SBSV,SBGR-SBSV,08:15,68,60,Atraso Moderado (46-120 min),MANUT,11980,150
ANAC_000967,2024-11-01,11,Friday,TAM,LA 2517,SBGR,SBSV,SBGR-SBSV,09:15,8,12,Pontual (D15),PONTUAL,0,138
ANAC_000968,2024-04-11,4,Thursday,TAM,LA 2433,SBPA,SBCF,SBPA-SBCF,09:00,73,67,Atraso Moderado (46-120 min),CLIMA,12530,174
ANAC_000969,2024-05-15,5,Wednesday,AZU,AD 3044,SBGR,SBSV,SBGR-SBSV,07:30,25,23,Atraso Leve (16-45 min),ATC,2125,138
ANAC_000970,2024-11-15,11,Friday,TAM,LA 1080,SBRF,SBRJ,SBRF-SBRJ,16:00,11,1,Pontual (D15),PONTUAL,0,186
ANAC_000971,2024-11-16,11,Saturday,GLO,G3 2871,SBGR,SBPA,SBGR-SBPA,16:30,65,74,Atraso Moderado (46-120 min),CONEX,11650,210
ANAC_000972,2024-06-27,6,Thursday,AZU,AD 4984,SBGR,SBPA,SBGR-SBPA,09:15,99,99,Atraso Moderado (46-120 min),MANUT,15390,210
ANAC_000973,2024-12-10,12,Tuesday,TAM,LA 3625,SBRJ,SBSP,SBRJ-SBSP,13:30,7,7,Pontual (D15),PONTUAL,0,174
ANAC_000974,2024-10-29,10,Tuesday,AZU,AD 1794,SBRF,SBCF,SBRF-SBCF,11:15,-3,-6,Pontual (D15),PONTUAL,0,174
ANAC_000975,2024-08-12,8,Monday,AZU,AD 1464,SBGR,SBPA,SBGR-SBPA,20:30,49,42,Atraso Moderado (46-120 min),CONEX,9890,186
ANAC_000976,2024-10-14,10,Monday,GLO,G3 3582,SBGL,SBGR,SBGL-SBGR,15:30,-3,1,Pontual (D15),PONTUAL,0,162
ANAC_000977,2024-11-23,11,Saturday,PTB,2Z 1940,SBCF,SBKP,SBCF-SBKP,20:45,5,0,Pontual (D15),PONTUAL,0,174
ANAC_000978,2024-08-09,8,Friday,TAM,LA 2499,SBRJ,SBSP,SBRJ-SBSP,12:00,12,12,Pontual (D15),PONTUAL,0,174
ANAC_000979,2024-01-02,1,Tuesday,GLO,G3 2207,SBSV,SBPA,SBSV-SBPA,07:15,0,-6,Pontual (D15),PONTUAL,0,138
ANAC_000980,2024-12-21,12,Saturday,GLO,G3 3835,SBKP,SBRF,SBKP-SBRF,19:45,58,55,Atraso Moderado (46-120 min),SOLO,10880,150
ANAC_000981,2024-06-26,6,Wednesday,TAM,LA 1468,SBGL,SBCF,SBGL-SBCF,12:30,-8,8,Pontual (D15),PONTUAL,0,186
ANAC_000982,2024-02-04,2,Sunday,AZU,AD 2408,SBGL,SBSV,SBGL-SBSV,17:30,-6,-1,Pontual (D15),PONTUAL,0,162
ANAC_000983,2024-03-04,3,Monday,AZU,AD 2401,SBGR,SBBR,SBGR-SBBR,14:00,18,19,Atraso Leve (16-45 min),CONEX,1530,174
ANAC_000984,2024-04-13,4,Saturday,TAM,LA 3866,SBGR,SBSV,SBGR-SBSV,15:45,6,0,Pontual (D15),PONTUAL,0,186
ANAC_000985,2024-11-15,11,Friday,GLO,G3 1755,SBRJ,SBSP,SBRJ-SBSP,21:00,-7,0,Pontual (D15),PONTUAL,0,210
ANAC_000986,2024-03-25,3,Monday,TAM,LA 3631,SBRJ,SBSP,SBRJ-SBSP,16:30,0,13,Pontual (D15),PONTUAL,0,174
ANAC_000987,2024-12-01,12,Sunday,GLO,G3 3172,SBKP,SBCF,SBKP-SBCF,22:15,14,6,Pontual (D15),PONTUAL,0,210
ANAC_000988,2024-12-05,12,Thursday,TAM,LA 4868,SBGR,SBSV,SBGR-SBSV,15:30,-3,-11,Pontual (D15),PONTUAL,0,162
ANAC_000989,2024-08-20,8,Tuesday,TAM,LA 3491,SBSP,SBRJ,SBSP-SBRJ,17:45,47,46,Atraso Moderado (46-120 min),ATC,9670,210
ANAC_000990,2024-03-23,3,Saturday,GLO,G3 4539,SBKP,SBRF,SBKP-SBRF,12:45,50,57,Atraso Moderado (46-120 min),CLIMA,10000,162
ANAC_000991,2024-06-03,6,Monday,PTB,2Z 3806,SBRJ,SBSP,SBRJ-SBSP,06:45,13,5,Pontual (D15),PONTUAL,0,68
ANAC_000992,2024-10-04,10,Friday,GLO,G3 4307,SBSP,SBRJ,SBSP-SBRJ,09:00,13,-9,Pontual (D15),PONTUAL,0,210
ANAC_000993,2024-04-14,4,Sunday,GLO,G3 4376,SBBR,SBCF,SBBR-SBCF,10:15,-8,3,Pontual (D15),PONTUAL,0,162
ANAC_000994,2024-01-01,1,Monday,AZU,AD 2351,SBBR,SBCF,SBBR-SBCF,20:30,6,13,Pontual (D15),PONTUAL,0,210
ANAC_000995,2024-09-18,9,Wednesday,GLO,G3 1564,SBCF,SBKP,SBCF-SBKP,16:30,4,-2,Pontual (D15),PONTUAL,0,174
ANAC_000996,2024-09-03,9,Tuesday,AZU,AD 1833,SBCF,SBKP,SBCF-SBKP,11:30,-6,13,Pontual (D15),PONTUAL,0,210
ANAC_000997,2024-03-18,3,Monday,GLO,G3 4946,SBBR,SBCF,SBBR-SBCF,17:45,18,19,Atraso Leve (16-45 min),CREW,1530,162
ANAC_000998,2024-04-17,4,Wednesday,GLO,G3 4673,SBCF,SBBR,SBCF-SBBR,22:15,9,13,Pontual (D15),PONTUAL,0,162
ANAC_000999,2024-07-11,7,Thursday,GLO,G3 3097,SBKP,SBCF,SBKP-SBCF,18:45,-5,8,Pontual (D15),PONTUAL,0,150
ANAC_001000,2024-05-13,5,Monday,AZU,AD 4415,SBCF,SBKP,SBCF-SBKP,14:15,12,0,Pontual (D15),PONTUAL,0,150
ANAC_001001,2024-12-11,12,Wednesday,GLO,G3 4714,SBBR,SBGR,SBBR-SBGR,06:30,69,67,Atraso Moderado (46-120 min),MANUT,12090,210
ANAC_001002,2024-04-11,4,Thursday,TAM,LA 4744,SBCF,SBGL,SBCF-SBGL,12:15,13,10,Pontual (D15),PONTUAL,0,150
ANAC_001003,2024-02-07,2,Wednesday,TAM,LA 2643,SBBR,SBGR,SBBR-SBGR,11:45,43,38,Atraso Leve (16-45 min),CREW,3655,174
ANAC_001004,2024-10-25,10,Friday,TAM,LA 1682,SBBR,SBGR,SBBR-SBGR,17:15,6,0,Pontual (D15),PONTUAL,0,210
ANAC_001005,2024-01-15,1,Monday,GLO,G3 4563,SBKP,SBCF,SBKP-SBCF,17:45,10,0,Pontual (D15),PONTUAL,0,186
ANAC_001006,2024-08-13,8,Tuesday,AZU,AD 4312,SBGR,SBPA,SBGR-SBPA,13:45,5,-1,Pontual (D15),PONTUAL,0,162
ANAC_001007,2024-11-26,11,Tuesday,GLO,G3 3291,SBCF,SBKP,SBCF-SBKP,16:15,9,-5,Pontual (D15),PONTUAL,0,186
ANAC_001008,2024-10-06,10,Sunday,GLO,G3 2225,SBBR,SBCF,SBBR-SBCF,20:45,-3,0,Pontual (D15),PONTUAL,0,150
ANAC_001009,2024-11-04,11,Monday,AZU,AD 2185,SBGL,SBSV,SBGL-SBSV,09:00,51,50,Atraso Moderado (46-120 min),CONEX,10110,150
ANAC_001010,2024-01-26,1,Friday,TAM,LA 3970,SBBR,SBCF,SBBR-SBCF,11:30,-3,6,Pontual (D15),PONTUAL,0,138
ANAC_001011,2024-04-29,4,Monday,AZU,AD 1993,SBCF,SBKP,SBCF-SBKP,17:30,12,9,Pontual (D15),PONTUAL,0,150
ANAC_001012,2024-11-28,11,Thursday,GLO,G3 2282,SBKP,SBRF,SBKP-SBRF,18:00,0,0,Cancelado,CLIMA,60727,138
ANAC_001013,2024-12-17,12,Tuesday,AZU,AD 3203,SBRJ,SBSP,SBRJ-SBSP,20:15,37,34,Atraso Leve (16-45 min),ATC,3145,174
ANAC_001014,2024-10-09,10,Wednesday,AZU,AD 3251,SBGR,SBGL,SBGR-SBGL,12:00,21,23,Atraso Leve (16-45 min),ATC,1785,162
ANAC_001015,2024-01-13,1,Saturday,GLO,G3 4681,SBBR,SBGR,SBBR-SBGR,22:45,-2,1,Pontual (D15),PONTUAL,0,210
ANAC_001016,2024-05-29,5,Wednesday,GLO,G3 3775,SBSP,SBRJ,SBSP-SBRJ,09:30,-2,8,Pontual (D15),PONTUAL,0,210
ANAC_001017,2024-08-20,8,Tuesday,AZU,AD 2975,SBGR,SBPA,SBGR-SBPA,22:30,6,0,Pontual (D15),PONTUAL,0,138
ANAC_001018,2024-08-23,8,Friday,AZU,AD 3513,SBGR,SBPA,SBGR-SBPA,20:15,0,-1,Pontual (D15),PONTUAL,0,174
ANAC_001019,2024-07-08,7,Monday,GLO,G3 4570,SBBR,SBKP,SBBR-SBKP,11:45,36,34,Atraso Leve (16-45 min),ATC,3060,162
ANAC_001020,2024-11-11,11,Monday,GLO,G3 3070,SBBR,SBGR,SBBR-SBGR,22:45,0,12,Pontual (D15),PONTUAL,0,138
ANAC_001021,2024-09-02,9,Monday,GLO,G3 2246,SBBR,SBGR,SBBR-SBGR,12:45,7,-11,Pontual (D15),PONTUAL,0,162
ANAC_001022,2024-05-27,5,Monday,GLO,G3 4861,SBCF,SBKP,SBCF-SBKP,18:00,3,-1,Pontual (D15),PONTUAL,0,162
ANAC_001023,2024-05-21,5,Tuesday,TAM,LA 4232,SBBR,SBGR,SBBR-SBGR,19:30,-6,9,Pontual (D15),PONTUAL,0,186
ANAC_001024,2024-03-11,3,Monday,AZU,AD 1579,SBBR,SBGR,SBBR-SBGR,18:00,97,96,Atraso Moderado (46-120 min),CLIMA,15170,174
ANAC_001025,2024-12-22,12,Sunday,TAM,LA 4619,SBCF,SBKP,SBCF-SBKP,18:30,5,-9,Pontual (D15),PONTUAL,0,210
ANAC_001026,2024-07-11,7,Thursday,AZU,AD 1942,SBRJ,SBSP,SBRJ-SBSP,16:00,0,0,Cancelado,CLIMA,65982,174
ANAC_001027,2024-12-12,12,Thursday,AZU,AD 1263,SBBR,SBGR,SBBR-SBGR,09:45,75,70,Atraso Moderado (46-120 min),CLIMA,12750,186
ANAC_001028,2024-09-27,9,Friday,TAM,LA 4329,SBCF,SBKP,SBCF-SBKP,17:15,0,-4,Pontual (D15),PONTUAL,0,186
ANAC_001029,2024-12-13,12,Friday,TAM,LA 1889,SBPA,SBGL,SBPA-SBGL,20:30,2,-5,Pontual (D15),PONTUAL,0,186
ANAC_001030,2024-12-07,12,Saturday,GLO,G3 3811,SBRJ,SBRF,SBRJ-SBRF,10:30,-2,11,Pontual (D15),PONTUAL,0,210
ANAC_001031,2024-04-20,4,Saturday,AZU,AD 4654,SBBR,SBCF,SBBR-SBCF,19:15,37,37,Atraso Leve (16-45 min),SOLO,3145,162
ANAC_001032,2024-09-04,9,Wednesday,GLO,G3 3822,SBGR,SBSV,SBGR-SBSV,21:00,-8,-6,Pontual (D15),PONTUAL,0,186
ANAC_001033,2024-12-04,12,Wednesday,TAM,LA 3800,SBGR,SBPA,SBGR-SBPA,12:15,0,0,Cancelado,CLIMA,47150,138
ANAC_001034,2024-12-07,12,Saturday,TAM,LA 1823,SBRJ,SBSP,SBRJ-SBSP,15:15,10,10,Pontual (D15),PONTUAL,0,186
ANAC_001035,2024-08-11,8,Sunday,TAM,LA 4942,SBPA,SBGL,SBPA-SBGL,09:15,20,20,Atraso Leve (16-45 min),CREW,1700,150
ANAC_001036,2024-06-10,6,Monday,TAM,LA 3615,SBRJ,SBSP,SBRJ-SBSP,20:30,-6,11,Pontual (D15),PONTUAL,0,150
ANAC_001037,2024-09-26,9,Thursday,GLO,G3 1444,SBRJ,SBSP,SBRJ-SBSP,19:15,29,32,Atraso Leve (16-45 min),CREW,2465,186
ANAC_001038,2024-02-09,2,Friday,TAM,LA 2970,SBKP,SBRF,SBKP-SBRF,21:00,5,-2,Pontual (D15),PONTUAL,0,210
ANAC_001039,2024-05-18,5,Saturday,GLO,G3 4439,SBBR,SBGR,SBBR-SBGR,06:15,-9,9,Pontual (D15),PONTUAL,0,138
ANAC_001040,2024-05-28,5,Tuesday,GLO,G3 2916,SBBR,SBCF,SBBR-SBCF,15:45,8,-11,Pontual (D15),PONTUAL,0,150
ANAC_001041,2024-01-19,1,Friday,GLO,G3 1548,SBSV,SBBR,SBSV-SBBR,14:45,-3,4,Pontual (D15),PONTUAL,0,138
ANAC_001042,2024-11-21,11,Thursday,TAM,LA 3821,SBKP,SBRF,SBKP-SBRF,21:15,-4,-6,Pontual (D15),PONTUAL,0,210
ANAC_001043,2024-09-28,9,Saturday,GLO,G3 1058,SBRJ,SBSP,SBRJ-SBSP,08:00,46,42,Atraso Moderado (46-120 min),ATC,9560,210
ANAC_001044,2024-06-05,6,Wednesday,AZU,AD 2638,SBKP,SBCF,SBKP-SBCF,13:30,-1,-1,Pontual (D15),PONTUAL,0,186
ANAC_001045,2024-10-28,10,Monday,TAM,LA 2547,SBKP,SBCF,SBKP-SBCF,11:45,14,-9,Pontual (D15),PONTUAL,0,174
ANAC_001046,2024-04-17,4,Wednesday,GLO,G3 4510,SBBR,SBGR,SBBR-SBGR,10:30,-3,-5,Pontual (D15),PONTUAL,0,174
ANAC_001047,2024-04-05,4,Friday,AZU,AD 3917,SBSV,SBGL,SBSV-SBGL,15:15,22,23,Atraso Leve (16-45 min),CREW,1870,138
ANAC_001048,2024-06-17,6,Monday,AZU,AD 4336,SBBR,SBRJ,SBBR-SBRJ,19:30,42,45,Atraso Leve (16-45 min),CREW,3570,150
ANAC_001049,2024-05-13,5,Monday,TAM,LA 3639,SBRJ,SBSP,SBRJ-SBSP,13:00,3,-9,Pontual (D15),PONTUAL,0,162
ANAC_001050,2024-08-29,8,Thursday,AZU,AD 2059,SBRJ,SBSP,SBRJ-SBSP,14:15,67,72,Atraso Moderado (46-120 min),CLIMA,11870,174
ANAC_001051,2024-10-04,10,Friday,AZU,AD 4149,SBKP,SBRF,SBKP-SBRF,22:15,-5,-6,Pontual (D15),PONTUAL,0,162
ANAC_001052,2024-02-27,2,Tuesday,TAM,LA 3957,SBKP,SBSP,SBKP-SBSP,15:00,10,-1,Pontual (D15),PONTUAL,0,186
ANAC_001053,2024-01-18,1,Thursday,GLO,G3 1188,SBBR,SBGR,SBBR-SBGR,08:45,75,65,Atraso Moderado (46-120 min),CONEX,12750,210
ANAC_001054,2024-06-06,6,Thursday,TAM,LA 4799,SBSV,SBGR,SBSV-SBGR,14:00,-6,-3,Pontual (D15),PONTUAL,0,138
ANAC_001055,2024-10-24,10,Thursday,AZU,AD 3486,SBCF,SBGL,SBCF-SBGL,10:00,13,-8,Pontual (D15),PONTUAL,0,174
ANAC_001056,2024-01-13,1,Saturday,TAM,LA 2537,SBRJ,SBSP,SBRJ-SBSP,17:45,52,51,Atraso Moderado (46-120 min),CONEX,10220,150
ANAC_001057,2024-01-30,1,Tuesday,GLO,G3 2123,SBBR,SBGR,SBBR-SBGR,22:15,10,-6,Pontual (D15),PONTUAL,0,210
ANAC_001058,2024-02-24,2,Saturday,GLO,G3 3413,SBGR,SBSV,SBGR-SBSV,07:00,16,16,Atraso Leve (16-45 min),CONEX,1360,138
ANAC_001059,2024-03-27,3,Wednesday,GLO,G3 3395,SBGR,SBBR,SBGR-SBBR,16:15,-4,13,Pontual (D15),PONTUAL,0,150
ANAC_001060,2024-08-11,8,Sunday,GLO,G3 1529,SBGR,SBBR,SBGR-SBBR,06:30,3,10,Pontual (D15),PONTUAL,0,210
ANAC_001061,2024-08-30,8,Friday,AZU,AD 1466,SBCT,SBRF,SBCT-SBRF,11:30,0,12,Pontual (D15),PONTUAL,0,138
ANAC_001062,2024-04-05,4,Friday,GLO,G3 1831,SBCT,SBGL,SBCT-SBGL,09:45,7,3,Pontual (D15),PONTUAL,0,186
ANAC_001063,2024-03-01,3,Friday,TAM,LA 1774,SBSV,SBGL,SBSV-SBGL,10:15,24,24,Atraso Leve (16-45 min),ATC,2040,174
ANAC_001064,2024-09-27,9,Friday,TAM,LA 2642,SBCT,SBRJ,SBCT-SBRJ,22:15,-8,12,Pontual (D15),PONTUAL,0,174
ANAC_001065,2024-03-02,3,Saturday,TAM,LA 2535,SBBR,SBGR,SBBR-SBGR,20:30,3,-6,Pontual (D15),PONTUAL,0,162
ANAC_001066,2024-01-13,1,Saturday,AZU,AD 2080,SBGL,SBBR,SBGL-SBBR,22:45,4,-8,Pontual (D15),PONTUAL,0,138
ANAC_001067,2024-07-16,7,Tuesday,TAM,LA 2421,SBSP,SBRJ,SBSP-SBRJ,12:30,-7,-9,Pontual (D15),PONTUAL,0,150
ANAC_001068,2024-10-12,10,Saturday,GLO,G3 3923,SBCT,SBCF,SBCT-SBCF,15:45,0,6,Pontual (D15),PONTUAL,0,210
ANAC_001069,2024-11-16,11,Saturday,AZU,AD 2405,SBSP,SBRJ,SBSP-SBRJ,18:00,-6,3,Pontual (D15),PONTUAL,0,186
ANAC_001070,2024-01-05,1,Friday,GLO,G3 1497,SBGR,SBSV,SBGR-SBSV,22:45,-8,4,Pontual (D15),PONTUAL,0,138
ANAC_001071,2024-02-22,2,Thursday,GLO,G3 1289,SBSP,SBRJ,SBSP-SBRJ,09:45,1,8,Pontual (D15),PONTUAL,0,186
ANAC_001072,2024-12-04,12,Wednesday,GLO,G3 1372,SBGR,SBBR,SBGR-SBBR,18:30,0,0,Pontual (D15),PONTUAL,0,174
ANAC_001073,2024-01-19,1,Friday,TAM,LA 4571,SBGR,SBSV,SBGR-SBSV,14:45,-4,1,Pontual (D15),PONTUAL,0,150
ANAC_001074,2024-01-08,1,Monday,GLO,G3 1482,SBBR,SBGR,SBBR-SBGR,19:45,75,85,Atraso Moderado (46-120 min),CLIMA,12750,210
ANAC_001075,2024-03-07,3,Thursday,TAM,LA 2976,SBRJ,SBSP,SBRJ-SBSP,06:45,-9,0,Pontual (D15),PONTUAL,0,186
ANAC_001076,2024-01-13,1,Saturday,AZU,AD 2925,SBKP,SBCF,SBKP-SBCF,09:00,16,17,Atraso Leve (16-45 min),ATC,1360,138
ANAC_001077,2024-03-16,3,Saturday,TAM,LA 1257,SBCF,SBSP,SBCF-SBSP,16:30,4,-7,Pontual (D15),PONTUAL,0,162
ANAC_001078,2024-03-30,3,Saturday,TAM,LA 2195,SBRF,SBCF,SBRF-SBCF,22:15,0,0,Cancelado,MANUT,58894,174
ANAC_001079,2024-01-22,1,Monday,AZU,AD 2008,SBGL,SBSP,SBGL-SBSP,21:45,-5,5,Pontual (D15),PONTUAL,0,186
ANAC_001080,2024-06-24,6,Monday,TAM,LA 2486,SBRJ,SBCT,SBRJ-SBCT,13:15,-4,-10,Pontual (D15),PONTUAL,0,162
ANAC_001081,2024-09-27,9,Friday,TAM,LA 1892,SBBR,SBCF,SBBR-SBCF,19:15,5,13,Pontual (D15),PONTUAL,0,138
ANAC_001082,2024-08-26,8,Monday,GLO,G3 4741,SBBR,SBGR,SBBR-SBGR,12:15,14,-9,Pontual (D15),PONTUAL,0,162
ANAC_001083,2024-03-26,3,Tuesday,TAM,LA 1689,SBGL,SBCF,SBGL-SBCF,13:00,10,-3,Pontual (D15),PONTUAL,0,162
ANAC_001084,2024-12-05,12,Thursday,TAM,LA 1527,SBGR,SBKP,SBGR-SBKP,19:00,-4,-11,Pontual (D15),PONTUAL,0,150
ANAC_001085,2024-10-02,10,Wednesday,GLO,G3 4856,SBGR,SBSV,SBGR-SBSV,18:30,37,36,Atraso Leve (16-45 min),ATC,3145,210
ANAC_001086,2024-11-01,11,Friday,GLO,G3 3650,SBGR,SBPA,SBGR-SBPA,18:45,0,0,Cancelado,MANUT,56179,138
ANAC_001087,2024-08-18,8,Sunday,AZU,AD 2597,SBGR,SBBR,SBGR-SBBR,20:00,6,-11,Pontual (D15),PONTUAL,0,210
ANAC_001088,2024-05-16,5,Thursday,GLO,G3 2738,SBCF,SBKP,SBCF-SBKP,16:00,-1,3,Pontual (D15),PONTUAL,0,138
ANAC_001089,2024-09-01,9,Sunday,TAM,LA 2904,SBKP,SBCF,SBKP-SBCF,06:00,-3,-4,Pontual (D15),PONTUAL,0,174
ANAC_001090,2024-11-10,11,Sunday,TAM,LA 4116,SBKP,SBBR,SBKP-SBBR,21:15,21,18,Atraso Leve (16-45 min),ATC,1785,210
ANAC_001091,2024-10-17,10,Thursday,TAM,LA 4987,SBSP,SBRJ,SBSP-SBRJ,19:45,-4,-10,Pontual (D15),PONTUAL,0,162
ANAC_001092,2024-02-19,2,Monday,TAM,LA 4208,SBCF,SBBR,SBCF-SBBR,07:45,-8,-11,Pontual (D15),PONTUAL,0,138
ANAC_001093,2024-05-14,5,Tuesday,TAM,LA 2683,SBBR,SBGR,SBBR-SBGR,19:45,-7,-11,Pontual (D15),PONTUAL,0,138
ANAC_001094,2024-02-18,2,Sunday,GLO,G3 4729,SBBR,SBSV,SBBR-SBSV,13:30,13,12,Pontual (D15),PONTUAL,0,174
ANAC_001095,2024-04-22,4,Monday,TAM,LA 1232,SBSP,SBRJ,SBSP-SBRJ,13:15,-4,-10,Pontual (D15),PONTUAL,0,162
ANAC_001096,2024-02-03,2,Saturday,TAM,LA 2923,SBSP,SBRJ,SBSP-SBRJ,19:15,-3,5,Pontual (D15),PONTUAL,0,210
ANAC_001097,2024-12-18,12,Wednesday,GLO,G3 1359,SBGR,SBPA,SBGR-SBPA,07:30,0,-1,Pontual (D15),PONTUAL,0,186
ANAC_001098,2024-01-16,1,Tuesday,AZU,AD 3473,SBSP,SBRJ,SBSP-SBRJ,08:45,4,6,Pontual (D15),PONTUAL,0,138
ANAC_001099,2024-09-16,9,Monday,GLO,G3 1240,SBGR,SBPA,SBGR-SBPA,20:30,88,81,Atraso Moderado (46-120 min),CLIMA,14180,162
ANAC_001100,2024-05-15,5,Wednesday,AZU,AD 4356,SBBR,SBCF,SBBR-SBCF,10:15,1,7,Pontual (D15),PONTUAL,0,186
ANAC_001101,2024-04-25,4,Thursday,AZU,AD 4299,SBSP,SBRJ,SBSP-SBRJ,15:15,-2,0,Pontual (D15),PONTUAL,0,138
ANAC_001102,2024-09-10,9,Tuesday,PTB,2Z 1398,SBGR,SBBR,SBGR-SBBR,17:15,9,-5,Pontual (D15),PONTUAL,0,162
ANAC_001103,2024-05-10,5,Friday,GLO,G3 2721,SBGR,SBPA,SBGR-SBPA,12:45,-8,10,Pontual (D15),PONTUAL,0,210
ANAC_001104,2024-08-18,8,Sunday,TAM,LA 1400,SBBR,SBGR,SBBR-SBGR,15:15,-8,-9,Pontual (D15),PONTUAL,0,210
ANAC_001105,2024-10-06,10,Sunday,TAM,LA 1307,SBGR,SBBR,SBGR-SBBR,17:00,-3,12,Pontual (D15),PONTUAL,0,150
ANAC_001106,2024-10-11,10,Friday,GLO,G3 2260,SBBR,SBGR,SBBR-SBGR,09:00,-1,9,Pontual (D15),PONTUAL,0,162
ANAC_001107,2024-04-22,4,Monday,AZU,AD 2057,SBRJ,SBSP,SBRJ-SBSP,21:45,-2,2,Pontual (D15),PONTUAL,0,174
ANAC_001108,2024-07-27,7,Saturday,TAM,LA 3440,SBKP,SBRF,SBKP-SBRF,08:30,-3,-4,Pontual (D15),PONTUAL,0,210
ANAC_001109,2024-08-31,8,Saturday,PTB,2Z 4775,SBBR,SBGR,SBBR-SBGR,19:45,-6,2,Pontual (D15),PONTUAL,0,138
ANAC_001110,2024-02-01,2,Thursday,GLO,G3 1962,SBGR,SBCF,SBGR-SBCF,18:30,71,61,Atraso Moderado (46-120 min),MANUT,12310,186
ANAC_001111,2024-09-09,9,Monday,AZU,AD 3378,SBBR,SBCF,SBBR-SBCF,18:00,38,38,Atraso Leve (16-45 min),MANUT,3230,186
ANAC_001112,2024-08-13,8,Tuesday,GLO,G3 2425,SBBR,SBGR,SBBR-SBGR,21:30,14,0,Pontual (D15),PONTUAL,0,150
ANAC_001113,2024-10-04,10,Friday,PTB,2Z 4834,SBBR,SBGR,SBBR-SBGR,20:45,120,119,Atraso Moderado (46-120 min),CONEX,17700,174
ANAC_001114,2024-07-01,7,Monday,TAM,LA 3275,SBRJ,SBBR,SBRJ-SBBR,19:45,59,65,Atraso Moderado (46-120 min),CONEX,10990,210
ANAC_001115,2024-01-16,1,Tuesday,GLO,G3 3044,SBSP,SBRJ,SBSP-SBRJ,13:30,20,21,Atraso Leve (16-45 min),CONEX,1700,174
ANAC_001116,2024-09-02,9,Monday,GLO,G3 4992,SBGR,SBSV,SBGR-SBSV,09:30,129,121,Atraso Severo (> 120 min),CLIMA,37220,210
ANAC_001117,2024-12-04,12,Wednesday,GLO,G3 1036,SBKP,SBPA,SBKP-SBPA,12:00,9,1,Pontual (D15),PONTUAL,0,162
ANAC_001118,2024-05-06,5,Monday,AZU,AD 3908,SBKP,SBCF,SBKP-SBCF,14:30,0,9,Pontual (D15),PONTUAL,0,162
ANAC_001119,2024-09-15,9,Sunday,TAM,LA 2436,SBKP,SBCF,SBKP-SBCF,19:15,69,61,Atraso Moderado (46-120 min),CONEX,12090,162
ANAC_001120,2024-02-21,2,Wednesday,GLO,G3 1062,SBBR,SBCF,SBBR-SBCF,12:30,6,-1,Pontual (D15),PONTUAL,0,210
ANAC_001121,2024-10-18,10,Friday,TAM,LA 2833,SBKP,SBCF,SBKP-SBCF,18:15,8,-5,Pontual (D15),PONTUAL,0,138
ANAC_001122,2024-01-30,1,Tuesday,GLO,G3 2266,SBSV,SBRF,SBSV-SBRF,16:30,12,4,Pontual (D15),PONTUAL,0,150
ANAC_001123,2024-10-13,10,Sunday,GLO,G3 4391,SBCF,SBKP,SBCF-SBKP,15:00,-9,8,Pontual (D15),PONTUAL,0,150
ANAC_001124,2024-03-27,3,Wednesday,TAM,LA 1411,SBBR,SBGR,SBBR-SBGR,12:15,-3,0,Pontual (D15),PONTUAL,0,162
ANAC_001125,2024-05-15,5,Wednesday,AZU,AD 1953,SBCT,SBCF,SBCT-SBCF,06:15,7,7,Pontual (D15),PONTUAL,0,138
ANAC_001126,2024-02-01,2,Thursday,AZU,AD 3377,SBGR,SBPA,SBGR-SBPA,15:30,-9,9,Pontual (D15),PONTUAL,0,174
ANAC_001127,2024-08-25,8,Sunday,TAM,LA 4988,SBGL,SBCF,SBGL-SBCF,22:15,-2,10,Pontual (D15),PONTUAL,0,186
ANAC_001128,2024-09-07,9,Saturday,AZU,AD 2968,SBBR,SBCF,SBBR-SBCF,11:30,7,-11,Pontual (D15),PONTUAL,0,210
ANAC_001129,2024-08-06,8,Tuesday,GLO,G3 1961,SBSP,SBRJ,SBSP-SBRJ,19:15,3,-6,Pontual (D15),PONTUAL,0,162
ANAC_001130,2024-12-16,12,Monday,TAM,LA 4896,SBKP,SBRF,SBKP-SBRF,11:15,-1,4,Pontual (D15),PONTUAL,0,210
ANAC_001131,2024-09-28,9,Saturday,GLO,G3 2835,SBGL,SBRF,SBGL-SBRF,12:00,12,-9,Pontual (D15),PONTUAL,0,174
ANAC_001132,2024-04-22,4,Monday,PTB,2Z 1289,SBGR,SBSV,SBGR-SBSV,20:15,19,17,Atraso Leve (16-45 min),ATC,1615,186
ANAC_001133,2024-08-14,8,Wednesday,GLO,G3 4865,SBCT,SBPA,SBCT-SBPA,18:00,28,26,Atraso Leve (16-45 min),ATC,2380,162
ANAC_001134,2024-07-07,7,Sunday,AZU,AD 4346,SBBR,SBGR,SBBR-SBGR,15:00,134,150,Atraso Severo (> 120 min),CLIMA,38120,186
ANAC_001135,2024-11-28,11,Thursday,TAM,LA 2971,SBGR,SBPA,SBGR-SBPA,18:15,4,-3,Pontual (D15),PONTUAL,0,138
ANAC_001136,2024-06-16,6,Sunday,GLO,G3 2984,SBRJ,SBSP,SBRJ-SBSP,12:45,11,7,Pontual (D15),PONTUAL,0,138
ANAC_001137,2024-07-19,7,Friday,TAM,LA 2351,SBCF,SBSP,SBCF-SBSP,14:45,75,83,Atraso Moderado (46-120 min),MANUT,12750,138
ANAC_001138,2024-03-20,3,Wednesday,TAM,LA 3697,SBCT,SBGR,SBCT-SBGR,16:00,-4,13,Pontual (D15),PONTUAL,0,150
ANAC_001139,2024-01-05,1,Friday,GLO,G3 4300,SBCF,SBKP,SBCF-SBKP,17:30,50,53,Atraso Moderado (46-120 min),CREW,10000,186
ANAC_001140,2024-10-15,10,Tuesday,TAM,LA 3975,SBPA,SBGR,SBPA-SBGR,22:45,4,0,Pontual (D15),PONTUAL,0,174
ANAC_001141,2024-04-15,4,Monday,TAM,LA 2810,SBGR,SBSP,SBGR-SBSP,13:30,14,-9,Pontual (D15),PONTUAL,0,174
ANAC_001142,2024-10-11,10,Friday,TAM,LA 3260,SBCF,SBSV,SBCF-SBSV,12:15,41,41,Atraso Leve (16-45 min),CONEX,3485,186
ANAC_001143,2024-04-09,4,Tuesday,GLO,G3 3285,SBBR,SBGR,SBBR-SBGR,21:30,-6,-5,Pontual (D15),PONTUAL,0,150
ANAC_001144,2024-06-15,6,Saturday,GLO,G3 2688,SBRF,SBSP,SBRF-SBSP,19:15,54,47,Atraso Moderado (46-120 min),ATC,10440,162
ANAC_001145,2024-05-24,5,Friday,AZU,AD 4359,SBSV,SBRJ,SBSV-SBRJ,20:30,30,33,Atraso Leve (16-45 min),CREW,2550,210
ANAC_001146,2024-06-28,6,Friday,TAM,LA 3264,SBGR,SBPA,SBGR-SBPA,19:45,8,11,Pontual (D15),PONTUAL,0,162
ANAC_001147,2024-02-01,2,Thursday,AZU,AD 3617,SBSV,SBGL,SBSV-SBGL,07:00,1,0,Pontual (D15),PONTUAL,0,186
ANAC_001148,2024-10-07,10,Monday,GLO,G3 2987,SBSP,SBRJ,SBSP-SBRJ,20:45,58,49,Atraso Moderado (46-120 min),CONEX,10880,150
ANAC_001149,2024-01-09,1,Tuesday,GLO,G3 3751,SBBR,SBGR,SBBR-SBGR,06:15,6,-10,Pontual (D15),PONTUAL,0,138
ANAC_001150,2024-11-06,11,Wednesday,AZU,AD 4849,SBGR,SBBR,SBGR-SBBR,09:45,-6,-10,Pontual (D15),PONTUAL,0,210
ANAC_001151,2024-09-25,9,Wednesday,GLO,G3 3122,SBGR,SBBR,SBGR-SBBR,17:45,34,37,Atraso Leve (16-45 min),CONEX,2890,186
ANAC_001152,2024-08-16,8,Friday,AZU,AD 2204,SBCT,SBBR,SBCT-SBBR,21:30,8,5,Pontual (D15),PONTUAL,0,138
ANAC_001153,2024-08-09,8,Friday,GLO,G3 1518,SBGR,SBPA,SBGR-SBPA,20:45,4,-9,Pontual (D15),PONTUAL,0,210
ANAC_001154,2024-05-05,5,Sunday,GLO,G3 1480,SBRF,SBCT,SBRF-SBCT,18:30,-7,-8,Pontual (D15),PONTUAL,0,210
ANAC_001155,2024-05-05,5,Sunday,AZU,AD 3436,SBSV,SBPA,SBSV-SBPA,21:00,56,61,Atraso Moderado (46-120 min),ATC,10660,162
ANAC_001156,2024-11-03,11,Sunday,TAM,LA 2374,SBKP,SBCF,SBKP-SBCF,10:30,3,0,Pontual (D15),PONTUAL,0,186
ANAC_001157,2024-08-27,8,Tuesday,TAM,LA 2168,SBSP,SBRJ,SBSP-SBRJ,22:15,0,9,Pontual (D15),PONTUAL,0,186
ANAC_001158,2024-07-16,7,Tuesday,GLO,G3 1470,SBBR,SBRF,SBBR-SBRF,13:30,0,0,Pontual (D15),PONTUAL,0,150
ANAC_001159,2024-09-15,9,Sunday,GLO,G3 1774,SBGL,SBSV,SBGL-SBSV,10:30,7,-1,Pontual (D15),PONTUAL,0,150
ANAC_001160,2024-11-15,11,Friday,GLO,G3 4560,SBPA,SBCF,SBPA-SBCF,12:30,-7,-9,Pontual (D15),PONTUAL,0,162
ANAC_001161,2024-08-31,8,Saturday,TAM,LA 4478,SBCT,SBGR,SBCT-SBGR,20:15,-3,-6,Pontual (D15),PONTUAL,0,174
ANAC_001162,2024-06-21,6,Friday,GLO,G3 3555,SBGR,SBPA,SBGR-SBPA,21:30,0,-10,Pontual (D15),PONTUAL,0,162
ANAC_001163,2024-12-16,12,Monday,TAM,LA 3114,SBSP,SBRJ,SBSP-SBRJ,06:45,3,-5,Pontual (D15),PONTUAL,0,150
ANAC_001164,2024-04-05,4,Friday,GLO,G3 3531,SBKP,SBCF,SBKP-SBCF,12:45,8,-9,Pontual (D15),PONTUAL,0,138
ANAC_001165,2024-09-15,9,Sunday,AZU,AD 4914,SBGR,SBPA,SBGR-SBPA,08:30,8,1,Pontual (D15),PONTUAL,0,186
ANAC_001166,2024-12-18,12,Wednesday,GLO,G3 2538,SBCF,SBKP,SBCF-SBKP,10:30,17,17,Atraso Leve (16-45 min),CONEX,1445,162
ANAC_001167,2024-12-03,12,Tuesday,GLO,G3 2868,SBGR,SBSV,SBGR-SBSV,14:30,6,0,Pontual (D15),PONTUAL,0,150
ANAC_001168,2024-07-27,7,Saturday,TAM,LA 3092,SBRJ,SBSP,SBRJ-SBSP,07:30,36,33,Atraso Leve (16-45 min),CONEX,3060,138
ANAC_001169,2024-09-18,9,Wednesday,AZU,AD 4860,SBGR,SBBR,SBGR-SBBR,10:00,8,5,Pontual (D15),PONTUAL,0,162
ANAC_001170,2024-07-06,7,Saturday,GLO,G3 2280,SBRJ,SBSP,SBRJ-SBSP,20:45,-2,0,Pontual (D15),PONTUAL,0,186
ANAC_001171,2024-02-23,2,Friday,TAM,LA 4296,SBGR,SBSV,SBGR-SBSV,18:15,93,102,Atraso Moderado (46-120 min),MANUT,14730,174
ANAC_001172,2024-04-12,4,Friday,GLO,G3 3170,SBCT,SBBR,SBCT-SBBR,07:15,89,97,Atraso Moderado (46-120 min),CONEX,14290,150
ANAC_001173,2024-06-04,6,Tuesday,TAM,LA 4520,SBGR,SBBR,SBGR-SBBR,14:00,6,-7,Pontual (D15),PONTUAL,0,174
ANAC_001174,2024-03-09,3,Saturday,GLO,G3 1998,SBSV,SBGR,SBSV-SBGR,14:45,2,-8,Pontual (D15),PONTUAL,0,150
ANAC_001175,2024-10-09,10,Wednesday,GLO,G3 3950,SBRJ,SBSP,SBRJ-SBSP,12:30,4,-1,Pontual (D15),PONTUAL,0,174
ANAC_001176,2024-09-26,9,Thursday,GLO,G3 2342,SBCF,SBKP,SBCF-SBKP,10:45,-7,-10,Pontual (D15),PONTUAL,0,150
ANAC_001177,2024-02-17,2,Saturday,AZU,AD 3340,SBGR,SBBR,SBGR-SBBR,06:45,2,3,Pontual (D15),PONTUAL,0,138
ANAC_001178,2024-03-07,3,Thursday,TAM,LA 4312,SBGR,SBSV,SBGR-SBSV,14:30,-4,12,Pontual (D15),PONTUAL,0,210
ANAC_001179,2024-07-22,7,Monday,AZU,AD 2691,SBBR,SBCF,SBBR-SBCF,18:15,141,125,Atraso Severo (> 120 min),MANUT,39380,210
ANAC_001180,2024-12-25,12,Wednesday,AZU,AD 1009,SBPA,SBSP,SBPA-SBSP,22:30,3,10,Pontual (D15),PONTUAL,0,210
ANAC_001181,2024-02-19,2,Monday,GLO,G3 2520,SBPA,SBCF,SBPA-SBCF,20:00,82,77,Atraso Moderado (46-120 min),CLIMA,13520,138
ANAC_001182,2024-12-10,12,Tuesday,GLO,G3 2980,SBKP,SBRF,SBKP-SBRF,09:00,48,49,Atraso Moderado (46-120 min),CONEX,9780,138
ANAC_001183,2024-11-17,11,Sunday,PTB,2Z 1422,SBBR,SBGR,SBBR-SBGR,21:15,41,35,Atraso Leve (16-45 min),SOLO,3485,138
ANAC_001184,2024-08-19,8,Monday,AZU,AD 2238,SBGR,SBSV,SBGR-SBSV,18:15,-2,2,Pontual (D15),PONTUAL,0,186
ANAC_001185,2024-08-04,8,Sunday,PTB,2Z 1913,SBBR,SBCF,SBBR-SBCF,08:30,0,-10,Pontual (D15),PONTUAL,0,162
ANAC_001186,2024-10-31,10,Thursday,GLO,G3 3774,SBRF,SBPA,SBRF-SBPA,16:15,5,5,Pontual (D15),PONTUAL,0,174
ANAC_001187,2024-05-22,5,Wednesday,TAM,LA 3288,SBGR,SBSV,SBGR-SBSV,17:45,-1,-2,Pontual (D15),PONTUAL,0,174
ANAC_001188,2024-07-20,7,Saturday,TAM,LA 4403,SBRF,SBCT,SBRF-SBCT,08:45,2,0,Pontual (D15),PONTUAL,0,210
ANAC_001189,2024-05-31,5,Friday,GLO,G3 2332,SBCF,SBKP,SBCF-SBKP,17:15,13,-7,Pontual (D15),PONTUAL,0,162
ANAC_001190,2024-05-15,5,Wednesday,AZU,AD 1775,SBBR,SBCF,SBBR-SBCF,08:30,12,11,Pontual (D15),PONTUAL,0,210
ANAC_001191,2024-01-02,1,Tuesday,GLO,G3 2756,SBGR,SBPA,SBGR-SBPA,09:45,7,5,Pontual (D15),PONTUAL,0,138
ANAC_001192,2024-02-21,2,Wednesday,GLO,G3 2042,SBSP,SBRJ,SBSP-SBRJ,12:30,0,6,Pontual (D15),PONTUAL,0,210
ANAC_001193,2024-04-30,4,Tuesday,GLO,G3 4446,SBGR,SBSP,SBGR-SBSP,06:45,-8,-6,Pontual (D15),PONTUAL,0,174
ANAC_001194,2024-04-06,4,Saturday,GLO,G3 4583,SBRJ,SBSP,SBRJ-SBSP,12:30,2,8,Pontual (D15),PONTUAL,0,162
ANAC_001195,2024-08-09,8,Friday,TAM,LA 3540,SBBR,SBGR,SBBR-SBGR,14:45,177,169,Atraso Severo (> 120 min),MANUT,45860,174
ANAC_001196,2024-10-03,10,Thursday,AZU,AD 1864,SBGL,SBGR,SBGL-SBGR,21:45,-8,6,Pontual (D15),PONTUAL,0,210
ANAC_001197,2024-12-01,12,Sunday,GLO,G3 3479,SBPA,SBCF,SBPA-SBCF,07:45,0,0,Cancelado,CREW,73636,138
ANAC_001198,2024-08-05,8,Monday,PTB,2Z 3829,SBBR,SBCF,SBBR-SBCF,17:00,8,-11,Pontual (D15),PONTUAL,0,162
ANAC_001199,2024-02-17,2,Saturday,AZU,AD 3227,SBSP,SBRJ,SBSP-SBRJ,09:30,49,43,Atraso Moderado (46-120 min),ATC,9890,186
ANAC_001200,2024-12-04,12,Wednesday,AZU,AD 1700,SBRJ,SBSP,SBRJ-SBSP,22:30,7,5,Pontual (D15),PONTUAL,0,138
ANAC_001201,2024-12-14,12,Saturday,TAM,LA 4863,SBCF,SBKP,SBCF-SBKP,06:15,2,10,Pontual (D15),PONTUAL,0,162
ANAC_001202,2024-01-21,1,Sunday,AZU,AD 3113,SBBR,SBGR,SBBR-SBGR,21:30,-5,-5,Pontual (D15),PONTUAL,0,186
ANAC_001203,2024-10-05,10,Saturday,GLO,G3 2643,SBKP,SBRF,SBKP-SBRF,06:30,128,126,Atraso Severo (> 120 min),CLIMA,37040,210
ANAC_001204,2024-06-26,6,Wednesday,GLO,G3 2146,SBSP,SBRJ,SBSP-SBRJ,20:15,14,12,Pontual (D15),PONTUAL,0,150
ANAC_001205,2024-04-27,4,Saturday,TAM,LA 3844,SBSP,SBRJ,SBSP-SBRJ,12:45,7,5,Pontual (D15),PONTUAL,0,162
ANAC_001206,2024-02-10,2,Saturday,TAM,LA 1275,SBKP,SBRF,SBKP-SBRF,20:15,79,67,Atraso Moderado (46-120 min),CLIMA,13190,174
ANAC_001207,2024-02-24,2,Saturday,TAM,LA 1152,SBBR,SBSP,SBBR-SBSP,07:15,12,-4,Pontual (D15),PONTUAL,0,210
ANAC_001208,2024-04-20,4,Saturday,AZU,AD 3482,SBKP,SBBR,SBKP-SBBR,07:15,13,-6,Pontual (D15),PONTUAL,0,162
ANAC_001209,2024-10-06,10,Sunday,GLO,G3 3742,SBKP,SBCF,SBKP-SBCF,12:30,-8,10,Pontual (D15),PONTUAL,0,186
ANAC_001210,2024-11-12,11,Tuesday,AZU,AD 1686,SBKP,SBCF,SBKP-SBCF,09:30,-9,-11,Pontual (D15),PONTUAL,0,150
ANAC_001211,2024-02-24,2,Saturday,GLO,G3 4061,SBRF,SBGL,SBRF-SBGL,18:00,18,17,Atraso Leve (16-45 min),CONEX,1530,186
ANAC_001212,2024-10-14,10,Monday,GLO,G3 2918,SBKP,SBCF,SBKP-SBCF,18:45,0,1,Pontual (D15),PONTUAL,0,210
ANAC_001213,2024-01-26,1,Friday,TAM,LA 2421,SBPA,SBRJ,SBPA-SBRJ,07:15,6,8,Pontual (D15),PONTUAL,0,186
ANAC_001214,2024-10-12,10,Saturday,TAM,LA 1287,SBCF,SBKP,SBCF-SBKP,19:15,2,-3,Pontual (D15),PONTUAL,0,210
ANAC_001215,2024-02-10,2,Saturday,GLO,G3 3290,SBGR,SBPA,SBGR-SBPA,10:45,11,11,Pontual (D15),PONTUAL,0,210
ANAC_001216,2024-01-14,1,Sunday,AZU,AD 1047,SBCT,SBSV,SBCT-SBSV,15:30,40,37,Atraso Leve (16-45 min),ATC,3400,186
ANAC_001217,2024-02-02,2,Friday,GLO,G3 4680,SBCF,SBKP,SBCF-SBKP,09:45,1,3,Pontual (D15),PONTUAL,0,186
ANAC_001218,2024-05-21,5,Tuesday,AZU,AD 4520,SBGR,SBBR,SBGR-SBBR,13:15,14,1,Pontual (D15),PONTUAL,0,186
ANAC_001219,2024-01-21,1,Sunday,GLO,G3 4221,SBCF,SBKP,SBCF-SBKP,14:45,-7,-10,Pontual (D15),PONTUAL,0,138
ANAC_001220,2024-03-09,3,Saturday,TAM,LA 2993,SBSV,SBCT,SBSV-SBCT,16:45,-7,-7,Pontual (D15),PONTUAL,0,138
ANAC_001221,2024-08-08,8,Thursday,GLO,G3 3046,SBPA,SBCT,SBPA-SBCT,15:15,14,-3,Pontual (D15),PONTUAL,0,210
ANAC_001222,2024-11-15,11,Friday,AZU,AD 1777,SBKP,SBRF,SBKP-SBRF,06:45,8,-11,Pontual (D15),PONTUAL,0,186
ANAC_001223,2024-02-03,2,Saturday,GLO,G3 3740,SBGR,SBPA,SBGR-SBPA,16:00,75,66,Atraso Moderado (46-120 min),MANUT,12750,162
ANAC_001224,2024-05-07,5,Tuesday,TAM,LA 2785,SBBR,SBGR,SBBR-SBGR,07:45,160,171,Atraso Severo (> 120 min),MANUT,42800,150
ANAC_001225,2024-11-12,11,Tuesday,GLO,G3 2294,SBCF,SBKP,SBCF-SBKP,20:00,5,7,Pontual (D15),PONTUAL,0,186
ANAC_001226,2024-10-26,10,Saturday,TAM,LA 1569,SBCF,SBRF,SBCF-SBRF,14:15,-6,9,Pontual (D15),PONTUAL,0,186
ANAC_001227,2024-10-01,10,Tuesday,TAM,LA 3618,SBGR,SBPA,SBGR-SBPA,06:15,24,26,Atraso Leve (16-45 min),SOLO,2040,186
ANAC_001228,2024-10-28,10,Monday,TAM,LA 2934,SBGR,SBSV,SBGR-SBSV,15:30,18,19,Atraso Leve (16-45 min),CONEX,1530,162
ANAC_001229,2024-07-22,7,Monday,TAM,LA 3737,SBBR,SBGR,SBBR-SBGR,17:45,13,9,Pontual (D15),PONTUAL,0,138
ANAC_001230,2024-07-20,7,Saturday,GLO,G3 4156,SBGR,SBBR,SBGR-SBBR,07:00,4,7,Pontual (D15),PONTUAL,0,174
ANAC_001231,2024-07-15,7,Monday,AZU,AD 1965,SBCF,SBGR,SBCF-SBGR,22:00,-7,7,Pontual (D15),PONTUAL,0,186
ANAC_001232,2024-11-30,11,Saturday,GLO,G3 4705,SBBR,SBGR,SBBR-SBGR,08:30,10,-2,Pontual (D15),PONTUAL,0,210
ANAC_001233,2024-08-13,8,Tuesday,GLO,G3 1523,SBGR,SBBR,SBGR-SBBR,10:00,9,2,Pontual (D15),PONTUAL,0,186
ANAC_001234,2024-05-08,5,Wednesday,GLO,G3 1836,SBGR,SBSV,SBGR-SBSV,22:30,16,14,Atraso Leve (16-45 min),CLIMA,1360,150
ANAC_001235,2024-05-30,5,Thursday,GLO,G3 4600,SBCF,SBKP,SBCF-SBKP,20:00,0,0,Cancelado,CLIMA,56023,174
ANAC_001236,2024-09-26,9,Thursday,TAM,LA 2970,SBSP,SBKP,SBSP-SBKP,18:00,13,-1,Pontual (D15),PONTUAL,0,150
ANAC_001237,2024-05-08,5,Wednesday,GLO,G3 3233,SBBR,SBGR,SBBR-SBGR,08:15,1,7,Pontual (D15),PONTUAL,0,150
ANAC_001238,2024-08-02,8,Friday,TAM,LA 2316,SBCT,SBCF,SBCT-SBCF,11:00,-2,-10,Pontual (D15),PONTUAL,0,174
ANAC_001239,2024-10-18,10,Friday,GLO,G3 3600,SBGL,SBGR,SBGL-SBGR,11:30,23,23,Atraso Leve (16-45 min),ATC,1955,186
ANAC_001240,2024-07-04,7,Thursday,GLO,G3 1066,SBGL,SBCT,SBGL-SBCT,17:00,55,51,Atraso Moderado (46-120 min),CLIMA,10550,186
ANAC_001241,2024-11-18,11,Monday,TAM,LA 1756,SBRF,SBGR,SBRF-SBGR,20:30,9,2,Pontual (D15),PONTUAL,0,138
ANAC_001242,2024-11-04,11,Monday,TAM,LA 2501,SBSP,SBRJ,SBSP-SBRJ,20:30,108,101,Atraso Moderado (46-120 min),CLIMA,16380,174
ANAC_001243,2024-12-02,12,Monday,GLO,G3 3078,SBGR,SBPA,SBGR-SBPA,13:45,8,1,Pontual (D15),PONTUAL,0,174
ANAC_001244,2024-01-27,1,Saturday,AZU,AD 1497,SBBR,SBCF,SBBR-SBCF,17:30,6,2,Pontual (D15),PONTUAL,0,186
ANAC_001245,2024-11-23,11,Saturday,AZU,AD 2616,SBKP,SBRF,SBKP-SBRF,07:00,64,57,Atraso Moderado (46-120 min),CONEX,11540,174
ANAC_001246,2024-11-06,11,Wednesday,TAM,LA 4414,SBRJ,SBSP,SBRJ-SBSP,06:45,-9,11,Pontual (D15),PONTUAL,0,150
ANAC_001247,2024-07-20,7,Saturday,AZU,AD 3123,SBBR,SBRF,SBBR-SBRF,15:00,12,2,Pontual (D15),PONTUAL,0,138
ANAC_001248,2024-05-17,5,Friday,TAM,LA 1845,SBRF,SBRJ,SBRF-SBRJ,16:15,11,-6,Pontual (D15),PONTUAL,0,210
ANAC_001249,2024-03-02,3,Saturday,TAM,LA 3782,SBGR,SBBR,SBGR-SBBR,20:30,1,9,Pontual (D15),PONTUAL,0,186
ANAC_001250,2024-06-26,6,Wednesday,GLO,G3 4960,SBGR,SBPA,SBGR-SBPA,10:15,27,28,Atraso Leve (16-45 min),CONEX,2295,138
ANAC_001251,2024-04-11,4,Thursday,GLO,G3 4301,SBGR,SBBR,SBGR-SBBR,07:45,-7,0,Pontual (D15),PONTUAL,0,210
ANAC_001252,2024-04-17,4,Wednesday,GLO,G3 4695,SBBR,SBCF,SBBR-SBCF,20:45,-1,13,Pontual (D15),PONTUAL,0,210
ANAC_001253,2024-04-13,4,Saturday,GLO,G3 3224,SBBR,SBGR,SBBR-SBGR,19:15,14,10,Pontual (D15),PONTUAL,0,138
ANAC_001254,2024-12-26,12,Thursday,AZU,AD 3262,SBBR,SBKP,SBBR-SBKP,06:00,104,93,Atraso Moderado (46-120 min),CONEX,15940,150
ANAC_001255,2024-09-07,9,Saturday,AZU,AD 3906,SBCF,SBKP,SBCF-SBKP,07:00,-9,11,Pontual (D15),PONTUAL,0,150
ANAC_001256,2024-01-14,1,Sunday,GLO,G3 1753,SBRJ,SBSP,SBRJ-SBSP,15:45,-8,13,Pontual (D15),PONTUAL,0,174
ANAC_001257,2024-04-25,4,Thursday,AZU,AD 2055,SBBR,SBCF,SBBR-SBCF,21:30,14,7,Pontual (D15),PONTUAL,0,210
ANAC_001258,2024-03-07,3,Thursday,TAM,LA 3239,SBKP,SBCF,SBKP-SBCF,14:00,3,-1,Pontual (D15),PONTUAL,0,210
ANAC_001259,2024-01-31,1,Wednesday,AZU,AD 1585,SBGL,SBSP,SBGL-SBSP,16:15,23,21,Atraso Leve (16-45 min),CONEX,1955,210
ANAC_001260,2024-05-08,5,Wednesday,TAM,LA 4104,SBKP,SBRF,SBKP-SBRF,12:00,1,4,Pontual (D15),PONTUAL,0,186
ANAC_001261,2024-03-27,3,Wednesday,TAM,LA 2049,SBSV,SBPA,SBSV-SBPA,10:45,64,64,Atraso Moderado (46-120 min),ATC,11540,210
ANAC_001262,2024-03-07,3,Thursday,TAM,LA 3280,SBGR,SBSV,SBGR-SBSV,09:00,21,22,Atraso Leve (16-45 min),CONEX,1785,162
ANAC_001263,2024-05-25,5,Saturday,AZU,AD 1508,SBGR,SBPA,SBGR-SBPA,22:45,13,-9,Pontual (D15),PONTUAL,0,162
ANAC_001264,2024-01-02,1,Tuesday,TAM,LA 3172,SBGL,SBSV,SBGL-SBSV,17:15,12,-4,Pontual (D15),PONTUAL,0,174
ANAC_001265,2024-05-10,5,Friday,GLO,G3 2896,SBCF,SBGR,SBCF-SBGR,19:15,99,113,Atraso Moderado (46-120 min),CONEX,15390,210
ANAC_001266,2024-06-16,6,Sunday,PTB,2Z 1128,SBBR,SBGR,SBBR-SBGR,07:45,0,2,Pontual (D15),PONTUAL,0,68
ANAC_001267,2024-02-04,2,Sunday,AZU,AD 4340,SBGR,SBSP,SBGR-SBSP,19:00,27,27,Atraso Leve (16-45 min),CLIMA,2295,186
ANAC_001268,2024-07-19,7,Friday,GLO,G3 2681,SBKP,SBRJ,SBKP-SBRJ,12:15,21,17,Atraso Leve (16-45 min),ATC,1785,162
ANAC_001269,2024-05-31,5,Friday,TAM,LA 2477,SBBR,SBCF,SBBR-SBCF,13:15,6,13,Pontual (D15),PONTUAL,0,210
ANAC_001270,2024-04-16,4,Tuesday,GLO,G3 1249,SBGR,SBKP,SBGR-SBKP,12:45,3,1,Pontual (D15),PONTUAL,0,138
ANAC_001271,2024-03-27,3,Wednesday,TAM,LA 3295,SBRJ,SBBR,SBRJ-SBBR,17:00,18,16,Atraso Leve (16-45 min),CONEX,1530,150
ANAC_001272,2024-02-21,2,Wednesday,TAM,LA 2310,SBCF,SBPA,SBCF-SBPA,13:30,17,16,Atraso Leve (16-45 min),CONEX,1445,162
ANAC_001273,2024-04-01,4,Monday,TAM,LA 2845,SBGR,SBSV,SBGR-SBSV,16:00,9,-4,Pontual (D15),PONTUAL,0,210
ANAC_001274,2024-06-11,6,Tuesday,TAM,LA 2200,SBCF,SBKP,SBCF-SBKP,14:00,-1,-10,Pontual (D15),PONTUAL,0,174
ANAC_001275,2024-08-07,8,Wednesday,AZU,AD 2550,SBCT,SBPA,SBCT-SBPA,11:45,-7,-3,Pontual (D15),PONTUAL,0,162
ANAC_001276,2024-05-10,5,Friday,AZU,AD 2397,SBSP,SBRJ,SBSP-SBRJ,11:30,-4,2,Pontual (D15),PONTUAL,0,150
ANAC_001277,2024-12-28,12,Saturday,GLO,G3 1782,SBRF,SBPA,SBRF-SBPA,14:00,66,74,Atraso Moderado (46-120 min),CLIMA,11760,138
ANAC_001278,2024-09-28,9,Saturday,TAM,LA 1553,SBRF,SBSP,SBRF-SBSP,15:00,-3,2,Pontual (D15),PONTUAL,0,186
ANAC_001279,2024-05-30,5,Thursday,AZU,AD 4216,SBBR,SBCF,SBBR-SBCF,07:15,67,69,Atraso Moderado (46-120 min),CLIMA,11870,210
ANAC_001280,2024-08-15,8,Thursday,PTB,2Z 3997,SBPA,SBRJ,SBPA-SBRJ,19:15,8,5,Pontual (D15),PONTUAL,0,210
ANAC_001281,2024-04-21,4,Sunday,GLO,G3 4813,SBGR,SBSV,SBGR-SBSV,13:45,26,22,Atraso Leve (16-45 min),CONEX,2210,162
ANAC_001282,2024-09-21,9,Saturday,AZU,AD 2820,SBGR,SBPA,SBGR-SBPA,07:00,13,-11,Pontual (D15),PONTUAL,0,162
ANAC_001283,2024-05-19,5,Sunday,PTB,2Z 2659,SBRJ,SBSP,SBRJ-SBSP,14:30,13,3,Pontual (D15),PONTUAL,0,210
ANAC_001284,2024-10-11,10,Friday,GLO,G3 1078,SBKP,SBRF,SBKP-SBRF,10:45,7,-11,Pontual (D15),PONTUAL,0,174
ANAC_001285,2024-07-11,7,Thursday,GLO,G3 3679,SBGR,SBPA,SBGR-SBPA,08:45,60,57,Atraso Moderado (46-120 min),ATC,11100,162
ANAC_001286,2024-01-21,1,Sunday,TAM,LA 4242,SBCF,SBKP,SBCF-SBKP,22:00,3,12,Pontual (D15),PONTUAL,0,150
ANAC_001287,2024-07-31,7,Wednesday,GLO,G3 4759,SBKP,SBCF,SBKP-SBCF,09:00,79,84,Atraso Moderado (46-120 min),CLIMA,13190,138
ANAC_001288,2024-02-11,2,Sunday,GLO,G3 3919,SBBR,SBCF,SBBR-SBCF,09:15,-3,4,Pontual (D15),PONTUAL,0,150
ANAC_001289,2024-03-19,3,Tuesday,TAM,LA 2705,SBRF,SBGR,SBRF-SBGR,06:00,11,-3,Pontual (D15),PONTUAL,0,150
ANAC_001290,2024-07-15,7,Monday,GLO,G3 2887,SBGR,SBPA,SBGR-SBPA,14:00,0,2,Pontual (D15),PONTUAL,0,138
ANAC_001291,2024-12-21,12,Saturday,TAM,LA 4914,SBCT,SBBR,SBCT-SBBR,22:30,-4,8,Pontual (D15),PONTUAL,0,162
ANAC_001292,2024-12-22,12,Sunday,TAM,LA 2910,SBGL,SBBR,SBGL-SBBR,18:45,-9,4,Pontual (D15),PONTUAL,0,210
ANAC_001293,2024-02-05,2,Monday,AZU,AD 2444,SBSP,SBRJ,SBSP-SBRJ,13:15,14,4,Pontual (D15),PONTUAL,0,138
ANAC_001294,2024-03-04,3,Monday,TAM,LA 4903,SBRF,SBCF,SBRF-SBCF,17:00,11,6,Pontual (D15),PONTUAL,0,210
ANAC_001295,2024-10-16,10,Wednesday,GLO,G3 3953,SBSP,SBRJ,SBSP-SBRJ,17:00,39,33,Atraso Leve (16-45 min),ATC,3315,186
ANAC_001296,2024-11-30,11,Saturday,GLO,G3 2323,SBBR,SBGR,SBBR-SBGR,06:15,6,10,Pontual (D15),PONTUAL,0,174
ANAC_001297,2024-04-06,4,Saturday,AZU,AD 3298,SBBR,SBGR,SBBR-SBGR,10:00,-8,6,Pontual (D15),PONTUAL,0,174
ANAC_001298,2024-11-20,11,Wednesday,AZU,AD 1217,SBBR,SBSP,SBBR-SBSP,09:30,9,-8,Pontual (D15),PONTUAL,0,150
ANAC_001299,2024-05-17,5,Friday,GLO,G3 3120,SBSV,SBBR,SBSV-SBBR,19:00,63,69,Atraso Moderado (46-120 min),MANUT,11430,210
ANAC_001300,2024-02-04,2,Sunday,TAM,LA 3091,SBKP,SBRF,SBKP-SBRF,11:15,1,8,Pontual (D15),PONTUAL,0,186
ANAC_001301,2024-06-08,6,Saturday,TAM,LA 1893,SBCF,SBKP,SBCF-SBKP,16:45,4,-11,Pontual (D15),PONTUAL,0,174
ANAC_001302,2024-08-26,8,Monday,AZU,AD 4174,SBGR,SBRJ,SBGR-SBRJ,07:45,94,86,Atraso Moderado (46-120 min),CLIMA,14840,162
ANAC_001303,2024-10-06,10,Sunday,TAM,LA 4397,SBBR,SBGR,SBBR-SBGR,11:15,-9,13,Pontual (D15),PONTUAL,0,150
ANAC_001304,2024-03-07,3,Thursday,AZU,AD 1392,SBRJ,SBKP,SBRJ-SBKP,14:30,-3,0,Pontual (D15),PONTUAL,0,186
ANAC_001305,2024-03-29,3,Friday,TAM,LA 1705,SBSV,SBBR,SBSV-SBBR,20:45,24,20,Atraso Leve (16-45 min),ATC,2040,150
ANAC_001306,2024-03-06,3,Wednesday,TAM,LA 2942,SBCF,SBSV,SBCF-SBSV,17:15,-5,-7,Pontual (D15),PONTUAL,0,150
ANAC_001307,2024-08-04,8,Sunday,TAM,LA 1613,SBGR,SBBR,SBGR-SBBR,14:15,51,47,Atraso Moderado (46-120 min),CLIMA,10110,162
ANAC_001308,2024-08-24,8,Saturday,TAM,LA 1884,SBRF,SBGL,SBRF-SBGL,17:15,-6,13,Pontual (D15),PONTUAL,0,150
ANAC_001309,2024-03-21,3,Thursday,GLO,G3 4251,SBCF,SBSV,SBCF-SBSV,11:15,6,11,Pontual (D15),PONTUAL,0,210
ANAC_001310,2024-02-17,2,Saturday,TAM,LA 2334,SBRJ,SBSP,SBRJ-SBSP,10:00,-4,8,Pontual (D15),PONTUAL,0,210
ANAC_001311,2024-06-08,6,Saturday,TAM,LA 4914,SBGR,SBPA,SBGR-SBPA,15:45,5,2,Pontual (D15),PONTUAL,0,138
ANAC_001312,2024-09-19,9,Thursday,TAM,LA 3891,SBCT,SBRF,SBCT-SBRF,21:30,6,5,Pontual (D15),PONTUAL,0,174
ANAC_001313,2024-10-22,10,Tuesday,TAM,LA 4859,SBGL,SBPA,SBGL-SBPA,20:15,14,-2,Pontual (D15),PONTUAL,0,162
ANAC_001314,2024-10-23,10,Wednesday,GLO,G3 3728,SBGR,SBSV,SBGR-SBSV,11:45,13,10,Pontual (D15),PONTUAL,0,186
ANAC_001315,2024-04-27,4,Saturday,TAM,LA 2260,SBBR,SBCF,SBBR-SBCF,11:00,-5,7,Pontual (D15),PONTUAL,0,210
ANAC_001316,2024-10-17,10,Thursday,TAM,LA 1315,SBGR,SBBR,SBGR-SBBR,17:45,-7,0,Pontual (D15),PONTUAL,0,186
ANAC_001317,2024-08-20,8,Tuesday,GLO,G3 3990,SBGL,SBKP,SBGL-SBKP,12:30,-8,11,Pontual (D15),PONTUAL,0,150
ANAC_001318,2024-09-21,9,Saturday,GLO,G3 4204,SBGR,SBPA,SBGR-SBPA,09:45,1,3,Pontual (D15),PONTUAL,0,174
ANAC_001319,2024-06-05,6,Wednesday,GLO,G3 1559,SBBR,SBGR,SBBR-SBGR,07:45,146,166,Atraso Severo (> 120 min),CLIMA,40280,210
ANAC_001320,2024-12-30,12,Monday,TAM,LA 3371,SBGR,SBPA,SBGR-SBPA,21:30,-4,-7,Pontual (D15),PONTUAL,0,150
ANAC_001321,2024-08-21,8,Wednesday,TAM,LA 3818,SBSP,SBCT,SBSP-SBCT,14:00,-5,-11,Pontual (D15),PONTUAL,0,150
ANAC_001322,2024-06-20,6,Thursday,TAM,LA 1644,SBKP,SBRF,SBKP-SBRF,07:30,11,1,Pontual (D15),PONTUAL,0,162
ANAC_001323,2024-01-23,1,Tuesday,TAM,LA 1105,SBGR,SBPA,SBGR-SBPA,20:00,109,98,Atraso Moderado (46-120 min),MANUT,16490,162
ANAC_001324,2024-07-05,7,Friday,TAM,LA 2319,SBBR,SBCF,SBBR-SBCF,20:30,37,37,Atraso Leve (16-45 min),SOLO,3145,162
ANAC_001325,2024-09-11,9,Wednesday,AZU,AD 3906,SBSV,SBGL,SBSV-SBGL,18:00,24,26,Atraso Leve (16-45 min),CONEX,2040,162
ANAC_001326,2024-12-17,12,Tuesday,TAM,LA 4373,SBCF,SBGL,SBCF-SBGL,09:00,-4,6,Pontual (D15),PONTUAL,0,150
ANAC_001327,2024-04-30,4,Tuesday,GLO,G3 3474,SBGR,SBBR,SBGR-SBBR,08:00,77,68,Atraso Moderado (46-120 min),CLIMA,12970,162
ANAC_001328,2024-10-05,10,Saturday,GLO,G3 4935,SBGR,SBSV,SBGR-SBSV,12:15,6,6,Pontual (D15),PONTUAL,0,174
ANAC_001329,2024-04-07,4,Sunday,GLO,G3 4471,SBSP,SBRJ,SBSP-SBRJ,16:15,-1,9,Pontual (D15),PONTUAL,0,162
ANAC_001330,2024-06-15,6,Saturday,AZU,AD 1295,SBBR,SBRF,SBBR-SBRF,07:00,2,-9,Pontual (D15),PONTUAL,0,150
ANAC_001331,2024-11-20,11,Wednesday,TAM,LA 4271,SBSP,SBRJ,SBSP-SBRJ,09:15,26,24,Atraso Leve (16-45 min),CONEX,2210,186
ANAC_001332,2024-09-29,9,Sunday,TAM,LA 4924,SBRF,SBSV,SBRF-SBSV,19:45,9,12,Pontual (D15),PONTUAL,0,174
ANAC_001333,2024-08-28,8,Wednesday,GLO,G3 1801,SBBR,SBGR,SBBR-SBGR,07:30,63,72,Atraso Moderado (46-120 min),CONEX,11430,174
ANAC_001334,2024-12-22,12,Sunday,GLO,G3 4759,SBPA,SBCT,SBPA-SBCT,19:00,3,-4,Pontual (D15),PONTUAL,0,174
ANAC_001335,2024-03-06,3,Wednesday,GLO,G3 3056,SBCF,SBKP,SBCF-SBKP,09:15,-6,-7,Pontual (D15),PONTUAL,0,186
ANAC_001336,2024-01-29,1,Monday,AZU,AD 2696,SBGR,SBPA,SBGR-SBPA,07:45,38,36,Atraso Leve (16-45 min),CONEX,3230,186
ANAC_001337,2024-06-17,6,Monday,PTB,2Z 3507,SBBR,SBCF,SBBR-SBCF,21:30,-4,-11,Pontual (D15),PONTUAL,0,174
ANAC_001338,2024-03-19,3,Tuesday,GLO,G3 2208,SBGR,SBBR,SBGR-SBBR,12:45,1,1,Pontual (D15),PONTUAL,0,210
ANAC_001339,2024-08-02,8,Friday,GLO,G3 3474,SBGR,SBSV,SBGR-SBSV,14:00,41,39,Atraso Leve (16-45 min),SOLO,3485,210
ANAC_001340,2024-07-09,7,Tuesday,AZU,AD 2722,SBCT,SBKP,SBCT-SBKP,13:00,-3,4,Pontual (D15),PONTUAL,0,210
ANAC_001341,2024-03-26,3,Tuesday,TAM,LA 1746,SBCF,SBKP,SBCF-SBKP,11:30,-4,11,Pontual (D15),PONTUAL,0,150
ANAC_001342,2024-08-30,8,Friday,TAM,LA 3259,SBKP,SBPA,SBKP-SBPA,10:15,53,45,Atraso Moderado (46-120 min),CLIMA,10330,150
ANAC_001343,2024-09-26,9,Thursday,AZU,AD 4001,SBCT,SBPA,SBCT-SBPA,21:45,-8,-2,Pontual (D15),PONTUAL,0,162
ANAC_001344,2024-02-16,2,Friday,GLO,G3 4736,SBRJ,SBSP,SBRJ-SBSP,10:45,1,1,Pontual (D15),PONTUAL,0,174
ANAC_001345,2024-09-14,9,Saturday,GLO,G3 3260,SBCF,SBSV,SBCF-SBSV,22:30,10,7,Pontual (D15),PONTUAL,0,210
ANAC_001346,2024-04-21,4,Sunday,GLO,G3 3590,SBRJ,SBSP,SBRJ-SBSP,22:30,0,13,Pontual (D15),PONTUAL,0,210
ANAC_001347,2024-04-17,4,Wednesday,AZU,AD 3282,SBBR,SBCF,SBBR-SBCF,21:00,5,-7,Pontual (D15),PONTUAL,0,138
ANAC_001348,2024-04-09,4,Tuesday,TAM,LA 1967,SBCT,SBBR,SBCT-SBBR,07:30,103,89,Atraso Moderado (46-120 min),CONEX,15830,162
ANAC_001349,2024-03-20,3,Wednesday,PTB,2Z 1032,SBGR,SBCF,SBGR-SBCF,13:00,45,41,Atraso Leve (16-45 min),CLIMA,3825,186
ANAC_001350,2024-06-01,6,Saturday,PTB,2Z 4490,SBSP,SBRJ,SBSP-SBRJ,15:45,7,-11,Pontual (D15),PONTUAL,0,174
ANAC_001351,2024-08-01,8,Thursday,AZU,AD 3034,SBPA,SBRJ,SBPA-SBRJ,15:15,168,147,Atraso Severo (> 120 min),MANUT,44240,210
ANAC_001352,2024-10-30,10,Wednesday,AZU,AD 1933,SBGR,SBSV,SBGR-SBSV,12:30,4,-11,Pontual (D15),PONTUAL,0,174
ANAC_001353,2024-04-09,4,Tuesday,GLO,G3 3242,SBBR,SBGR,SBBR-SBGR,10:15,100,100,Atraso Moderado (46-120 min),CONEX,15500,174
ANAC_001354,2024-02-19,2,Monday,TAM,LA 4712,SBCF,SBSV,SBCF-SBSV,18:00,10,11,Pontual (D15),PONTUAL,0,210
ANAC_001355,2024-06-14,6,Friday,GLO,G3 4995,SBGR,SBSV,SBGR-SBSV,19:30,70,64,Atraso Moderado (46-120 min),MANUT,12200,162
ANAC_001356,2024-03-01,3,Friday,TAM,LA 2080,SBGR,SBBR,SBGR-SBBR,06:15,-8,-7,Pontual (D15),PONTUAL,0,138
ANAC_001357,2024-12-23,12,Monday,TAM,LA 1072,SBRF,SBSP,SBRF-SBSP,10:00,3,9,Pontual (D15),PONTUAL,0,150
ANAC_001358,2024-01-04,1,Thursday,GLO,G3 2790,SBGR,SBSV,SBGR-SBSV,10:15,6,3,Pontual (D15),PONTUAL,0,150
ANAC_001359,2024-05-12,5,Sunday,TAM,LA 1466,SBKP,SBRF,SBKP-SBRF,22:45,-6,11,Pontual (D15),PONTUAL,0,186
ANAC_001360,2024-06-21,6,Friday,AZU,AD 1817,SBPA,SBKP,SBPA-SBKP,06:15,-1,12,Pontual (D15),PONTUAL,0,138
ANAC_001361,2024-04-20,4,Saturday,GLO,G3 3627,SBBR,SBGR,SBBR-SBGR,13:00,37,39,Atraso Leve (16-45 min),CONEX,3145,210
ANAC_001362,2024-12-18,12,Wednesday,GLO,G3 4591,SBGR,SBRJ,SBGR-SBRJ,12:45,3,6,Pontual (D15),PONTUAL,0,138
ANAC_001363,2024-09-21,9,Saturday,AZU,AD 4458,SBSP,SBBR,SBSP-SBBR,17:45,-2,2,Pontual (D15),PONTUAL,0,162
ANAC_001364,2024-06-19,6,Wednesday,GLO,G3 1841,SBKP,SBCF,SBKP-SBCF,09:45,-8,7,Pontual (D15),PONTUAL,0,210
ANAC_001365,2024-05-18,5,Saturday,PTB,2Z 4280,SBGR,SBBR,SBGR-SBBR,10:30,8,5,Pontual (D15),PONTUAL,0,210
ANAC_001366,2024-08-24,8,Saturday,GLO,G3 3639,SBSP,SBRJ,SBSP-SBRJ,19:15,31,29,Atraso Leve (16-45 min),ATC,2635,150
ANAC_001367,2024-08-15,8,Thursday,AZU,AD 1948,SBCF,SBCT,SBCF-SBCT,10:30,5,5,Pontual (D15),PONTUAL,0,162
ANAC_001368,2024-02-25,2,Sunday,GLO,G3 3401,SBKP,SBRF,SBKP-SBRF,14:30,11,9,Pontual (D15),PONTUAL,0,162
ANAC_001369,2024-11-14,11,Thursday,GLO,G3 2336,SBGR,SBPA,SBGR-SBPA,07:30,-1,12,Pontual (D15),PONTUAL,0,162
ANAC_001370,2024-10-19,10,Saturday,GLO,G3 3124,SBGR,SBSV,SBGR-SBSV,17:45,13,10,Pontual (D15),PONTUAL,0,138
ANAC_001371,2024-11-04,11,Monday,GLO,G3 3723,SBBR,SBGR,SBBR-SBGR,09:30,45,48,Atraso Leve (16-45 min),CLIMA,3825,174
ANAC_001372,2024-12-30,12,Monday,AZU,AD 4275,SBGR,SBSV,SBGR-SBSV,22:15,7,-9,Pontual (D15),PONTUAL,0,138
ANAC_001373,2024-12-21,12,Saturday,AZU,AD 1579,SBSV,SBGR,SBSV-SBGR,17:15,10,4,Pontual (D15),PONTUAL,0,174
ANAC_001374,2024-06-27,6,Thursday,AZU,AD 3405,SBGR,SBSV,SBGR-SBSV,16:45,12,1,Pontual (D15),PONTUAL,0,150
ANAC_001375,2024-01-03,1,Wednesday,GLO,G3 2062,SBGR,SBPA,SBGR-SBPA,22:00,14,4,Pontual (D15),PONTUAL,0,138
ANAC_001376,2024-03-23,3,Saturday,TAM,LA 4253,SBKP,SBRF,SBKP-SBRF,11:45,4,-3,Pontual (D15),PONTUAL,0,138
ANAC_001377,2024-12-04,12,Wednesday,TAM,LA 1930,SBGR,SBPA,SBGR-SBPA,18:30,11,0,Pontual (D15),PONTUAL,0,186
ANAC_001378,2024-11-09,11,Saturday,TAM,LA 1242,SBBR,SBCF,SBBR-SBCF,17:15,1,9,Pontual (D15),PONTUAL,0,186
ANAC_001379,2024-11-21,11,Thursday,AZU,AD 2274,SBKP,SBRF,SBKP-SBRF,12:45,7,-6,Pontual (D15),PONTUAL,0,174
ANAC_001380,2024-01-07,1,Sunday,GLO,G3 4647,SBRF,SBPA,SBRF-SBPA,18:00,23,20,Atraso Leve (16-45 min),CONEX,1955,174
ANAC_001381,2024-09-04,9,Wednesday,GLO,G3 4581,SBBR,SBGR,SBBR-SBGR,12:00,1,5,Pontual (D15),PONTUAL,0,138
ANAC_001382,2024-05-20,5,Monday,AZU,AD 4138,SBGR,SBBR,SBGR-SBBR,20:30,24,24,Atraso Leve (16-45 min),CONEX,2040,138
ANAC_001383,2024-02-19,2,Monday,TAM,LA 3249,SBCF,SBKP,SBCF-SBKP,21:15,-6,-7,Pontual (D15),PONTUAL,0,138
ANAC_001384,2024-06-07,6,Friday,GLO,G3 1073,SBRJ,SBSP,SBRJ-SBSP,13:30,13,6,Pontual (D15),PONTUAL,0,210
ANAC_001385,2024-05-04,5,Saturday,AZU,AD 1858,SBGL,SBSV,SBGL-SBSV,22:45,-2,-8,Pontual (D15),PONTUAL,0,162
ANAC_001386,2024-03-25,3,Monday,AZU,AD 2031,SBSP,SBRJ,SBSP-SBRJ,20:30,1,-11,Pontual (D15),PONTUAL,0,162
ANAC_001387,2024-07-25,7,Thursday,GLO,G3 2094,SBGR,SBBR,SBGR-SBBR,06:45,70,62,Atraso Moderado (46-120 min),CLIMA,12200,150
ANAC_001388,2024-10-14,10,Monday,GLO,G3 4562,SBSP,SBRJ,SBSP-SBRJ,08:00,57,64,Atraso Moderado (46-120 min),SOLO,10770,138
ANAC_001389,2024-04-21,4,Sunday,TAM,LA 3154,SBPA,SBRJ,SBPA-SBRJ,08:30,13,12,Pontual (D15),PONTUAL,0,210
ANAC_001390,2024-04-12,4,Friday,AZU,AD 2703,SBRJ,SBSP,SBRJ-SBSP,16:30,-5,5,Pontual (D15),PONTUAL,0,210
ANAC_001391,2024-10-24,10,Thursday,AZU,AD 3607,SBCT,SBPA,SBCT-SBPA,22:15,9,9,Pontual (D15),PONTUAL,0,186
ANAC_001392,2024-07-17,7,Wednesday,AZU,AD 3112,SBGR,SBPA,SBGR-SBPA,13:00,-8,-11,Pontual (D15),PONTUAL,0,150
ANAC_001393,2024-09-14,9,Saturday,AZU,AD 2576,SBKP,SBCF,SBKP-SBCF,16:15,35,37,Atraso Leve (16-45 min),ATC,2975,186
ANAC_001394,2024-01-29,1,Monday,GLO,G3 4528,SBGR,SBBR,SBGR-SBBR,21:00,14,-6,Pontual (D15),PONTUAL,0,138
ANAC_001395,2024-01-15,1,Monday,TAM,LA 3741,SBKP,SBCF,SBKP-SBCF,17:45,20,22,Atraso Leve (16-45 min),ATC,1700,186
ANAC_001396,2024-07-24,7,Wednesday,AZU,AD 4518,SBGR,SBBR,SBGR-SBBR,16:15,-1,0,Pontual (D15),PONTUAL,0,150
ANAC_001397,2024-06-18,6,Tuesday,GLO,G3 4781,SBBR,SBCF,SBBR-SBCF,13:45,12,-7,Pontual (D15),PONTUAL,0,174
ANAC_001398,2024-05-30,5,Thursday,AZU,AD 2351,SBBR,SBGR,SBBR-SBGR,07:00,-8,13,Pontual (D15),PONTUAL,0,162
ANAC_001399,2024-03-13,3,Wednesday,GLO,G3 3642,SBKP,SBCF,SBKP-SBCF,10:30,4,-6,Pontual (D15),PONTUAL,0,174
ANAC_001400,2024-08-21,8,Wednesday,TAM,LA 2876,SBGR,SBBR,SBGR-SBBR,07:00,-6,-1,Pontual (D15),PONTUAL,0,138
ANAC_001401,2024-08-11,8,Sunday,GLO,G3 3599,SBGR,SBBR,SBGR-SBBR,10:30,59,53,Atraso Moderado (46-120 min),MANUT,10990,210
ANAC_001402,2024-10-28,10,Monday,GLO,G3 1623,SBRJ,SBSP,SBRJ-SBSP,14:00,13,4,Pontual (D15),PONTUAL,0,162
ANAC_001403,2024-07-02,7,Tuesday,GLO,G3 4438,SBKP,SBRF,SBKP-SBRF,13:00,-9,13,Pontual (D15),PONTUAL,0,138
ANAC_001404,2024-06-25,6,Tuesday,AZU,AD 4028,SBRJ,SBSP,SBRJ-SBSP,07:45,100,113,Atraso Moderado (46-120 min),CONEX,15500,150
ANAC_001405,2024-04-27,4,Saturday,AZU,AD 1650,SBCF,SBRF,SBCF-SBRF,18:15,0,9,Pontual (D15),PONTUAL,0,210
ANAC_001406,2024-08-31,8,Saturday,TAM,LA 4496,SBSP,SBRJ,SBSP-SBRJ,16:00,-4,10,Pontual (D15),PONTUAL,0,210
ANAC_001407,2024-10-29,10,Tuesday,TAM,LA 1791,SBCF,SBKP,SBCF-SBKP,07:45,4,2,Pontual (D15),PONTUAL,0,174
ANAC_001408,2024-01-04,1,Thursday,AZU,AD 1632,SBPA,SBCT,SBPA-SBCT,15:15,3,5,Pontual (D15),PONTUAL,0,210
ANAC_001409,2024-08-21,8,Wednesday,AZU,AD 1877,SBGR,SBPA,SBGR-SBPA,07:15,-3,0,Pontual (D15),PONTUAL,0,186
ANAC_001410,2024-04-21,4,Sunday,TAM,LA 1138,SBCF,SBPA,SBCF-SBPA,06:00,2,-10,Pontual (D15),PONTUAL,0,162
ANAC_001411,2024-04-26,4,Friday,AZU,AD 2627,SBBR,SBCF,SBBR-SBCF,11:15,14,9,Pontual (D15),PONTUAL,0,174
ANAC_001412,2024-04-08,4,Monday,TAM,LA 4472,SBKP,SBCF,SBKP-SBCF,06:00,84,71,Atraso Moderado (46-120 min),CONEX,13740,174
ANAC_001413,2024-10-13,10,Sunday,AZU,AD 3547,SBCF,SBSV,SBCF-SBSV,12:45,6,6,Pontual (D15),PONTUAL,0,186
ANAC_001414,2024-05-19,5,Sunday,GLO,G3 1799,SBRJ,SBGL,SBRJ-SBGL,07:00,-8,4,Pontual (D15),PONTUAL,0,150
ANAC_001415,2024-12-13,12,Friday,TAM,LA 4513,SBKP,SBCF,SBKP-SBCF,17:45,114,115,Atraso Moderado (46-120 min),CLIMA,17040,162
ANAC_001416,2024-06-27,6,Thursday,TAM,LA 3831,SBSV,SBBR,SBSV-SBBR,10:30,0,-4,Pontual (D15),PONTUAL,0,138
ANAC_001417,2024-05-29,5,Wednesday,GLO,G3 3028,SBBR,SBGL,SBBR-SBGL,17:30,9,-3,Pontual (D15),PONTUAL,0,150
ANAC_001418,2024-08-21,8,Wednesday,TAM,LA 1448,SBBR,SBGR,SBBR-SBGR,11:30,11,-9,Pontual (D15),PONTUAL,0,162
ANAC_001419,2024-11-09,11,Saturday,TAM,LA 2222,SBGR,SBSV,SBGR-SBSV,16:15,-7,8,Pontual (D15),PONTUAL,0,174
ANAC_001420,2024-11-11,11,Monday,TAM,LA 2607,SBKP,SBRJ,SBKP-SBRJ,19:30,6,-6,Pontual (D15),PONTUAL,0,150
ANAC_001421,2024-07-07,7,Sunday,GLO,G3 4000,SBGR,SBPA,SBGR-SBPA,17:15,126,132,Atraso Severo (> 120 min),CLIMA,36680,150
ANAC_001422,2024-01-20,1,Saturday,TAM,LA 3349,SBGR,SBBR,SBGR-SBBR,11:15,31,31,Atraso Leve (16-45 min),ATC,2635,210
ANAC_001423,2024-04-21,4,Sunday,GLO,G3 3861,SBSV,SBKP,SBSV-SBKP,10:30,94,103,Atraso Moderado (46-120 min),CLIMA,14840,138
ANAC_001424,2024-08-21,8,Wednesday,GLO,G3 3183,SBRJ,SBSP,SBRJ-SBSP,07:45,42,35,Atraso Leve (16-45 min),ATC,3570,150
ANAC_001425,2024-09-30,9,Monday,GLO,G3 2390,SBKP,SBRF,SBKP-SBRF,18:45,-3,10,Pontual (D15),PONTUAL,0,210
ANAC_001426,2024-05-05,5,Sunday,TAM,LA 2934,SBGR,SBPA,SBGR-SBPA,13:30,79,79,Atraso Moderado (46-120 min),CLIMA,13190,186
ANAC_001427,2024-11-21,11,Thursday,GLO,G3 1947,SBRF,SBPA,SBRF-SBPA,10:30,12,-11,Pontual (D15),PONTUAL,0,150
ANAC_001428,2024-03-23,3,Saturday,GLO,G3 3029,SBRJ,SBSP,SBRJ-SBSP,19:45,1,1,Pontual (D15),PONTUAL,0,138
ANAC_001429,2024-02-15,2,Thursday,AZU,AD 1711,SBGR,SBBR,SBGR-SBBR,09:00,5,-1,Pontual (D15),PONTUAL,0,174
ANAC_001430,2024-01-02,1,Tuesday,AZU,AD 2302,SBRF,SBGR,SBRF-SBGR,16:00,0,4,Pontual (D15),PONTUAL,0,150
ANAC_001431,2024-06-19,6,Wednesday,TAM,LA 4008,SBKP,SBRF,SBKP-SBRF,12:45,14,9,Pontual (D15),PONTUAL,0,174
ANAC_001432,2024-05-25,5,Saturday,GLO,G3 3902,SBGR,SBSV,SBGR-SBSV,10:45,20,17,Atraso Leve (16-45 min),ATC,1700,162
ANAC_001433,2024-07-06,7,Saturday,TAM,LA 1560,SBGR,SBPA,SBGR-SBPA,21:15,98,106,Atraso Moderado (46-120 min),CLIMA,15280,186
ANAC_001434,2024-03-02,3,Saturday,GLO,G3 1766,SBBR,SBCF,SBBR-SBCF,14:00,2,9,Pontual (D15),PONTUAL,0,186
ANAC_001435,2024-03-15,3,Friday,AZU,AD 2596,SBSP,SBGL,SBSP-SBGL,20:00,98,103,Atraso Moderado (46-120 min),CLIMA,15280,210
ANAC_001436,2024-01-16,1,Tuesday,PTB,2Z 1230,SBKP,SBRF,SBKP-SBRF,14:45,6,-6,Pontual (D15),PONTUAL,0,138
ANAC_001437,2024-12-13,12,Friday,AZU,AD 1753,SBCF,SBKP,SBCF-SBKP,18:45,8,-10,Pontual (D15),PONTUAL,0,138
ANAC_001438,2024-03-11,3,Monday,GLO,G3 3770,SBKP,SBPA,SBKP-SBPA,22:00,8,8,Pontual (D15),PONTUAL,0,210
ANAC_001439,2024-01-20,1,Saturday,TAM,LA 2870,SBGR,SBPA,SBGR-SBPA,06:45,38,37,Atraso Leve (16-45 min),ATC,3230,162
ANAC_001440,2024-08-07,8,Wednesday,AZU,AD 4863,SBBR,SBGR,SBBR-SBGR,14:15,54,55,Atraso Moderado (46-120 min),CLIMA,10440,150
ANAC_001441,2024-11-11,11,Monday,GLO,G3 3413,SBSP,SBRJ,SBSP-SBRJ,16:30,29,29,Atraso Leve (16-45 min),ATC,2465,186
ANAC_001442,2024-12-11,12,Wednesday,TAM,LA 2387,SBKP,SBSP,SBKP-SBSP,20:00,-1,1,Pontual (D15),PONTUAL,0,150
ANAC_001443,2024-08-26,8,Monday,TAM,LA 1507,SBGR,SBSV,SBGR-SBSV,19:45,0,0,Cancelado,CLIMA,50250,174
ANAC_001444,2024-06-05,6,Wednesday,TAM,LA 1399,SBRJ,SBSP,SBRJ-SBSP,18:30,10,5,Pontual (D15),PONTUAL,0,186
ANAC_001445,2024-01-04,1,Thursday,TAM,LA 4652,SBSP,SBRJ,SBSP-SBRJ,21:30,12,1,Pontual (D15),PONTUAL,0,162
ANAC_001446,2024-06-15,6,Saturday,GLO,G3 3642,SBKP,SBRF,SBKP-SBRF,09:30,51,56,Atraso Moderado (46-120 min),ATC,10110,150
ANAC_001447,2024-03-18,3,Monday,GLO,G3 2602,SBGR,SBPA,SBGR-SBPA,20:30,-6,1,Pontual (D15),PONTUAL,0,210
ANAC_001448,2024-06-09,6,Sunday,TAM,LA 1908,SBSP,SBRJ,SBSP-SBRJ,12:30,17,17,Atraso Leve (16-45 min),CONEX,1445,186
ANAC_001449,2024-01-13,1,Saturday,TAM,LA 3199,SBKP,SBCF,SBKP-SBCF,16:45,-5,-3,Pontual (D15),PONTUAL,0,138
ANAC_001450,2024-05-10,5,Friday,TAM,LA 3529,SBSP,SBRJ,SBSP-SBRJ,11:00,-8,8,Pontual (D15),PONTUAL,0,186
ANAC_001451,2024-10-04,10,Friday,AZU,AD 1448,SBBR,SBGR,SBBR-SBGR,16:30,-3,5,Pontual (D15),PONTUAL,0,210
ANAC_001452,2024-02-02,2,Friday,TAM,LA 4821,SBCF,SBGL,SBCF-SBGL,06:45,5,11,Pontual (D15),PONTUAL,0,210
ANAC_001453,2024-04-07,4,Sunday,AZU,AD 4336,SBGR,SBPA,SBGR-SBPA,06:30,2,-2,Pontual (D15),PONTUAL,0,210
ANAC_001454,2024-05-18,5,Saturday,GLO,G3 1769,SBKP,SBGR,SBKP-SBGR,11:45,11,-1,Pontual (D15),PONTUAL,0,174
ANAC_001455,2024-08-14,8,Wednesday,GLO,G3 3422,SBCF,SBKP,SBCF-SBKP,08:00,35,33,Atraso Leve (16-45 min),CLIMA,2975,150
ANAC_001456,2024-02-24,2,Saturday,TAM,LA 1513,SBGR,SBBR,SBGR-SBBR,19:30,36,39,Atraso Leve (16-45 min),CONEX,3060,138
ANAC_001457,2024-01-01,1,Monday,GLO,G3 3843,SBKP,SBCF,SBKP-SBCF,18:00,0,-2,Pontual (D15),PONTUAL,0,210
ANAC_001458,2024-08-11,8,Sunday,TAM,LA 3840,SBBR,SBCF,SBBR-SBCF,19:30,24,26,Atraso Leve (16-45 min),SOLO,2040,150
ANAC_001459,2024-01-08,1,Monday,TAM,LA 2058,SBBR,SBGR,SBBR-SBGR,09:45,32,29,Atraso Leve (16-45 min),ATC,2720,150
ANAC_001460,2024-04-27,4,Saturday,TAM,LA 4738,SBGR,SBPA,SBGR-SBPA,20:30,6,-11,Pontual (D15),PONTUAL,0,210
ANAC_001461,2024-02-04,2,Sunday,TAM,LA 1875,SBRJ,SBSP,SBRJ-SBSP,09:00,-8,0,Pontual (D15),PONTUAL,0,150
ANAC_001462,2024-03-26,3,Tuesday,AZU,AD 3250,SBKP,SBCF,SBKP-SBCF,15:15,-5,-1,Pontual (D15),PONTUAL,0,186
ANAC_001463,2024-02-27,2,Tuesday,TAM,LA 2965,SBSP,SBRJ,SBSP-SBRJ,07:15,52,51,Atraso Moderado (46-120 min),ATC,10220,150
ANAC_001464,2024-08-13,8,Tuesday,GLO,G3 4255,SBCF,SBBR,SBCF-SBBR,20:45,81,85,Atraso Moderado (46-120 min),MANUT,13410,138
ANAC_001465,2024-01-12,1,Friday,AZU,AD 2966,SBBR,SBKP,SBBR-SBKP,14:30,-4,1,Pontual (D15),PONTUAL,0,150
ANAC_001466,2024-09-29,9,Sunday,TAM,LA 1017,SBCF,SBKP,SBCF-SBKP,18:30,1,0,Pontual (D15),PONTUAL,0,174
ANAC_001467,2024-07-23,7,Tuesday,GLO,G3 3286,SBPA,SBCF,SBPA-SBCF,09:45,-1,-4,Pontual (D15),PONTUAL,0,186
ANAC_001468,2024-08-11,8,Sunday,GLO,G3 3172,SBGR,SBBR,SBGR-SBBR,12:45,0,0,Cancelado,MANUT,57252,162
ANAC_001469,2024-04-12,4,Friday,TAM,LA 4884,SBKP,SBCF,SBKP-SBCF,16:15,12,2,Pontual (D15),PONTUAL,0,186
ANAC_001470,2024-03-27,3,Wednesday,TAM,LA 1852,SBBR,SBGR,SBBR-SBGR,12:30,0,8,Pontual (D15),PONTUAL,0,174
ANAC_001471,2024-07-13,7,Saturday,TAM,LA 4977,SBBR,SBGR,SBBR-SBGR,16:00,10,-6,Pontual (D15),PONTUAL,0,186
ANAC_001472,2024-09-22,9,Sunday,TAM,LA 4538,SBPA,SBRF,SBPA-SBRF,12:15,31,34,Atraso Leve (16-45 min),CONEX,2635,174
ANAC_001473,2024-02-12,2,Monday,TAM,LA 3116,SBRJ,SBPA,SBRJ-SBPA,13:15,4,0,Pontual (D15),PONTUAL,0,210
ANAC_001474,2024-06-21,6,Friday,TAM,LA 4087,SBGR,SBSV,SBGR-SBSV,10:45,184,171,Atraso Severo (> 120 min),MANUT,47120,174
ANAC_001475,2024-11-04,11,Monday,GLO,G3 3052,SBBR,SBSP,SBBR-SBSP,07:30,4,-8,Pontual (D15),PONTUAL,0,150
ANAC_001476,2024-03-24,3,Sunday,AZU,AD 3126,SBPA,SBRF,SBPA-SBRF,19:15,16,16,Atraso Leve (16-45 min),CONEX,1360,174
ANAC_001477,2024-04-07,4,Sunday,GLO,G3 4178,SBRJ,SBSP,SBRJ-SBSP,09:30,13,10,Pontual (D15),PONTUAL,0,174
ANAC_001478,2024-10-15,10,Tuesday,TAM,LA 2225,SBGR,SBCF,SBGR-SBCF,14:45,0,11,Pontual (D15),PONTUAL,0,186
ANAC_001479,2024-10-18,10,Friday,AZU,AD 2988,SBKP,SBRF,SBKP-SBRF,21:45,0,4,Pontual (D15),PONTUAL,0,186
ANAC_001480,2024-08-27,8,Tuesday,AZU,AD 2970,SBSP,SBGR,SBSP-SBGR,21:30,0,0,Cancelado,CLIMA,72174,138
ANAC_001481,2024-06-09,6,Sunday,TAM,LA 1390,SBGR,SBSV,SBGR-SBSV,22:45,27,27,Atraso Leve (16-45 min),SOLO,2295,150
ANAC_001482,2024-05-19,5,Sunday,PTB,2Z 4208,SBRJ,SBSP,SBRJ-SBSP,22:00,1,-3,Pontual (D15),PONTUAL,0,174
ANAC_001483,2024-08-03,8,Saturday,TAM,LA 1102,SBGR,SBPA,SBGR-SBPA,11:30,0,0,Cancelado,MANUT,72017,162
ANAC_001484,2024-05-26,5,Sunday,TAM,LA 1107,SBCF,SBKP,SBCF-SBKP,18:15,14,1,Pontual (D15),PONTUAL,0,162
ANAC_001485,2024-02-26,2,Monday,GLO,G3 4309,SBSV,SBGL,SBSV-SBGL,06:45,0,0,Cancelado,CREW,58245,174
ANAC_001486,2024-04-13,4,Saturday,GLO,G3 4838,SBKP,SBCF,SBKP-SBCF,20:45,118,132,Atraso Moderado (46-120 min),CLIMA,17480,138
ANAC_001487,2024-07-21,7,Sunday,AZU,AD 1201,SBCF,SBPA,SBCF-SBPA,21:00,156,146,Atraso Severo (> 120 min),MANUT,42080,162
ANAC_001488,2024-06-23,6,Sunday,GLO,G3 4658,SBBR,SBCF,SBBR-SBCF,14:00,5,-8,Pontual (D15),PONTUAL,0,150
ANAC_001489,2024-11-25,11,Monday,TAM,LA 2614,SBBR,SBCF,SBBR-SBCF,12:30,58,50,Atraso Moderado (46-120 min),CLIMA,10880,150
ANAC_001490,2024-04-03,4,Wednesday,TAM,LA 2329,SBKP,SBGL,SBKP-SBGL,11:00,-1,5,Pontual (D15),PONTUAL,0,150
ANAC_001491,2024-10-21,10,Monday,AZU,AD 4976,SBGR,SBPA,SBGR-SBPA,09:45,63,64,Atraso Moderado (46-120 min),ATC,11430,210
ANAC_001492,2024-12-26,12,Thursday,TAM,LA 4667,SBGR,SBBR,SBGR-SBBR,21:00,-6,1,Pontual (D15),PONTUAL,0,210
ANAC_001493,2024-02-17,2,Saturday,GLO,G3 1864,SBGR,SBBR,SBGR-SBBR,15:45,40,40,Atraso Leve (16-45 min),CREW,3400,150
ANAC_001494,2024-09-30,9,Monday,AZU,AD 1952,SBBR,SBCF,SBBR-SBCF,09:45,0,11,Pontual (D15),PONTUAL,0,210
ANAC_001495,2024-05-23,5,Thursday,PTB,2Z 1862,SBSP,SBRJ,SBSP-SBRJ,22:45,95,98,Atraso Moderado (46-120 min),MANUT,14950,162
ANAC_001496,2024-08-13,8,Tuesday,AZU,AD 4847,SBKP,SBRF,SBKP-SBRF,17:15,-7,-7,Pontual (D15),PONTUAL,0,162
ANAC_001497,2024-07-09,7,Tuesday,AZU,AD 2287,SBGR,SBPA,SBGR-SBPA,08:00,35,33,Atraso Leve (16-45 min),ATC,2975,210
ANAC_001498,2024-09-11,9,Wednesday,TAM,LA 2425,SBSP,SBRJ,SBSP-SBRJ,20:00,48,52,Atraso Moderado (46-120 min),SOLO,9780,186
ANAC_001499,2024-02-18,2,Sunday,TAM,LA 4288,SBCF,SBPA,SBCF-SBPA,20:00,-7,-10,Pontual (D15),PONTUAL,0,186
ANAC_001500,2024-02-19,2,Monday,PTB,2Z 1046,SBSV,SBRJ,SBSV-SBRJ,19:30,120,120,Atraso Moderado (46-120 min),MANUT,17700,186
ANAC_001501,2024-07-19,7,Friday,TAM,LA 2069,SBCF,SBKP,SBCF-SBKP,21:45,3,3,Pontual (D15),PONTUAL,0,210
ANAC_001502,2024-04-19,4,Friday,GLO,G3 1325,SBRJ,SBGR,SBRJ-SBGR,14:00,-9,9,Pontual (D15),PONTUAL,0,210
ANAC_001503,2024-07-20,7,Saturday,GLO,G3 2197,SBGR,SBBR,SBGR-SBBR,12:45,-4,8,Pontual (D15),PONTUAL,0,138
ANAC_001504,2024-02-23,2,Friday,TAM,LA 4554,SBGR,SBBR,SBGR-SBBR,19:00,4,10,Pontual (D15),PONTUAL,0,210
ANAC_001505,2024-06-10,6,Monday,AZU,AD 3720,SBGR,SBBR,SBGR-SBBR,14:45,-3,11,Pontual (D15),PONTUAL,0,210
ANAC_001506,2024-08-21,8,Wednesday,TAM,LA 2786,SBBR,SBGR,SBBR-SBGR,06:00,-7,-11,Pontual (D15),PONTUAL,0,162
ANAC_001507,2024-08-14,8,Wednesday,TAM,LA 2537,SBKP,SBRF,SBKP-SBRF,07:30,192,206,Atraso Severo (> 120 min),MANUT,48560,162
ANAC_001508,2024-08-09,8,Friday,AZU,AD 3964,SBRJ,SBSP,SBRJ-SBSP,13:45,7,2,Pontual (D15),PONTUAL,0,138
ANAC_001509,2024-04-11,4,Thursday,GLO,G3 2929,SBGR,SBGL,SBGR-SBGL,10:30,3,-4,Pontual (D15),PONTUAL,0,162
ANAC_001510,2024-08-14,8,Wednesday,TAM,LA 4125,SBBR,SBCF,SBBR-SBCF,18:30,0,10,Pontual (D15),PONTUAL,0,210
ANAC_001511,2024-07-29,7,Monday,TAM,LA 1495,SBBR,SBGR,SBBR-SBGR,17:15,8,0,Pontual (D15),PONTUAL,0,186
ANAC_001512,2024-07-06,7,Saturday,GLO,G3 2856,SBGR,SBBR,SBGR-SBBR,12:00,-3,-1,Pontual (D15),PONTUAL,0,210
ANAC_001513,2024-09-20,9,Friday,AZU,AD 3240,SBKP,SBRF,SBKP-SBRF,10:30,0,0,Pontual (D15),PONTUAL,0,174
ANAC_001514,2024-10-04,10,Friday,TAM,LA 4962,SBBR,SBGR,SBBR-SBGR,21:15,-8,4,Pontual (D15),PONTUAL,0,138
ANAC_001515,2024-02-23,2,Friday,TAM,LA 1975,SBKP,SBCF,SBKP-SBCF,12:30,11,-11,Pontual (D15),PONTUAL,0,174
ANAC_001516,2024-05-13,5,Monday,PTB,2Z 3519,SBGR,SBBR,SBGR-SBBR,14:45,9,-4,Pontual (D15),PONTUAL,0,68
ANAC_001517,2024-08-21,8,Wednesday,GLO,G3 1175,SBGR,SBPA,SBGR-SBPA,14:00,-8,12,Pontual (D15),PONTUAL,0,150
ANAC_001518,2024-05-25,5,Saturday,TAM,LA 2751,SBGR,SBBR,SBGR-SBBR,16:30,71,73,Atraso Moderado (46-120 min),CONEX,12310,186
ANAC_001519,2024-03-01,3,Friday,TAM,LA 2901,SBBR,SBCF,SBBR-SBCF,07:30,-4,10,Pontual (D15),PONTUAL,0,174
ANAC_001520,2024-04-14,4,Sunday,GLO,G3 2720,SBRJ,SBPA,SBRJ-SBPA,09:15,13,-2,Pontual (D15),PONTUAL,0,162
ANAC_001521,2024-03-19,3,Tuesday,TAM,LA 2694,SBRJ,SBSP,SBRJ-SBSP,18:30,50,52,Atraso Moderado (46-120 min),ATC,10000,210
ANAC_001522,2024-01-27,1,Saturday,TAM,LA 1578,SBBR,SBCF,SBBR-SBCF,20:45,10,-3,Pontual (D15),PONTUAL,0,174
ANAC_001523,2024-04-14,4,Sunday,AZU,AD 1339,SBGL,SBRJ,SBGL-SBRJ,21:30,12,5,Pontual (D15),PONTUAL,0,150
ANAC_001524,2024-07-16,7,Tuesday,GLO,G3 3403,SBKP,SBCF,SBKP-SBCF,10:45,98,86,Atraso Moderado (46-120 min),MANUT,15280,150
ANAC_001525,2024-01-14,1,Sunday,PTB,2Z 2015,SBRJ,SBSP,SBRJ-SBSP,15:30,8,-3,Pontual (D15),PONTUAL,0,162
ANAC_001526,2024-03-21,3,Thursday,AZU,AD 4219,SBKP,SBRF,SBKP-SBRF,08:45,7,-5,Pontual (D15),PONTUAL,0,210
ANAC_001527,2024-05-24,5,Friday,GLO,G3 1079,SBRJ,SBSP,SBRJ-SBSP,17:45,51,48,Atraso Moderado (46-120 min),ATC,10110,186
ANAC_001528,2024-05-19,5,Sunday,GLO,G3 4515,SBSP,SBKP,SBSP-SBKP,21:00,31,32,Atraso Leve (16-45 min),CONEX,2635,150
ANAC_001529,2024-03-27,3,Wednesday,GLO,G3 3880,SBCF,SBKP,SBCF-SBKP,09:00,140,131,Atraso Severo (> 120 min),MANUT,39200,210
ANAC_001530,2024-06-16,6,Sunday,TAM,LA 4708,SBCT,SBGR,SBCT-SBGR,18:30,37,38,Atraso Leve (16-45 min),CONEX,3145,138
ANAC_001531,2024-09-07,9,Saturday,GLO,G3 4688,SBSP,SBRJ,SBSP-SBRJ,22:45,2,-1,Pontual (D15),PONTUAL,0,186
ANAC_001532,2024-07-29,7,Monday,GLO,G3 4411,SBGR,SBBR,SBGR-SBBR,14:15,4,-5,Pontual (D15),PONTUAL,0,186
ANAC_001533,2024-04-17,4,Wednesday,AZU,AD 4595,SBRF,SBCF,SBRF-SBCF,19:15,-5,9,Pontual (D15),PONTUAL,0,162
ANAC_001534,2024-05-23,5,Thursday,TAM,LA 2293,SBBR,SBGR,SBBR-SBGR,22:30,-2,-4,Pontual (D15),PONTUAL,0,138
ANAC_001535,2024-09-25,9,Wednesday,TAM,LA 4196,SBSP,SBRJ,SBSP-SBRJ,10:30,11,3,Pontual (D15),PONTUAL,0,210
ANAC_001536,2024-03-28,3,Thursday,TAM,LA 2491,SBGR,SBPA,SBGR-SBPA,14:30,0,4,Pontual (D15),PONTUAL,0,162
ANAC_001537,2024-09-09,9,Monday,GLO,G3 4747,SBSP,SBSV,SBSP-SBSV,06:45,1,-11,Pontual (D15),PONTUAL,0,138
ANAC_001538,2024-08-10,8,Saturday,AZU,AD 3738,SBGR,SBSV,SBGR-SBSV,12:45,5,-11,Pontual (D15),PONTUAL,0,186
ANAC_001539,2024-12-23,12,Monday,TAM,LA 4433,SBKP,SBRF,SBKP-SBRF,15:30,-9,-3,Pontual (D15),PONTUAL,0,162
ANAC_001540,2024-03-07,3,Thursday,GLO,G3 1994,SBRJ,SBSP,SBRJ-SBSP,14:00,7,7,Pontual (D15),PONTUAL,0,210
ANAC_001541,2024-11-28,11,Thursday,GLO,G3 1244,SBRJ,SBSP,SBRJ-SBSP,11:15,0,0,Cancelado,CREW,75157,210
ANAC_001542,2024-11-04,11,Monday,GLO,G3 3990,SBGR,SBBR,SBGR-SBBR,13:15,-8,2,Pontual (D15),PONTUAL,0,162
ANAC_001543,2024-10-24,10,Thursday,GLO,G3 2121,SBKP,SBCF,SBKP-SBCF,17:30,0,6,Pontual (D15),PONTUAL,0,186
ANAC_001544,2024-06-02,6,Sunday,AZU,AD 2936,SBGR,SBSV,SBGR-SBSV,15:00,49,54,Atraso Moderado (46-120 min),CONEX,9890,210
ANAC_001545,2024-06-25,6,Tuesday,AZU,AD 3653,SBCF,SBSV,SBCF-SBSV,11:00,-8,1,Pontual (D15),PONTUAL,0,150
ANAC_001546,2024-08-11,8,Sunday,TAM,LA 3113,SBKP,SBRF,SBKP-SBRF,10:30,14,-6,Pontual (D15),PONTUAL,0,150
ANAC_001547,2024-04-10,4,Wednesday,PTB,2Z 4317,SBRJ,SBSP,SBRJ-SBSP,20:30,182,170,Atraso Severo (> 120 min),MANUT,46760,68
ANAC_001548,2024-09-13,9,Friday,TAM,LA 3737,SBGR,SBKP,SBGR-SBKP,12:15,-9,4,Pontual (D15),PONTUAL,0,150
ANAC_001549,2024-09-03,9,Tuesday,AZU,AD 4974,SBKP,SBCF,SBKP-SBCF,07:30,3,-2,Pontual (D15),PONTUAL,0,162
ANAC_001550,2024-03-10,3,Sunday,GLO,G3 3042,SBGR,SBBR,SBGR-SBBR,14:00,-1,4,Pontual (D15),PONTUAL,0,174
ANAC_001551,2024-07-05,7,Friday,GLO,G3 1380,SBSP,SBCT,SBSP-SBCT,11:00,11,7,Pontual (D15),PONTUAL,0,186
ANAC_001552,2024-01-25,1,Thursday,PTB,2Z 2153,SBSP,SBRJ,SBSP-SBRJ,06:45,0,2,Pontual (D15),PONTUAL,0,174
ANAC_001553,2024-12-19,12,Thursday,GLO,G3 3746,SBCF,SBKP,SBCF-SBKP,20:30,11,10,Pontual (D15),PONTUAL,0,174
ANAC_001554,2024-10-20,10,Sunday,TAM,LA 2308,SBGL,SBRF,SBGL-SBRF,17:15,53,58,Atraso Moderado (46-120 min),CREW,10330,162
ANAC_001555,2024-08-08,8,Thursday,TAM,LA 1338,SBBR,SBCF,SBBR-SBCF,20:30,0,10,Pontual (D15),PONTUAL,0,138
ANAC_001556,2024-12-30,12,Monday,GLO,G3 3076,SBGR,SBBR,SBGR-SBBR,21:30,-7,2,Pontual (D15),PONTUAL,0,210
ANAC_001557,2024-01-30,1,Tuesday,TAM,LA 2571,SBCT,SBRJ,SBCT-SBRJ,13:30,-8,5,Pontual (D15),PONTUAL,0,138
ANAC_001558,2024-07-30,7,Tuesday,AZU,AD 4763,SBBR,SBGR,SBBR-SBGR,21:45,-9,11,Pontual (D15),PONTUAL,0,186
ANAC_001559,2024-08-19,8,Monday,AZU,AD 2977,SBBR,SBCF,SBBR-SBCF,07:30,-2,13,Pontual (D15),PONTUAL,0,150
ANAC_001560,2024-12-12,12,Thursday,TAM,LA 4167,SBGR,SBSV,SBGR-SBSV,15:45,115,104,Atraso Moderado (46-120 min),CLIMA,17150,174
ANAC_001561,2024-02-27,2,Tuesday,GLO,G3 3897,SBBR,SBCF,SBBR-SBCF,14:00,14,2,Pontual (D15),PONTUAL,0,210
ANAC_001562,2024-03-22,3,Friday,TAM,LA 3911,SBGR,SBBR,SBGR-SBBR,10:15,43,44,Atraso Leve (16-45 min),CONEX,3655,186
ANAC_001563,2024-05-22,5,Wednesday,GLO,G3 3324,SBCT,SBSP,SBCT-SBSP,18:30,6,-10,Pontual (D15),PONTUAL,0,138
ANAC_001564,2024-12-23,12,Monday,AZU,AD 1691,SBCF,SBSV,SBCF-SBSV,21:45,-6,10,Pontual (D15),PONTUAL,0,162
ANAC_001565,2024-07-22,7,Monday,AZU,AD 4976,SBGL,SBCF,SBGL-SBCF,08:15,6,2,Pontual (D15),PONTUAL,0,150
ANAC_001566,2024-12-12,12,Thursday,TAM,LA 3438,SBRJ,SBGR,SBRJ-SBGR,06:45,9,8,Pontual (D15),PONTUAL,0,162
ANAC_001567,2024-05-22,5,Wednesday,GLO,G3 4924,SBBR,SBCF,SBBR-SBCF,13:00,7,-3,Pontual (D15),PONTUAL,0,186
ANAC_001568,2024-02-26,2,Monday,GLO,G3 1631,SBSV,SBCT,SBSV-SBCT,09:45,13,6,Pontual (D15),PONTUAL,0,150
ANAC_001569,2024-07-27,7,Saturday,GLO,G3 2025,SBSP,SBRJ,SBSP-SBRJ,19:15,-7,9,Pontual (D15),PONTUAL,0,150
ANAC_001570,2024-03-11,3,Monday,TAM,LA 1882,SBBR,SBGR,SBBR-SBGR,11:00,47,52,Atraso Moderado (46-120 min),ATC,9670,162
ANAC_001571,2024-09-30,9,Monday,TAM,LA 3812,SBKP,SBCF,SBKP-SBCF,10:45,0,5,Pontual (D15),PONTUAL,0,210
ANAC_001572,2024-07-09,7,Tuesday,TAM,LA 2892,SBKP,SBCF,SBKP-SBCF,15:00,7,-11,Pontual (D15),PONTUAL,0,174
ANAC_001573,2024-11-24,11,Sunday,TAM,LA 1615,SBBR,SBGR,SBBR-SBGR,22:45,13,3,Pontual (D15),PONTUAL,0,210
ANAC_001574,2024-05-01,5,Wednesday,TAM,LA 4338,SBPA,SBRJ,SBPA-SBRJ,18:30,-7,1,Pontual (D15),PONTUAL,0,150
ANAC_001575,2024-12-30,12,Monday,TAM,LA 1330,SBRJ,SBCF,SBRJ-SBCF,10:15,10,13,Pontual (D15),PONTUAL,0,186
ANAC_001576,2024-03-15,3,Friday,GLO,G3 2903,SBBR,SBCF,SBBR-SBCF,20:00,20,18,Atraso Leve (16-45 min),SOLO,1700,174
ANAC_001577,2024-09-21,9,Saturday,TAM,LA 1815,SBRJ,SBSP,SBRJ-SBSP,12:30,4,-4,Pontual (D15),PONTUAL,0,162
ANAC_001578,2024-04-10,4,Wednesday,AZU,AD 3097,SBRJ,SBGR,SBRJ-SBGR,21:15,0,6,Pontual (D15),PONTUAL,0,174
ANAC_001579,2024-09-08,9,Sunday,AZU,AD 2021,SBGL,SBBR,SBGL-SBBR,14:45,9,0,Pontual (D15),PONTUAL,0,150
ANAC_001580,2024-05-28,5,Tuesday,AZU,AD 2999,SBKP,SBRF,SBKP-SBRF,06:45,30,33,Atraso Leve (16-45 min),ATC,2550,210
ANAC_001581,2024-05-07,5,Tuesday,TAM,LA 2651,SBSP,SBRJ,SBSP-SBRJ,20:45,38,40,Atraso Leve (16-45 min),CREW,3230,210
ANAC_001582,2024-03-05,3,Tuesday,GLO,G3 4889,SBRJ,SBGR,SBRJ-SBGR,17:45,-8,3,Pontual (D15),PONTUAL,0,150
ANAC_001583,2024-12-23,12,Monday,GLO,G3 3208,SBSP,SBRJ,SBSP-SBRJ,19:30,35,31,Atraso Leve (16-45 min),SOLO,2975,210
ANAC_001584,2024-03-24,3,Sunday,AZU,AD 4281,SBBR,SBCF,SBBR-SBCF,10:15,12,-5,Pontual (D15),PONTUAL,0,162
ANAC_001585,2024-06-01,6,Saturday,TAM,LA 1201,SBGR,SBPA,SBGR-SBPA,15:45,-3,-2,Pontual (D15),PONTUAL,0,174
ANAC_001586,2024-01-06,1,Saturday,GLO,G3 4732,SBKP,SBCF,SBKP-SBCF,11:00,2,0,Pontual (D15),PONTUAL,0,186
ANAC_001587,2024-02-24,2,Saturday,AZU,AD 4621,SBBR,SBGR,SBBR-SBGR,13:30,-5,0,Pontual (D15),PONTUAL,0,138
ANAC_001588,2024-10-14,10,Monday,GLO,G3 1547,SBRJ,SBSP,SBRJ-SBSP,16:00,6,12,Pontual (D15),PONTUAL,0,138
ANAC_001589,2024-01-31,1,Wednesday,AZU,AD 3056,SBBR,SBGR,SBBR-SBGR,09:00,37,38,Atraso Leve (16-45 min),ATC,3145,210
ANAC_001590,2024-11-30,11,Saturday,AZU,AD 4070,SBGR,SBPA,SBGR-SBPA,18:30,7,5,Pontual (D15),PONTUAL,0,210
ANAC_001591,2024-06-15,6,Saturday,GLO,G3 1586,SBKP,SBRF,SBKP-SBRF,18:30,-5,-3,Pontual (D15),PONTUAL,0,150
ANAC_001592,2024-05-09,5,Thursday,TAM,LA 4613,SBKP,SBCF,SBKP-SBCF,20:30,6,-4,Pontual (D15),PONTUAL,0,174
ANAC_001593,2024-02-20,2,Tuesday,GLO,G3 4629,SBBR,SBSV,SBBR-SBSV,16:45,3,9,Pontual (D15),PONTUAL,0,186
ANAC_001594,2024-01-07,1,Sunday,TAM,LA 3041,SBGR,SBPA,SBGR-SBPA,11:15,29,28,Atraso Leve (16-45 min),CONEX,2465,150
ANAC_001595,2024-08-05,8,Monday,GLO,G3 2914,SBGL,SBBR,SBGL-SBBR,15:15,2,13,Pontual (D15),PONTUAL,0,210
ANAC_001596,2024-11-23,11,Saturday,GLO,G3 3809,SBKP,SBRF,SBKP-SBRF,22:15,6,-7,Pontual (D15),PONTUAL,0,162
ANAC_001597,2024-08-10,8,Saturday,TAM,LA 4985,SBKP,SBCF,SBKP-SBCF,18:45,13,2,Pontual (D15),PONTUAL,0,186
ANAC_001598,2024-04-27,4,Saturday,TAM,LA 3614,SBGR,SBBR,SBGR-SBBR,12:15,7,-9,Pontual (D15),PONTUAL,0,210
ANAC_001599,2024-04-18,4,Thursday,AZU,AD 4811,SBCF,SBKP,SBCF-SBKP,17:45,13,10,Pontual (D15),PONTUAL,0,210
ANAC_001600,2024-06-17,6,Monday,GLO,G3 4051,SBSP,SBRJ,SBSP-SBRJ,15:15,1,-1,Pontual (D15),PONTUAL,0,150
ANAC_001601,2024-09-09,9,Monday,TAM,LA 1730,SBCF,SBGL,SBCF-SBGL,15:00,3,-9,Pontual (D15),PONTUAL,0,138
ANAC_001602,2024-05-12,5,Sunday,TAM,LA 1955,SBGR,SBPA,SBGR-SBPA,14:30,-5,10,Pontual (D15),PONTUAL,0,162
ANAC_001603,2024-05-22,5,Wednesday,AZU,AD 4241,SBSV,SBPA,SBSV-SBPA,08:15,8,12,Pontual (D15),PONTUAL,0,150
ANAC_001604,2024-02-10,2,Saturday,GLO,G3 3185,SBBR,SBRF,SBBR-SBRF,12:00,7,2,Pontual (D15),PONTUAL,0,210
ANAC_001605,2024-08-28,8,Wednesday,GLO,G3 1154,SBGL,SBRF,SBGL-SBRF,11:30,13,13,Pontual (D15),PONTUAL,0,138
ANAC_001606,2024-10-10,10,Thursday,TAM,LA 4646,SBGR,SBBR,SBGR-SBBR,18:30,9,-1,Pontual (D15),PONTUAL,0,150
ANAC_001607,2024-05-29,5,Wednesday,PTB,2Z 2835,SBKP,SBRF,SBKP-SBRF,22:30,82,79,Atraso Moderado (46-120 min),CLIMA,13520,186
ANAC_001608,2024-12-20,12,Friday,TAM,LA 1331,SBKP,SBRF,SBKP-SBRF,16:45,10,0,Pontual (D15),PONTUAL,0,174
ANAC_001609,2024-02-09,2,Friday,TAM,LA 2565,SBGR,SBPA,SBGR-SBPA,22:15,114,104,Atraso Moderado (46-120 min),CLIMA,17040,162
ANAC_001610,2024-08-14,8,Wednesday,AZU,AD 3367,SBCF,SBKP,SBCF-SBKP,06:00,11,6,Pontual (D15),PONTUAL,0,186
ANAC_001611,2024-05-29,5,Wednesday,TAM,LA 2870,SBKP,SBRF,SBKP-SBRF,17:45,93,105,Atraso Moderado (46-120 min),CONEX,14730,210
ANAC_001612,2024-10-22,10,Tuesday,AZU,AD 4010,SBRF,SBKP,SBRF-SBKP,15:00,2,-11,Pontual (D15),PONTUAL,0,162
ANAC_001613,2024-12-03,12,Tuesday,AZU,AD 2407,SBGR,SBPA,SBGR-SBPA,07:30,7,-2,Pontual (D15),PONTUAL,0,174
ANAC_001614,2024-01-17,1,Wednesday,TAM,LA 3371,SBCT,SBKP,SBCT-SBKP,11:15,-5,9,Pontual (D15),PONTUAL,0,174
ANAC_001615,2024-03-04,3,Monday,GLO,G3 1361,SBGR,SBBR,SBGR-SBBR,16:30,7,-3,Pontual (D15),PONTUAL,0,186
ANAC_001616,2024-06-11,6,Tuesday,AZU,AD 4202,SBPA,SBSV,SBPA-SBSV,07:30,24,23,Atraso Leve (16-45 min),CONEX,2040,210
ANAC_001617,2024-11-16,11,Saturday,TAM,LA 2674,SBCF,SBKP,SBCF-SBKP,17:15,-5,6,Pontual (D15),PONTUAL,0,186
ANAC_001618,2024-02-03,2,Saturday,AZU,AD 3083,SBSP,SBGL,SBSP-SBGL,12:45,7,9,Pontual (D15),PONTUAL,0,162
ANAC_001619,2024-05-30,5,Thursday,TAM,LA 4667,SBBR,SBKP,SBBR-SBKP,11:15,2,-2,Pontual (D15),PONTUAL,0,210
ANAC_001620,2024-06-20,6,Thursday,GLO,G3 2041,SBGR,SBSV,SBGR-SBSV,22:00,3,9,Pontual (D15),PONTUAL,0,162
ANAC_001621,2024-09-14,9,Saturday,PTB,2Z 3696,SBBR,SBGR,SBBR-SBGR,20:15,11,-9,Pontual (D15),PONTUAL,0,174
ANAC_001622,2024-06-21,6,Friday,AZU,AD 3158,SBBR,SBCF,SBBR-SBCF,20:00,-6,6,Pontual (D15),PONTUAL,0,150
ANAC_001623,2024-08-19,8,Monday,TAM,LA 3481,SBCF,SBKP,SBCF-SBKP,12:00,-3,7,Pontual (D15),PONTUAL,0,174
ANAC_001624,2024-02-28,2,Wednesday,AZU,AD 4299,SBBR,SBCF,SBBR-SBCF,07:30,12,-1,Pontual (D15),PONTUAL,0,138
ANAC_001625,2024-04-16,4,Tuesday,GLO,G3 4134,SBRF,SBSP,SBRF-SBSP,19:15,59,67,Atraso Moderado (46-120 min),ATC,10990,186
ANAC_001626,2024-02-17,2,Saturday,PTB,2Z 4648,SBKP,SBCT,SBKP-SBCT,12:30,2,3,Pontual (D15),PONTUAL,0,138
ANAC_001627,2024-12-21,12,Saturday,AZU,AD 3788,SBGR,SBGL,SBGR-SBGL,13:15,7,11,Pontual (D15),PONTUAL,0,186
ANAC_001628,2024-05-16,5,Thursday,TAM,LA 3299,SBCF,SBKP,SBCF-SBKP,21:45,-4,1,Pontual (D15),PONTUAL,0,150
ANAC_001629,2024-04-07,4,Sunday,TAM,LA 3922,SBGR,SBPA,SBGR-SBPA,21:15,29,32,Atraso Leve (16-45 min),SOLO,2465,150
ANAC_001630,2024-05-11,5,Saturday,GLO,G3 4140,SBKP,SBCF,SBKP-SBCF,20:45,12,10,Pontual (D15),PONTUAL,0,162
ANAC_001631,2024-01-28,1,Sunday,GLO,G3 4376,SBGR,SBPA,SBGR-SBPA,13:15,16,16,Atraso Leve (16-45 min),SOLO,1360,138
ANAC_001632,2024-05-09,5,Thursday,TAM,LA 4129,SBRJ,SBGR,SBRJ-SBGR,22:30,112,112,Atraso Moderado (46-120 min),CLIMA,16820,174
ANAC_001633,2024-02-24,2,Saturday,GLO,G3 3744,SBKP,SBSV,SBKP-SBSV,21:45,13,9,Pontual (D15),PONTUAL,0,162
ANAC_001634,2024-05-22,5,Wednesday,GLO,G3 2339,SBGR,SBSV,SBGR-SBSV,12:30,8,-4,Pontual (D15),PONTUAL,0,162
ANAC_001635,2024-03-27,3,Wednesday,TAM,LA 2683,SBBR,SBCF,SBBR-SBCF,10:30,5,-2,Pontual (D15),PONTUAL,0,174
ANAC_001636,2024-12-19,12,Thursday,GLO,G3 1710,SBSV,SBSP,SBSV-SBSP,22:15,-8,11,Pontual (D15),PONTUAL,0,210
ANAC_001637,2024-11-27,11,Wednesday,GLO,G3 4362,SBCT,SBRF,SBCT-SBRF,16:15,9,-6,Pontual (D15),PONTUAL,0,174
ANAC_001638,2024-06-18,6,Tuesday,AZU,AD 2495,SBSP,SBRJ,SBSP-SBRJ,15:15,14,-5,Pontual (D15),PONTUAL,0,174
ANAC_001639,2024-07-19,7,Friday,GLO,G3 1454,SBRJ,SBSP,SBRJ-SBSP,14:15,11,1,Pontual (D15),PONTUAL,0,150
ANAC_001640,2024-03-08,3,Friday,TAM,LA 2606,SBRF,SBPA,SBRF-SBPA,06:30,77,87,Atraso Moderado (46-120 min),CLIMA,12970,186
ANAC_001641,2024-03-25,3,Monday,TAM,LA 1766,SBSP,SBRJ,SBSP-SBRJ,07:45,60,61,Atraso Moderado (46-120 min),SOLO,11100,174
ANAC_001642,2024-03-14,3,Thursday,AZU,AD 4969,SBSV,SBCF,SBSV-SBCF,17:45,-8,-9,Pontual (D15),PONTUAL,0,210
ANAC_001643,2024-02-28,2,Wednesday,GLO,G3 3612,SBKP,SBRJ,SBKP-SBRJ,16:15,24,24,Atraso Leve (16-45 min),CONEX,2040,186
ANAC_001644,2024-09-30,9,Monday,GLO,G3 1043,SBRJ,SBSP,SBRJ-SBSP,20:00,58,55,Atraso Moderado (46-120 min),CLIMA,10880,162
ANAC_001645,2024-05-30,5,Thursday,GLO,G3 4955,SBGR,SBSV,SBGR-SBSV,16:15,1,11,Pontual (D15),PONTUAL,0,186
ANAC_001646,2024-01-31,1,Wednesday,TAM,LA 3607,SBRF,SBGL,SBRF-SBGL,16:00,5,-8,Pontual (D15),PONTUAL,0,150
ANAC_001647,2024-03-14,3,Thursday,TAM,LA 2093,SBBR,SBGR,SBBR-SBGR,09:30,8,-7,Pontual (D15),PONTUAL,0,150
ANAC_001648,2024-12-18,12,Wednesday,GLO,G3 2563,SBGL,SBCF,SBGL-SBCF,10:30,10,-4,Pontual (D15),PONTUAL,0,174
ANAC_001649,2024-03-17,3,Sunday,TAM,LA 3746,SBSP,SBPA,SBSP-SBPA,11:30,2,1,Pontual (D15),PONTUAL,0,210
ANAC_001650,2024-09-02,9,Monday,GLO,G3 3077,SBSP,SBRJ,SBSP-SBRJ,06:15,-6,2,Pontual (D15),PONTUAL,0,150
ANAC_001651,2024-12-26,12,Thursday,TAM,LA 2008,SBSP,SBRJ,SBSP-SBRJ,18:00,-8,-6,Pontual (D15),PONTUAL,0,150
ANAC_001652,2024-04-30,4,Tuesday,GLO,G3 3621,SBPA,SBRF,SBPA-SBRF,19:15,0,0,Cancelado,CLIMA,43615,138
ANAC_001653,2024-08-14,8,Wednesday,TAM,LA 2992,SBKP,SBCF,SBKP-SBCF,17:00,12,0,Pontual (D15),PONTUAL,0,162
ANAC_001654,2024-03-01,3,Friday,TAM,LA 3991,SBGL,SBRF,SBGL-SBRF,09:15,14,-9,Pontual (D15),PONTUAL,0,174
ANAC_001655,2024-04-01,4,Monday,GLO,G3 4728,SBKP,SBRF,SBKP-SBRF,13:15,-1,-11,Pontual (D15),PONTUAL,0,138
ANAC_001656,2024-04-29,4,Monday,GLO,G3 3573,SBBR,SBGR,SBBR-SBGR,12:45,12,6,Pontual (D15),PONTUAL,0,162
ANAC_001657,2024-06-18,6,Tuesday,TAM,LA 1764,SBKP,SBRF,SBKP-SBRF,15:15,-3,-6,Pontual (D15),PONTUAL,0,210
ANAC_001658,2024-05-13,5,Monday,PTB,2Z 1079,SBCF,SBKP,SBCF-SBKP,07:30,88,89,Atraso Moderado (46-120 min),CLIMA,14180,210
ANAC_001659,2024-12-09,12,Monday,GLO,G3 3661,SBKP,SBCF,SBKP-SBCF,06:45,17,18,Atraso Leve (16-45 min),CONEX,1445,174
ANAC_001660,2024-10-20,10,Sunday,TAM,LA 1658,SBKP,SBCF,SBKP-SBCF,08:00,40,39,Atraso Leve (16-45 min),CONEX,3400,162
ANAC_001661,2024-02-09,2,Friday,AZU,AD 1669,SBCF,SBKP,SBCF-SBKP,20:45,47,48,Atraso Moderado (46-120 min),ATC,9670,150
ANAC_001662,2024-06-01,6,Saturday,GLO,G3 2009,SBCF,SBKP,SBCF-SBKP,08:30,68,64,Atraso Moderado (46-120 min),CLIMA,11980,138
ANAC_001663,2024-05-07,5,Tuesday,TAM,LA 1688,SBCF,SBKP,SBCF-SBKP,20:15,134,153,Atraso Severo (> 120 min),CLIMA,38120,174
ANAC_001664,2024-05-28,5,Tuesday,GLO,G3 4953,SBKP,SBCF,SBKP-SBCF,21:15,-7,8,Pontual (D15),PONTUAL,0,210
ANAC_001665,2024-05-25,5,Saturday,TAM,LA 4328,SBGR,SBBR,SBGR-SBBR,12:00,11,0,Pontual (D15),PONTUAL,0,210
ANAC_001666,2024-06-22,6,Saturday,GLO,G3 2078,SBGR,SBSV,SBGR-SBSV,08:15,1,-5,Pontual (D15),PONTUAL,0,186
ANAC_001667,2024-02-13,2,Tuesday,TAM,LA 1362,SBSP,SBPA,SBSP-SBPA,19:00,45,50,Atraso Leve (16-45 min),SOLO,3825,210
ANAC_001668,2024-04-16,4,Tuesday,TAM,LA 4849,SBGR,SBBR,SBGR-SBBR,18:30,23,21,Atraso Leve (16-45 min),MANUT,1955,174
ANAC_001669,2024-04-03,4,Wednesday,GLO,G3 3689,SBRJ,SBRF,SBRJ-SBRF,07:30,0,-3,Pontual (D15),PONTUAL,0,174
ANAC_001670,2024-06-29,6,Saturday,GLO,G3 1828,SBCT,SBSP,SBCT-SBSP,06:30,6,5,Pontual (D15),PONTUAL,0,174
ANAC_001671,2024-04-12,4,Friday,TAM,LA 4070,SBGR,SBPA,SBGR-SBPA,21:45,4,-2,Pontual (D15),PONTUAL,0,150
ANAC_001672,2024-02-17,2,Saturday,TAM,LA 3173,SBPA,SBCT,SBPA-SBCT,14:00,0,8,Pontual (D15),PONTUAL,0,186
ANAC_001673,2024-02-23,2,Friday,TAM,LA 4379,SBGR,SBSV,SBGR-SBSV,13:45,27,26,Atraso Leve (16-45 min),ATC,2295,210
ANAC_001674,2024-06-07,6,Friday,GLO,G3 3905,SBBR,SBCF,SBBR-SBCF,22:15,1,0,Pontual (D15),PONTUAL,0,186
ANAC_001675,2024-10-24,10,Thursday,GLO,G3 4627,SBCF,SBKP,SBCF-SBKP,15:30,4,3,Pontual (D15),PONTUAL,0,186
ANAC_001676,2024-01-07,1,Sunday,TAM,LA 2722,SBGR,SBSV,SBGR-SBSV,17:30,-6,-11,Pontual (D15),PONTUAL,0,174
ANAC_001677,2024-03-09,3,Saturday,GLO,G3 2523,SBGR,SBPA,SBGR-SBPA,11:00,-3,7,Pontual (D15),PONTUAL,0,210
ANAC_001678,2024-05-23,5,Thursday,GLO,G3 4749,SBKP,SBCF,SBKP-SBCF,06:30,0,0,Cancelado,MANUT,64244,210
ANAC_001679,2024-11-14,11,Thursday,GLO,G3 4430,SBKP,SBRF,SBKP-SBRF,17:45,2,4,Pontual (D15),PONTUAL,0,186
ANAC_001680,2024-10-19,10,Saturday,TAM,LA 1221,SBCF,SBKP,SBCF-SBKP,10:45,4,-6,Pontual (D15),PONTUAL,0,210
ANAC_001681,2024-10-24,10,Thursday,GLO,G3 2978,SBRJ,SBSP,SBRJ-SBSP,22:45,-3,-2,Pontual (D15),PONTUAL,0,162
ANAC_001682,2024-04-12,4,Friday,AZU,AD 1759,SBSP,SBRJ,SBSP-SBRJ,21:00,-6,-5,Pontual (D15),PONTUAL,0,150
ANAC_001683,2024-08-04,8,Sunday,TAM,LA 4336,SBSP,SBRJ,SBSP-SBRJ,08:45,126,115,Atraso Severo (> 120 min),MANUT,36680,174
ANAC_001684,2024-03-25,3,Monday,TAM,LA 4032,SBCF,SBKP,SBCF-SBKP,22:15,-5,13,Pontual (D15),PONTUAL,0,150
ANAC_001685,2024-12-19,12,Thursday,AZU,AD 2142,SBPA,SBRJ,SBPA-SBRJ,17:15,0,-1,Pontual (D15),PONTUAL,0,138
ANAC_001686,2024-04-17,4,Wednesday,AZU,AD 1557,SBGR,SBSV,SBGR-SBSV,19:45,87,93,Atraso Moderado (46-120 min),CONEX,14070,150
ANAC_001687,2024-07-24,7,Wednesday,GLO,G3 2499,SBBR,SBSP,SBBR-SBSP,12:30,11,13,Pontual (D15),PONTUAL,0,186
ANAC_001688,2024-04-05,4,Friday,TAM,LA 1447,SBGR,SBPA,SBGR-SBPA,22:45,2,-3,Pontual (D15),PONTUAL,0,186
ANAC_001689,2024-02-02,2,Friday,GLO,G3 3143,SBBR,SBGR,SBBR-SBGR,06:30,3,12,Pontual (D15),PONTUAL,0,210
ANAC_001690,2024-06-22,6,Saturday,TAM,LA 1750,SBKP,SBRF,SBKP-SBRF,21:00,34,38,Atraso Leve (16-45 min),ATC,2890,174
ANAC_001691,2024-05-22,5,Wednesday,GLO,G3 4886,SBKP,SBRF,SBKP-SBRF,08:45,49,43,Atraso Moderado (46-120 min),SOLO,9890,174
ANAC_001692,2024-03-24,3,Sunday,TAM,LA 1997,SBKP,SBRF,SBKP-SBRF,08:15,10,-9,Pontual (D15),PONTUAL,0,186
ANAC_001693,2024-07-28,7,Sunday,GLO,G3 4071,SBGL,SBRJ,SBGL-SBRJ,20:15,1,12,Pontual (D15),PONTUAL,0,138
ANAC_001694,2024-11-09,11,Saturday,AZU,AD 2564,SBGR,SBSV,SBGR-SBSV,19:15,19,21,Atraso Leve (16-45 min),CONEX,1615,210
ANAC_001695,2024-01-05,1,Friday,GLO,G3 2105,SBRJ,SBSP,SBRJ-SBSP,10:30,33,34,Atraso Leve (16-45 min),CONEX,2805,150
ANAC_001696,2024-03-24,3,Sunday,AZU,AD 3691,SBBR,SBCF,SBBR-SBCF,20:00,12,1,Pontual (D15),PONTUAL,0,138
ANAC_001697,2024-02-29,2,Thursday,TAM,LA 2083,SBGL,SBRF,SBGL-SBRF,13:30,-2,-5,Pontual (D15),PONTUAL,0,210
ANAC_001698,2024-08-27,8,Tuesday,TAM,LA 1431,SBCF,SBCT,SBCF-SBCT,22:00,-1,-2,Pontual (D15),PONTUAL,0,162
ANAC_001699,2024-12-16,12,Monday,TAM,LA 3616,SBRF,SBBR,SBRF-SBBR,16:15,63,65,Atraso Moderado (46-120 min),ATC,11430,162
ANAC_001700,2024-01-05,1,Friday,AZU,AD 3642,SBBR,SBGR,SBBR-SBGR,21:45,9,8,Pontual (D15),PONTUAL,0,186
ANAC_001701,2024-01-01,1,Monday,GLO,G3 2785,SBRJ,SBSP,SBRJ-SBSP,19:15,14,2,Pontual (D15),PONTUAL,0,174
ANAC_001702,2024-07-31,7,Wednesday,TAM,LA 2067,SBCF,SBKP,SBCF-SBKP,12:45,11,-5,Pontual (D15),PONTUAL,0,210
ANAC_001703,2024-03-13,3,Wednesday,TAM,LA 4143,SBRF,SBGL,SBRF-SBGL,21:00,11,-7,Pontual (D15),PONTUAL,0,138
ANAC_001704,2024-03-01,3,Friday,TAM,LA 1834,SBKP,SBRF,SBKP-SBRF,06:30,5,-2,Pontual (D15),PONTUAL,0,138
ANAC_001705,2024-12-10,12,Tuesday,GLO,G3 2257,SBRJ,SBKP,SBRJ-SBKP,11:15,-7,-11,Pontual (D15),PONTUAL,0,150
ANAC_001706,2024-07-20,7,Saturday,AZU,AD 4548,SBKP,SBRF,SBKP-SBRF,17:45,1,-7,Pontual (D15),PONTUAL,0,150
ANAC_001707,2024-04-02,4,Tuesday,TAM,LA 3769,SBGR,SBSV,SBGR-SBSV,21:15,0,0,Cancelado,CLIMA,59586,174
ANAC_001708,2024-10-20,10,Sunday,TAM,LA 2434,SBKP,SBCF,SBKP-SBCF,07:15,16,13,Atraso Leve (16-45 min),SOLO,1360,210
ANAC_001709,2024-07-17,7,Wednesday,GLO,G3 3749,SBRJ,SBSP,SBRJ-SBSP,06:00,-8,-1,Pontual (D15),PONTUAL,0,162
ANAC_001710,2024-09-22,9,Sunday,TAM,LA 2176,SBGR,SBSV,SBGR-SBSV,06:15,129,131,Atraso Severo (> 120 min),CLIMA,37220,162
ANAC_001711,2024-08-28,8,Wednesday,TAM,LA 4628,SBKP,SBCF,SBKP-SBCF,08:15,14,0,Pontual (D15),PONTUAL,0,210
ANAC_001712,2024-07-28,7,Sunday,AZU,AD 3021,SBGL,SBSV,SBGL-SBSV,22:00,16,17,Atraso Leve (16-45 min),CONEX,1360,186
ANAC_001713,2024-06-02,6,Sunday,PTB,2Z 2054,SBGR,SBCF,SBGR-SBCF,13:45,173,187,Atraso Severo (> 120 min),CLIMA,45140,174
ANAC_001714,2024-09-15,9,Sunday,TAM,LA 1195,SBSP,SBRJ,SBSP-SBRJ,18:15,114,106,Atraso Moderado (46-120 min),MANUT,17040,186
ANAC_001715,2024-03-07,3,Thursday,AZU,AD 1188,SBSV,SBCT,SBSV-SBCT,07:45,0,-8,Pontual (D15),PONTUAL,0,210
ANAC_001716,2024-04-01,4,Monday,AZU,AD 4195,SBSP,SBRJ,SBSP-SBRJ,20:00,0,-3,Pontual (D15),PONTUAL,0,150
ANAC_001717,2024-06-30,6,Sunday,GLO,G3 1987,SBCF,SBKP,SBCF-SBKP,06:45,11,-2,Pontual (D15),PONTUAL,0,150
ANAC_001718,2024-11-22,11,Friday,TAM,LA 4016,SBBR,SBCF,SBBR-SBCF,19:15,159,164,Atraso Severo (> 120 min),MANUT,42620,174
ANAC_001719,2024-12-01,12,Sunday,AZU,AD 4686,SBRJ,SBBR,SBRJ-SBBR,15:45,2,12,Pontual (D15),PONTUAL,0,150
ANAC_001720,2024-10-09,10,Wednesday,GLO,G3 2400,SBGR,SBBR,SBGR-SBBR,15:30,7,9,Pontual (D15),PONTUAL,0,174
ANAC_001721,2024-11-01,11,Friday,GLO,G3 3663,SBSP,SBRJ,SBSP-SBRJ,22:15,0,0,Cancelado,CLIMA,52252,174
ANAC_001722,2024-04-02,4,Tuesday,TAM,LA 3762,SBCF,SBBR,SBCF-SBBR,09:15,46,51,Atraso Moderado (46-120 min),CONEX,9560,162
ANAC_001723,2024-06-23,6,Sunday,GLO,G3 2803,SBRJ,SBSP,SBRJ-SBSP,15:00,29,26,Atraso Leve (16-45 min),ATC,2465,150
ANAC_001724,2024-02-18,2,Sunday,GLO,G3 4037,SBKP,SBCF,SBKP-SBCF,20:45,5,10,Pontual (D15),PONTUAL,0,138
ANAC_001725,2024-09-25,9,Wednesday,TAM,LA 1815,SBGR,SBSV,SBGR-SBSV,08:00,62,59,Atraso Moderado (46-120 min),SOLO,11320,174
ANAC_001726,2024-05-03,5,Friday,GLO,G3 4537,SBCF,SBKP,SBCF-SBKP,21:30,9,6,Pontual (D15),PONTUAL,0,210
ANAC_001727,2024-07-28,7,Sunday,TAM,LA 2039,SBRJ,SBPA,SBRJ-SBPA,13:30,5,10,Pontual (D15),PONTUAL,0,138
ANAC_001728,2024-08-31,8,Saturday,TAM,LA 3838,SBGL,SBPA,SBGL-SBPA,19:15,-7,12,Pontual (D15),PONTUAL,0,162
ANAC_001729,2024-08-24,8,Saturday,GLO,G3 4209,SBSP,SBCF,SBSP-SBCF,08:15,0,0,Pontual (D15),PONTUAL,0,150
ANAC_001730,2024-10-26,10,Saturday,TAM,LA 3666,SBBR,SBCF,SBBR-SBCF,14:45,143,161,Atraso Severo (> 120 min),MANUT,39740,162
ANAC_001731,2024-12-01,12,Sunday,GLO,G3 3862,SBCT,SBRF,SBCT-SBRF,14:45,3,12,Pontual (D15),PONTUAL,0,162
ANAC_001732,2024-06-05,6,Wednesday,AZU,AD 3968,SBBR,SBCF,SBBR-SBCF,18:15,104,100,Atraso Moderado (46-120 min),CLIMA,15940,150
ANAC_001733,2024-10-03,10,Thursday,GLO,G3 1679,SBCF,SBKP,SBCF-SBKP,12:00,-9,-4,Pontual (D15),PONTUAL,0,138
ANAC_001734,2024-06-26,6,Wednesday,AZU,AD 2822,SBGR,SBPA,SBGR-SBPA,20:00,6,-2,Pontual (D15),PONTUAL,0,138
ANAC_001735,2024-02-19,2,Monday,GLO,G3 3290,SBBR,SBCF,SBBR-SBCF,15:45,3,-11,Pontual (D15),PONTUAL,0,138
ANAC_001736,2024-06-24,6,Monday,TAM,LA 3790,SBGR,SBPA,SBGR-SBPA,10:30,5,2,Pontual (D15),PONTUAL,0,174
ANAC_001737,2024-12-24,12,Tuesday,TAM,LA 4843,SBCT,SBGR,SBCT-SBGR,07:15,10,4,Pontual (D15),PONTUAL,0,138
ANAC_001738,2024-04-22,4,Monday,GLO,G3 4235,SBBR,SBSP,SBBR-SBSP,08:30,35,33,Atraso Leve (16-45 min),CONEX,2975,186
ANAC_001739,2024-04-27,4,Saturday,GLO,G3 3639,SBKP,SBCF,SBKP-SBCF,15:30,-8,7,Pontual (D15),PONTUAL,0,138
ANAC_001740,2024-02-02,2,Friday,AZU,AD 2311,SBGR,SBPA,SBGR-SBPA,12:00,-6,-7,Pontual (D15),PONTUAL,0,174
ANAC_001741,2024-04-17,4,Wednesday,GLO,G3 2462,SBKP,SBRF,SBKP-SBRF,21:30,8,6,Pontual (D15),PONTUAL,0,138
ANAC_001742,2024-12-14,12,Saturday,TAM,LA 2193,SBSP,SBPA,SBSP-SBPA,13:00,13,-3,Pontual (D15),PONTUAL,0,210
ANAC_001743,2024-10-23,10,Wednesday,TAM,LA 3229,SBGR,SBBR,SBGR-SBBR,21:45,3,11,Pontual (D15),PONTUAL,0,174
ANAC_001744,2024-10-07,10,Monday,TAM,LA 3314,SBGR,SBBR,SBGR-SBBR,10:30,10,3,Pontual (D15),PONTUAL,0,174
ANAC_001745,2024-05-21,5,Tuesday,TAM,LA 1899,SBKP,SBRF,SBKP-SBRF,07:00,13,0,Pontual (D15),PONTUAL,0,210
ANAC_001746,2024-04-19,4,Friday,TAM,LA 3126,SBBR,SBCF,SBBR-SBCF,17:30,6,10,Pontual (D15),PONTUAL,0,186
ANAC_001747,2024-06-20,6,Thursday,AZU,AD 4484,SBBR,SBCT,SBBR-SBCT,21:30,12,0,Pontual (D15),PONTUAL,0,162
ANAC_001748,2024-11-26,11,Tuesday,GLO,G3 2114,SBRJ,SBSP,SBRJ-SBSP,13:15,-4,5,Pontual (D15),PONTUAL,0,186
ANAC_001749,2024-07-11,7,Thursday,AZU,AD 3732,SBGL,SBRJ,SBGL-SBRJ,19:00,104,117,Atraso Moderado (46-120 min),CONEX,15940,138
ANAC_001750,2024-04-22,4,Monday,GLO,G3 4002,SBKP,SBRF,SBKP-SBRF,11:45,12,-2,Pontual (D15),PONTUAL,0,210
ANAC_001751,2024-11-15,11,Friday,AZU,AD 2466,SBSV,SBGL,SBSV-SBGL,14:45,29,24,Atraso Leve (16-45 min),CREW,2465,174
ANAC_001752,2024-11-01,11,Friday,GLO,G3 4868,SBRJ,SBSP,SBRJ-SBSP,10:15,0,-7,Pontual (D15),PONTUAL,0,174
ANAC_001753,2024-11-14,11,Thursday,GLO,G3 1823,SBSP,SBRJ,SBSP-SBRJ,11:30,10,-9,Pontual (D15),PONTUAL,0,150
ANAC_001754,2024-06-17,6,Monday,GLO,G3 1078,SBKP,SBGL,SBKP-SBGL,12:15,8,0,Pontual (D15),PONTUAL,0,174
ANAC_001755,2024-04-19,4,Friday,TAM,LA 4245,SBGR,SBSV,SBGR-SBSV,14:15,14,-9,Pontual (D15),PONTUAL,0,150
ANAC_001756,2024-11-19,11,Tuesday,AZU,AD 1701,SBKP,SBRF,SBKP-SBRF,21:45,36,40,Atraso Leve (16-45 min),CONEX,3060,150
ANAC_001757,2024-11-04,11,Monday,TAM,LA 1708,SBGR,SBGL,SBGR-SBGL,18:45,8,9,Pontual (D15),PONTUAL,0,150
ANAC_001758,2024-03-22,3,Friday,TAM,LA 3295,SBGL,SBBR,SBGL-SBBR,08:45,13,-7,Pontual (D15),PONTUAL,0,150
ANAC_001759,2024-08-01,8,Thursday,TAM,LA 3560,SBPA,SBKP,SBPA-SBKP,19:30,12,-10,Pontual (D15),PONTUAL,0,174
ANAC_001760,2024-10-03,10,Thursday,GLO,G3 1363,SBKP,SBBR,SBKP-SBBR,06:00,9,7,Pontual (D15),PONTUAL,0,150
ANAC_001761,2024-05-26,5,Sunday,GLO,G3 3036,SBGR,SBBR,SBGR-SBBR,11:00,134,136,Atraso Severo (> 120 min),CLIMA,38120,186
ANAC_001762,2024-09-05,9,Thursday,TAM,LA 4924,SBSP,SBPA,SBSP-SBPA,14:30,0,0,Cancelado,CLIMA,42860,150
ANAC_001763,2024-04-16,4,Tuesday,GLO,G3 2599,SBPA,SBBR,SBPA-SBBR,18:15,9,-6,Pontual (D15),PONTUAL,0,150
ANAC_001764,2024-06-06,6,Thursday,GLO,G3 3078,SBRJ,SBBR,SBRJ-SBBR,06:45,14,0,Pontual (D15),PONTUAL,0,210
ANAC_001765,2024-01-02,1,Tuesday,GLO,G3 4450,SBRJ,SBPA,SBRJ-SBPA,17:30,18,18,Atraso Leve (16-45 min),CONEX,1530,162
ANAC_001766,2024-10-05,10,Saturday,TAM,LA 3268,SBRF,SBPA,SBRF-SBPA,16:00,-2,-9,Pontual (D15),PONTUAL,0,210
ANAC_001767,2024-10-20,10,Sunday,GLO,G3 4844,SBGR,SBPA,SBGR-SBPA,07:30,-6,-1,Pontual (D15),PONTUAL,0,150
ANAC_001768,2024-09-02,9,Monday,GLO,G3 4987,SBGR,SBBR,SBGR-SBBR,14:30,134,152,Atraso Severo (> 120 min),MANUT,38120,138
ANAC_001769,2024-09-18,9,Wednesday,GLO,G3 1016,SBCF,SBKP,SBCF-SBKP,06:30,56,49,Atraso Moderado (46-120 min),CREW,10660,210
ANAC_001770,2024-07-31,7,Wednesday,GLO,G3 3039,SBGR,SBPA,SBGR-SBPA,15:30,-6,7,Pontual (D15),PONTUAL,0,162
ANAC_001771,2024-05-29,5,Wednesday,TAM,LA 3115,SBBR,SBCF,SBBR-SBCF,18:30,12,1,Pontual (D15),PONTUAL,0,162
ANAC_001772,2024-11-22,11,Friday,TAM,LA 2867,SBRJ,SBSP,SBRJ-SBSP,13:45,0,4,Pontual (D15),PONTUAL,0,174
ANAC_001773,2024-12-11,12,Wednesday,AZU,AD 2378,SBSP,SBRJ,SBSP-SBRJ,20:15,53,50,Atraso Moderado (46-120 min),CONEX,10330,138
ANAC_001774,2024-10-20,10,Sunday,TAM,LA 3312,SBGR,SBSV,SBGR-SBSV,12:15,151,143,Atraso Severo (> 120 min),MANUT,41180,174
ANAC_001775,2024-04-14,4,Sunday,GLO,G3 3882,SBCF,SBKP,SBCF-SBKP,08:00,30,29,Atraso Leve (16-45 min),CONEX,2550,150
ANAC_001776,2024-10-10,10,Thursday,GLO,G3 1876,SBKP,SBRF,SBKP-SBRF,18:00,2,11,Pontual (D15),PONTUAL,0,138
ANAC_001777,2024-06-13,6,Thursday,AZU,AD 1424,SBBR,SBCF,SBBR-SBCF,19:00,5,12,Pontual (D15),PONTUAL,0,174
ANAC_001778,2024-08-26,8,Monday,AZU,AD 4266,SBSP,SBRJ,SBSP-SBRJ,20:30,0,0,Cancelado,MANUT,45580,162
ANAC_001779,2024-05-01,5,Wednesday,GLO,G3 4439,SBGL,SBRJ,SBGL-SBRJ,10:30,13,1,Pontual (D15),PONTUAL,0,186
ANAC_001780,2024-05-08,5,Wednesday,GLO,G3 3975,SBSP,SBPA,SBSP-SBPA,11:45,83,84,Atraso Moderado (46-120 min),CONEX,13630,174
ANAC_001781,2024-06-19,6,Wednesday,GLO,G3 4968,SBBR,SBGR,SBBR-SBGR,07:45,14,10,Pontual (D15),PONTUAL,0,138
ANAC_001782,2024-10-12,10,Saturday,GLO,G3 2151,SBCF,SBKP,SBCF-SBKP,22:15,12,-5,Pontual (D15),PONTUAL,0,174
ANAC_001783,2024-10-11,10,Friday,TAM,LA 4764,SBSP,SBRJ,SBSP-SBRJ,14:00,-5,2,Pontual (D15),PONTUAL,0,162
ANAC_001784,2024-04-12,4,Friday,GLO,G3 2098,SBSP,SBRJ,SBSP-SBRJ,13:30,-3,6,Pontual (D15),PONTUAL,0,174
ANAC_001785,2024-01-23,1,Tuesday,TAM,LA 4348,SBRJ,SBSP,SBRJ-SBSP,11:15,9,7,Pontual (D15),PONTUAL,0,186
ANAC_001786,2024-01-23,1,Tuesday,TAM,LA 2876,SBSP,SBCT,SBSP-SBCT,17:45,-3,-3,Pontual (D15),PONTUAL,0,162
ANAC_001787,2024-09-21,9,Saturday,GLO,G3 1262,SBKP,SBRF,SBKP-SBRF,14:15,5,7,Pontual (D15),PONTUAL,0,138
ANAC_001788,2024-02-07,2,Wednesday,GLO,G3 2435,SBBR,SBGR,SBBR-SBGR,22:45,14,5,Pontual (D15),PONTUAL,0,174
ANAC_001789,2024-05-21,5,Tuesday,TAM,LA 4133,SBGR,SBPA,SBGR-SBPA,19:45,6,-5,Pontual (D15),PONTUAL,0,150
ANAC_001790,2024-03-09,3,Saturday,PTB,2Z 4702,SBRJ,SBSP,SBRJ-SBSP,13:45,8,10,Pontual (D15),PONTUAL,0,138
ANAC_001791,2024-10-31,10,Thursday,TAM,LA 4139,SBKP,SBRF,SBKP-SBRF,18:45,10,0,Pontual (D15),PONTUAL,0,186
ANAC_001792,2024-07-30,7,Tuesday,GLO,G3 2363,SBCF,SBPA,SBCF-SBPA,18:00,102,100,Atraso Moderado (46-120 min),CLIMA,15720,138
ANAC_001793,2024-10-07,10,Monday,AZU,AD 4934,SBBR,SBCT,SBBR-SBCT,06:45,-8,-6,Pontual (D15),PONTUAL,0,174
ANAC_001794,2024-11-27,11,Wednesday,AZU,AD 2925,SBSV,SBSP,SBSV-SBSP,06:15,-3,12,Pontual (D15),PONTUAL,0,150
ANAC_001795,2024-03-26,3,Tuesday,AZU,AD 4168,SBGR,SBSV,SBGR-SBSV,08:00,2,-2,Pontual (D15),PONTUAL,0,174
ANAC_001796,2024-11-13,11,Wednesday,TAM,LA 4937,SBSV,SBRJ,SBSV-SBRJ,14:45,0,-1,Pontual (D15),PONTUAL,0,174
ANAC_001797,2024-07-27,7,Saturday,AZU,AD 1682,SBCF,SBKP,SBCF-SBKP,14:30,7,5,Pontual (D15),PONTUAL,0,162
ANAC_001798,2024-11-06,11,Wednesday,TAM,LA 2771,SBRJ,SBSP,SBRJ-SBSP,13:30,-5,-7,Pontual (D15),PONTUAL,0,210
ANAC_001799,2024-07-17,7,Wednesday,TAM,LA 3413,SBGR,SBPA,SBGR-SBPA,17:15,30,30,Atraso Leve (16-45 min),CONEX,2550,186
ANAC_001800,2024-08-26,8,Monday,TAM,LA 4694,SBGR,SBSV,SBGR-SBSV,12:30,13,-6,Pontual (D15),PONTUAL,0,210
ANAC_001801,2024-10-11,10,Friday,AZU,AD 3502,SBBR,SBGR,SBBR-SBGR,15:15,5,0,Pontual (D15),PONTUAL,0,138
ANAC_001802,2024-09-05,9,Thursday,GLO,G3 1429,SBSV,SBKP,SBSV-SBKP,11:15,-2,7,Pontual (D15),PONTUAL,0,162
ANAC_001803,2024-04-18,4,Thursday,AZU,AD 2995,SBRF,SBSV,SBRF-SBSV,15:00,0,9,Pontual (D15),PONTUAL,0,162
ANAC_001804,2024-03-01,3,Friday,GLO,G3 2947,SBSP,SBRJ,SBSP-SBRJ,18:00,9,4,Pontual (D15),PONTUAL,0,186
ANAC_001805,2024-08-24,8,Saturday,TAM,LA 4664,SBGR,SBSV,SBGR-SBSV,08:15,88,90,Atraso Moderado (46-120 min),CLIMA,14180,150
ANAC_001806,2024-01-19,1,Friday,AZU,AD 1684,SBCT,SBGR,SBCT-SBGR,11:30,0,10,Pontual (D15),PONTUAL,0,210
ANAC_001807,2024-11-16,11,Saturday,TAM,LA 4042,SBGR,SBBR,SBGR-SBBR,09:00,13,-11,Pontual (D15),PONTUAL,0,186
ANAC_001808,2024-08-24,8,Saturday,AZU,AD 4552,SBGL,SBSV,SBGL-SBSV,07:00,6,10,Pontual (D15),PONTUAL,0,162
ANAC_001809,2024-06-11,6,Tuesday,TAM,LA 3068,SBKP,SBRF,SBKP-SBRF,14:30,-7,-10,Pontual (D15),PONTUAL,0,210
ANAC_001810,2024-03-04,3,Monday,PTB,2Z 3150,SBGR,SBSV,SBGR-SBSV,19:15,13,8,Pontual (D15),PONTUAL,0,210
ANAC_001811,2024-10-01,10,Tuesday,GLO,G3 2969,SBKP,SBRF,SBKP-SBRF,10:00,11,10,Pontual (D15),PONTUAL,0,162
ANAC_001812,2024-02-21,2,Wednesday,TAM,LA 3451,SBCF,SBKP,SBCF-SBKP,21:15,2,-3,Pontual (D15),PONTUAL,0,138
ANAC_001813,2024-08-07,8,Wednesday,GLO,G3 2906,SBRJ,SBCF,SBRJ-SBCF,15:15,-8,2,Pontual (D15),PONTUAL,0,150
ANAC_001814,2024-06-28,6,Friday,GLO,G3 3784,SBSP,SBSV,SBSP-SBSV,20:00,4,7,Pontual (D15),PONTUAL,0,162
ANAC_001815,2024-10-04,10,Friday,GLO,G3 2956,SBPA,SBCF,SBPA-SBCF,22:30,4,8,Pontual (D15),PONTUAL,0,186
ANAC_001816,2024-04-16,4,Tuesday,GLO,G3 2967,SBSV,SBPA,SBSV-SBPA,20:15,63,70,Atraso Moderado (46-120 min),CONEX,11430,174
ANAC_001817,2024-05-07,5,Tuesday,AZU,AD 2629,SBRJ,SBSP,SBRJ-SBSP,21:45,-7,2,Pontual (D15),PONTUAL,0,162
ANAC_001818,2024-03-24,3,Sunday,TAM,LA 1814,SBSP,SBRJ,SBSP-SBRJ,17:45,10,0,Pontual (D15),PONTUAL,0,150
ANAC_001819,2024-02-25,2,Sunday,AZU,AD 4651,SBGR,SBPA,SBGR-SBPA,08:00,13,-5,Pontual (D15),PONTUAL,0,150
ANAC_001820,2024-02-12,2,Monday,TAM,LA 4186,SBCF,SBKP,SBCF-SBKP,14:15,-3,0,Pontual (D15),PONTUAL,0,186
ANAC_001821,2024-05-21,5,Tuesday,TAM,LA 3178,SBKP,SBRF,SBKP-SBRF,22:30,12,1,Pontual (D15),PONTUAL,0,210
ANAC_001822,2024-10-07,10,Monday,GLO,G3 1744,SBGR,SBSV,SBGR-SBSV,15:30,12,2,Pontual (D15),PONTUAL,0,138
ANAC_001823,2024-02-19,2,Monday,AZU,AD 1927,SBKP,SBCF,SBKP-SBCF,13:45,-3,3,Pontual (D15),PONTUAL,0,174
ANAC_001824,2024-12-15,12,Sunday,GLO,G3 3351,SBSP,SBSV,SBSP-SBSV,18:45,-8,-8,Pontual (D15),PONTUAL,0,162
ANAC_001825,2024-08-10,8,Saturday,TAM,LA 2612,SBGR,SBPA,SBGR-SBPA,13:15,62,61,Atraso Moderado (46-120 min),MANUT,11320,138
ANAC_001826,2024-02-04,2,Sunday,TAM,LA 1845,SBCF,SBSP,SBCF-SBSP,16:45,-4,8,Pontual (D15),PONTUAL,0,162
ANAC_001827,2024-09-17,9,Tuesday,TAM,LA 2827,SBRF,SBCF,SBRF-SBCF,15:15,3,-4,Pontual (D15),PONTUAL,0,186
ANAC_001828,2024-12-19,12,Thursday,TAM,LA 3722,SBGR,SBSV,SBGR-SBSV,19:45,39,33,Atraso Leve (16-45 min),SOLO,3315,138
ANAC_001829,2024-07-09,7,Tuesday,AZU,AD 1986,SBGR,SBSV,SBGR-SBSV,06:15,7,0,Pontual (D15),PONTUAL,0,162
ANAC_001830,2024-09-19,9,Thursday,TAM,LA 3954,SBKP,SBCT,SBKP-SBCT,17:30,4,-6,Pontual (D15),PONTUAL,0,162
ANAC_001831,2024-08-12,8,Monday,TAM,LA 3502,SBKP,SBRF,SBKP-SBRF,10:30,7,-6,Pontual (D15),PONTUAL,0,150
ANAC_001832,2024-01-18,1,Thursday,AZU,AD 1291,SBRJ,SBKP,SBRJ-SBKP,09:15,0,13,Pontual (D15),PONTUAL,0,186
ANAC_001833,2024-04-16,4,Tuesday,TAM,LA 2824,SBBR,SBCF,SBBR-SBCF,11:45,2,1,Pontual (D15),PONTUAL,0,162
ANAC_001834,2024-02-19,2,Monday,AZU,AD 4330,SBGR,SBPA,SBGR-SBPA,16:45,90,89,Atraso Moderado (46-120 min),CLIMA,14400,186
ANAC_001835,2024-12-08,12,Sunday,TAM,LA 2994,SBCF,SBKP,SBCF-SBKP,13:45,6,-4,Pontual (D15),PONTUAL,0,186
ANAC_001836,2024-09-03,9,Tuesday,GLO,G3 4094,SBBR,SBGR,SBBR-SBGR,14:00,14,-8,Pontual (D15),PONTUAL,0,138
ANAC_001837,2024-07-18,7,Thursday,GLO,G3 2264,SBSP,SBCF,SBSP-SBCF,11:00,11,-1,Pontual (D15),PONTUAL,0,162
ANAC_001838,2024-06-21,6,Friday,GLO,G3 1534,SBSV,SBGL,SBSV-SBGL,18:00,8,-2,Pontual (D15),PONTUAL,0,150
ANAC_001839,2024-09-17,9,Tuesday,PTB,2Z 2741,SBGR,SBPA,SBGR-SBPA,16:45,44,49,Atraso Leve (16-45 min),MANUT,3740,186
ANAC_001840,2024-02-11,2,Sunday,PTB,2Z 2251,SBBR,SBGR,SBBR-SBGR,08:00,13,0,Pontual (D15),PONTUAL,0,68
ANAC_001841,2024-04-04,4,Thursday,GLO,G3 3788,SBBR,SBGR,SBBR-SBGR,10:15,-9,6,Pontual (D15),PONTUAL,0,174
ANAC_001842,2024-08-30,8,Friday,GLO,G3 2540,SBBR,SBGR,SBBR-SBGR,19:45,13,-11,Pontual (D15),PONTUAL,0,210
ANAC_001843,2024-11-10,11,Sunday,TAM,LA 1437,SBGL,SBGR,SBGL-SBGR,12:00,-4,-10,Pontual (D15),PONTUAL,0,210
ANAC_001844,2024-03-12,3,Tuesday,GLO,G3 3183,SBSP,SBRJ,SBSP-SBRJ,07:45,0,6,Pontual (D15),PONTUAL,0,174
ANAC_001845,2024-12-01,12,Sunday,TAM,LA 3162,SBBR,SBCF,SBBR-SBCF,17:00,6,-7,Pontual (D15),PONTUAL,0,162
ANAC_001846,2024-04-23,4,Tuesday,TAM,LA 1497,SBGL,SBKP,SBGL-SBKP,19:45,-9,8,Pontual (D15),PONTUAL,0,138
ANAC_001847,2024-08-21,8,Wednesday,GLO,G3 4695,SBBR,SBGR,SBBR-SBGR,13:45,61,54,Atraso Moderado (46-120 min),ATC,11210,138
ANAC_001848,2024-11-11,11,Monday,TAM,LA 3892,SBRJ,SBSP,SBRJ-SBSP,18:15,5,1,Pontual (D15),PONTUAL,0,174
ANAC_001849,2024-12-25,12,Wednesday,AZU,AD 2805,SBKP,SBCF,SBKP-SBCF,15:30,11,-8,Pontual (D15),PONTUAL,0,150
ANAC_001850,2024-07-27,7,Saturday,AZU,AD 2799,SBPA,SBGR,SBPA-SBGR,09:15,-2,6,Pontual (D15),PONTUAL,0,210
ANAC_001851,2024-08-29,8,Thursday,TAM,LA 1811,SBGR,SBBR,SBGR-SBBR,17:30,59,67,Atraso Moderado (46-120 min),SOLO,10990,174
ANAC_001852,2024-06-09,6,Sunday,GLO,G3 1436,SBGR,SBSV,SBGR-SBSV,06:45,3,3,Pontual (D15),PONTUAL,0,150
ANAC_001853,2024-10-30,10,Wednesday,TAM,LA 2319,SBSP,SBRJ,SBSP-SBRJ,16:15,18,15,Atraso Leve (16-45 min),ATC,1530,138
ANAC_001854,2024-08-01,8,Thursday,TAM,LA 1465,SBGR,SBSV,SBGR-SBSV,13:30,0,0,Cancelado,CLIMA,44475,138
ANAC_001855,2024-06-22,6,Saturday,AZU,AD 1902,SBKP,SBCF,SBKP-SBCF,21:00,1,-3,Pontual (D15),PONTUAL,0,174
ANAC_001856,2024-06-19,6,Wednesday,GLO,G3 3503,SBSP,SBBR,SBSP-SBBR,13:15,4,-7,Pontual (D15),PONTUAL,0,174
ANAC_001857,2024-09-17,9,Tuesday,TAM,LA 1110,SBCF,SBBR,SBCF-SBBR,12:15,3,-7,Pontual (D15),PONTUAL,0,186
ANAC_001858,2024-07-01,7,Monday,GLO,G3 3463,SBCF,SBSV,SBCF-SBSV,10:45,13,-11,Pontual (D15),PONTUAL,0,210
ANAC_001859,2024-01-06,1,Saturday,AZU,AD 3633,SBKP,SBCF,SBKP-SBCF,14:45,-6,-6,Pontual (D15),PONTUAL,0,210
ANAC_001860,2024-09-22,9,Sunday,AZU,AD 1961,SBGL,SBCF,SBGL-SBCF,07:30,-5,7,Pontual (D15),PONTUAL,0,138
ANAC_001861,2024-11-11,11,Monday,GLO,G3 4581,SBGR,SBSV,SBGR-SBSV,12:30,61,64,Atraso Moderado (46-120 min),SOLO,11210,162
ANAC_001862,2024-03-31,3,Sunday,TAM,LA 4159,SBRF,SBGL,SBRF-SBGL,17:30,-1,4,Pontual (D15),PONTUAL,0,150
ANAC_001863,2024-11-11,11,Monday,TAM,LA 4950,SBKP,SBRF,SBKP-SBRF,18:30,34,39,Atraso Leve (16-45 min),CONEX,2890,186
ANAC_001864,2024-12-10,12,Tuesday,AZU,AD 2716,SBBR,SBCF,SBBR-SBCF,10:45,14,-10,Pontual (D15),PONTUAL,0,150
ANAC_001865,2024-12-01,12,Sunday,TAM,LA 2887,SBBR,SBGR,SBBR-SBGR,21:15,14,3,Pontual (D15),PONTUAL,0,186
ANAC_001866,2024-02-02,2,Friday,AZU,AD 2050,SBGR,SBSV,SBGR-SBSV,20:00,10,9,Pontual (D15),PONTUAL,0,210
ANAC_001867,2024-05-24,5,Friday,TAM,LA 4368,SBSP,SBRJ,SBSP-SBRJ,19:00,14,-5,Pontual (D15),PONTUAL,0,150
ANAC_001868,2024-11-06,11,Wednesday,GLO,G3 4373,SBKP,SBRF,SBKP-SBRF,19:45,8,13,Pontual (D15),PONTUAL,0,162
ANAC_001869,2024-12-12,12,Thursday,PTB,2Z 2474,SBBR,SBCF,SBBR-SBCF,16:45,4,-8,Pontual (D15),PONTUAL,0,210
ANAC_001870,2024-10-16,10,Wednesday,TAM,LA 1701,SBKP,SBCF,SBKP-SBCF,14:00,55,58,Atraso Moderado (46-120 min),CONEX,10550,138
ANAC_001871,2024-12-24,12,Tuesday,AZU,AD 3551,SBBR,SBCF,SBBR-SBCF,06:45,-9,-2,Pontual (D15),PONTUAL,0,150
ANAC_001872,2024-05-06,5,Monday,GLO,G3 4424,SBSP,SBPA,SBSP-SBPA,07:15,18,17,Atraso Leve (16-45 min),CONEX,1530,162
ANAC_001873,2024-07-19,7,Friday,AZU,AD 2242,SBGR,SBSV,SBGR-SBSV,07:30,-7,-1,Pontual (D15),PONTUAL,0,138
ANAC_001874,2024-06-08,6,Saturday,GLO,G3 4428,SBBR,SBRJ,SBBR-SBRJ,09:00,3,8,Pontual (D15),PONTUAL,0,210
ANAC_001875,2024-04-22,4,Monday,GLO,G3 1372,SBCF,SBSV,SBCF-SBSV,19:45,12,0,Pontual (D15),PONTUAL,0,186
ANAC_001876,2024-11-01,11,Friday,GLO,G3 2547,SBKP,SBRF,SBKP-SBRF,13:00,4,-11,Pontual (D15),PONTUAL,0,138
ANAC_001877,2024-07-12,7,Friday,TAM,LA 2607,SBBR,SBCF,SBBR-SBCF,18:00,1,-7,Pontual (D15),PONTUAL,0,174
ANAC_001878,2024-01-10,1,Wednesday,AZU,AD 2552,SBBR,SBGR,SBBR-SBGR,07:15,13,12,Pontual (D15),PONTUAL,0,186
ANAC_001879,2024-03-22,3,Friday,GLO,G3 2603,SBBR,SBGR,SBBR-SBGR,19:45,10,-4,Pontual (D15),PONTUAL,0,162
ANAC_001880,2024-10-17,10,Thursday,AZU,AD 2848,SBBR,SBCF,SBBR-SBCF,12:00,12,1,Pontual (D15),PONTUAL,0,150
ANAC_001881,2024-06-16,6,Sunday,TAM,LA 1121,SBGR,SBSV,SBGR-SBSV,13:30,-1,9,Pontual (D15),PONTUAL,0,138
ANAC_001882,2024-03-27,3,Wednesday,GLO,G3 2769,SBGR,SBBR,SBGR-SBBR,12:15,5,1,Pontual (D15),PONTUAL,0,138
ANAC_001883,2024-07-11,7,Thursday,AZU,AD 3664,SBBR,SBCF,SBBR-SBCF,18:00,22,20,Atraso Leve (16-45 min),CREW,1870,210
ANAC_001884,2024-08-16,8,Friday,AZU,AD 2825,SBGR,SBCT,SBGR-SBCT,16:30,64,58,Atraso Moderado (46-120 min),ATC,11540,210
ANAC_001885,2024-07-15,7,Monday,GLO,G3 4533,SBRJ,SBSP,SBRJ-SBSP,21:00,-3,11,Pontual (D15),PONTUAL,0,162
ANAC_001886,2024-09-15,9,Sunday,PTB,2Z 1774,SBCT,SBRF,SBCT-SBRF,17:30,73,81,Atraso Moderado (46-120 min),CONEX,12530,162
ANAC_001887,2024-12-26,12,Thursday,GLO,G3 3684,SBSP,SBRJ,SBSP-SBRJ,07:30,11,-11,Pontual (D15),PONTUAL,0,186
ANAC_001888,2024-12-20,12,Friday,GLO,G3 3996,SBGR,SBBR,SBGR-SBBR,17:30,41,44,Atraso Leve (16-45 min),ATC,3485,174
ANAC_001889,2024-10-13,10,Sunday,GLO,G3 1882,SBRJ,SBSP,SBRJ-SBSP,21:30,8,-4,Pontual (D15),PONTUAL,0,162
ANAC_001890,2024-06-28,6,Friday,TAM,LA 3713,SBGR,SBBR,SBGR-SBBR,16:45,36,40,Atraso Leve (16-45 min),ATC,3060,174
ANAC_001891,2024-05-17,5,Friday,GLO,G3 2763,SBGL,SBPA,SBGL-SBPA,13:15,6,13,Pontual (D15),PONTUAL,0,162
ANAC_001892,2024-01-15,1,Monday,TAM,LA 2756,SBBR,SBRF,SBBR-SBRF,07:30,8,13,Pontual (D15),PONTUAL,0,210
ANAC_001893,2024-05-25,5,Saturday,PTB,2Z 4607,SBGL,SBKP,SBGL-SBKP,19:30,17,18,Atraso Leve (16-45 min),CONEX,1445,210
ANAC_001894,2024-02-15,2,Thursday,TAM,LA 2863,SBGR,SBPA,SBGR-SBPA,21:45,8,7,Pontual (D15),PONTUAL,0,174
ANAC_001895,2024-07-15,7,Monday,GLO,G3 1768,SBKP,SBRF,SBKP-SBRF,19:00,87,80,Atraso Moderado (46-120 min),CLIMA,14070,210
ANAC_001896,2024-05-18,5,Saturday,TAM,LA 4595,SBCT,SBRJ,SBCT-SBRJ,07:15,-5,3,Pontual (D15),PONTUAL,0,210
ANAC_001897,2024-12-27,12,Friday,GLO,G3 1631,SBSP,SBRJ,SBSP-SBRJ,11:45,-5,-4,Pontual (D15),PONTUAL,0,210
ANAC_001898,2024-03-30,3,Saturday,TAM,LA 4804,SBKP,SBCF,SBKP-SBCF,14:30,0,-2,Pontual (D15),PONTUAL,0,162
ANAC_001899,2024-12-19,12,Thursday,TAM,LA 2962,SBRJ,SBSP,SBRJ-SBSP,19:00,0,2,Pontual (D15),PONTUAL,0,186
ANAC_001900,2024-08-13,8,Tuesday,GLO,G3 2415,SBGR,SBBR,SBGR-SBBR,12:00,17,18,Atraso Leve (16-45 min),CONEX,1445,186
ANAC_001901,2024-06-05,6,Wednesday,GLO,G3 4789,SBBR,SBGR,SBBR-SBGR,11:00,-6,-7,Pontual (D15),PONTUAL,0,162
ANAC_001902,2024-05-26,5,Sunday,GLO,G3 3611,SBBR,SBKP,SBBR-SBKP,20:15,0,0,Cancelado,CLIMA,53200,138
ANAC_001903,2024-01-01,1,Monday,TAM,LA 1964,SBCF,SBSP,SBCF-SBSP,08:30,13,-7,Pontual (D15),PONTUAL,0,138
ANAC_001904,2024-12-16,12,Monday,TAM,LA 2464,SBGR,SBPA,SBGR-SBPA,19:45,42,40,Atraso Leve (16-45 min),ATC,3570,150
ANAC_001905,2024-04-21,4,Sunday,TAM,LA 2315,SBKP,SBCF,SBKP-SBCF,16:45,14,7,Pontual (D15),PONTUAL,0,210
ANAC_001906,2024-01-07,1,Sunday,AZU,AD 3250,SBRJ,SBSP,SBRJ-SBSP,11:45,-1,13,Pontual (D15),PONTUAL,0,150
ANAC_001907,2024-12-09,12,Monday,TAM,LA 1384,SBSP,SBRJ,SBSP-SBRJ,14:15,148,147,Atraso Severo (> 120 min),CLIMA,40640,210
ANAC_001908,2024-03-13,3,Wednesday,GLO,G3 3796,SBKP,SBCF,SBKP-SBCF,13:45,81,70,Atraso Moderado (46-120 min),CONEX,13410,186
ANAC_001909,2024-04-06,4,Saturday,GLO,G3 2016,SBKP,SBCF,SBKP-SBCF,19:00,62,59,Atraso Moderado (46-120 min),CLIMA,11320,210
ANAC_001910,2024-07-21,7,Sunday,GLO,G3 4265,SBCF,SBKP,SBCF-SBKP,07:30,0,0,Cancelado,CREW,67560,162
ANAC_001911,2024-08-02,8,Friday,TAM,LA 2779,SBRF,SBRJ,SBRF-SBRJ,22:00,-9,2,Pontual (D15),PONTUAL,0,150
ANAC_001912,2024-03-21,3,Thursday,TAM,LA 3614,SBCT,SBKP,SBCT-SBKP,17:00,31,31,Atraso Leve (16-45 min),CLIMA,2635,174
ANAC_001913,2024-05-04,5,Saturday,AZU,AD 4131,SBKP,SBCF,SBKP-SBCF,19:00,41,44,Atraso Leve (16-45 min),CLIMA,3485,138
ANAC_001914,2024-10-13,10,Sunday,TAM,LA 1885,SBKP,SBCF,SBKP-SBCF,18:30,-2,8,Pontual (D15),PONTUAL,0,162
ANAC_001915,2024-09-18,9,Wednesday,GLO,G3 4722,SBSP,SBRJ,SBSP-SBRJ,13:45,1,5,Pontual (D15),PONTUAL,0,162
ANAC_001916,2024-02-22,2,Thursday,GLO,G3 2677,SBGR,SBSV,SBGR-SBSV,11:30,10,12,Pontual (D15),PONTUAL,0,174
ANAC_001917,2024-01-08,1,Monday,TAM,LA 2358,SBGR,SBSV,SBGR-SBSV,08:30,135,123,Atraso Severo (> 120 min),MANUT,38300,210
ANAC_001918,2024-11-10,11,Sunday,GLO,G3 1090,SBGR,SBBR,SBGR-SBBR,11:00,-8,-9,Pontual (D15),PONTUAL,0,174
ANAC_001919,2024-05-05,5,Sunday,AZU,AD 1518,SBRJ,SBSP,SBRJ-SBSP,20:45,8,12,Pontual (D15),PONTUAL,0,150
ANAC_001920,2024-11-28,11,Thursday,AZU,AD 3094,SBSV,SBSP,SBSV-SBSP,06:00,5,6,Pontual (D15),PONTUAL,0,210
ANAC_001921,2024-06-01,6,Saturday,TAM,LA 3017,SBGR,SBPA,SBGR-SBPA,07:45,50,44,Atraso Moderado (46-120 min),SOLO,10000,162
ANAC_001922,2024-07-25,7,Thursday,GLO,G3 4864,SBSP,SBRJ,SBSP-SBRJ,16:15,57,50,Atraso Moderado (46-120 min),CONEX,10770,186
ANAC_001923,2024-10-21,10,Monday,GLO,G3 3633,SBKP,SBCF,SBKP-SBCF,08:15,18,15,Atraso Leve (16-45 min),CONEX,1530,162
ANAC_001924,2024-02-24,2,Saturday,GLO,G3 4788,SBGR,SBPA,SBGR-SBPA,08:45,19,17,Atraso Leve (16-45 min),CONEX,1615,162
ANAC_001925,2024-07-14,7,Sunday,GLO,G3 2646,SBKP,SBRF,SBKP-SBRF,16:30,62,57,Atraso Moderado (46-120 min),ATC,11320,210
ANAC_001926,2024-08-06,8,Tuesday,GLO,G3 1813,SBRJ,SBSP,SBRJ-SBSP,16:15,7,9,Pontual (D15),PONTUAL,0,150
ANAC_001927,2024-02-17,2,Saturday,GLO,G3 3113,SBGR,SBBR,SBGR-SBBR,08:45,53,57,Atraso Moderado (46-120 min),CLIMA,10330,174
ANAC_001928,2024-09-21,9,Saturday,TAM,LA 3252,SBSP,SBRJ,SBSP-SBRJ,22:45,0,1,Pontual (D15),PONTUAL,0,150
ANAC_001929,2024-01-26,1,Friday,GLO,G3 3019,SBBR,SBGR,SBBR-SBGR,15:30,-3,4,Pontual (D15),PONTUAL,0,150
ANAC_001930,2024-04-24,4,Wednesday,GLO,G3 3635,SBSV,SBBR,SBSV-SBBR,22:30,0,0,Cancelado,CLIMA,45240,138
ANAC_001931,2024-11-09,11,Saturday,TAM,LA 4159,SBGL,SBSP,SBGL-SBSP,14:15,0,-3,Pontual (D15),PONTUAL,0,138
ANAC_001932,2024-05-20,5,Monday,AZU,AD 3955,SBGR,SBSV,SBGR-SBSV,06:00,-8,-4,Pontual (D15),PONTUAL,0,150
ANAC_001933,2024-12-07,12,Saturday,AZU,AD 1993,SBKP,SBCF,SBKP-SBCF,22:15,8,-6,Pontual (D15),PONTUAL,0,174
ANAC_001934,2024-11-18,11,Monday,GLO,G3 2110,SBKP,SBRF,SBKP-SBRF,13:30,-3,-3,Pontual (D15),PONTUAL,0,162
ANAC_001935,2024-03-21,3,Thursday,TAM,LA 3711,SBCF,SBKP,SBCF-SBKP,14:45,-7,8,Pontual (D15),PONTUAL,0,150
ANAC_001936,2024-10-23,10,Wednesday,GLO,G3 4232,SBRJ,SBKP,SBRJ-SBKP,19:45,7,-4,Pontual (D15),PONTUAL,0,162
ANAC_001937,2024-12-26,12,Thursday,GLO,G3 4792,SBKP,SBRF,SBKP-SBRF,16:45,9,13,Pontual (D15),PONTUAL,0,186
ANAC_001938,2024-08-10,8,Saturday,PTB,2Z 4995,SBKP,SBRF,SBKP-SBRF,10:45,-8,-3,Pontual (D15),PONTUAL,0,162
ANAC_001939,2024-03-18,3,Monday,TAM,LA 1501,SBKP,SBCF,SBKP-SBCF,06:45,6,10,Pontual (D15),PONTUAL,0,174
ANAC_001940,2024-11-07,11,Thursday,AZU,AD 1868,SBGR,SBSV,SBGR-SBSV,13:45,-2,3,Pontual (D15),PONTUAL,0,210
ANAC_001941,2024-07-17,7,Wednesday,AZU,AD 2283,SBGR,SBPA,SBGR-SBPA,07:15,107,106,Atraso Moderado (46-120 min),CLIMA,16270,186
ANAC_001942,2024-10-24,10,Thursday,AZU,AD 4084,SBCF,SBKP,SBCF-SBKP,19:30,4,12,Pontual (D15),PONTUAL,0,162
ANAC_001943,2024-09-02,9,Monday,GLO,G3 4025,SBBR,SBCF,SBBR-SBCF,14:15,56,58,Atraso Moderado (46-120 min),SOLO,10660,174
ANAC_001944,2024-05-18,5,Saturday,AZU,AD 1168,SBGR,SBPA,SBGR-SBPA,20:45,13,0,Pontual (D15),PONTUAL,0,162
ANAC_001945,2024-06-28,6,Friday,GLO,G3 2417,SBGL,SBCF,SBGL-SBCF,20:30,31,26,Atraso Leve (16-45 min),ATC,2635,210
ANAC_001946,2024-09-02,9,Monday,GLO,G3 4024,SBGR,SBPA,SBGR-SBPA,09:00,-1,8,Pontual (D15),PONTUAL,0,138
ANAC_001947,2024-04-27,4,Saturday,TAM,LA 3594,SBSP,SBCT,SBSP-SBCT,20:15,5,-5,Pontual (D15),PONTUAL,0,210
ANAC_001948,2024-07-29,7,Monday,TAM,LA 2056,SBCF,SBKP,SBCF-SBKP,15:45,6,8,Pontual (D15),PONTUAL,0,210
ANAC_001949,2024-02-29,2,Thursday,TAM,LA 1717,SBKP,SBRF,SBKP-SBRF,16:00,-8,-10,Pontual (D15),PONTUAL,0,162
ANAC_001950,2024-09-30,9,Monday,TAM,LA 1531,SBRJ,SBSP,SBRJ-SBSP,13:30,0,-1,Pontual (D15),PONTUAL,0,186
ANAC_001951,2024-11-28,11,Thursday,TAM,LA 1400,SBKP,SBRF,SBKP-SBRF,15:45,-8,-10,Pontual (D15),PONTUAL,0,186
ANAC_001952,2024-02-16,2,Friday,TAM,LA 3533,SBRJ,SBSP,SBRJ-SBSP,15:00,-8,-1,Pontual (D15),PONTUAL,0,186
ANAC_001953,2024-07-17,7,Wednesday,AZU,AD 2651,SBSP,SBRJ,SBSP-SBRJ,20:30,-5,-6,Pontual (D15),PONTUAL,0,162
ANAC_001954,2024-04-12,4,Friday,TAM,LA 4329,SBGR,SBSV,SBGR-SBSV,11:15,-4,10,Pontual (D15),PONTUAL,0,150
ANAC_001955,2024-03-10,3,Sunday,AZU,AD 1500,SBGR,SBPA,SBGR-SBPA,17:00,-5,-1,Pontual (D15),PONTUAL,0,138
ANAC_001956,2024-11-25,11,Monday,AZU,AD 2783,SBBR,SBCF,SBBR-SBCF,16:45,13,-2,Pontual (D15),PONTUAL,0,162
ANAC_001957,2024-09-22,9,Sunday,AZU,AD 3613,SBBR,SBSV,SBBR-SBSV,13:00,103,96,Atraso Moderado (46-120 min),CONEX,15830,186
ANAC_001958,2024-08-15,8,Thursday,AZU,AD 1089,SBKP,SBCF,SBKP-SBCF,11:30,2,9,Pontual (D15),PONTUAL,0,150
ANAC_001959,2024-05-18,5,Saturday,AZU,AD 1895,SBRJ,SBSP,SBRJ-SBSP,19:00,-1,-1,Pontual (D15),PONTUAL,0,210
ANAC_001960,2024-08-21,8,Wednesday,TAM,LA 4012,SBKP,SBCF,SBKP-SBCF,16:30,-9,-6,Pontual (D15),PONTUAL,0,162
ANAC_001961,2024-06-25,6,Tuesday,AZU,AD 1906,SBCT,SBPA,SBCT-SBPA,14:00,10,5,Pontual (D15),PONTUAL,0,162
ANAC_001962,2024-12-05,12,Thursday,GLO,G3 2309,SBCF,SBPA,SBCF-SBPA,20:45,153,131,Atraso Severo (> 120 min),MANUT,41540,174
ANAC_001963,2024-01-21,1,Sunday,TAM,LA 2858,SBKP,SBGR,SBKP-SBGR,17:45,45,43,Atraso Leve (16-45 min),CLIMA,3825,174
ANAC_001964,2024-01-15,1,Monday,GLO,G3 2402,SBGR,SBKP,SBGR-SBKP,14:45,1,-7,Pontual (D15),PONTUAL,0,186
ANAC_001965,2024-09-21,9,Saturday,GLO,G3 3859,SBGR,SBSV,SBGR-SBSV,07:00,0,0,Cancelado,CLIMA,71274,138
ANAC_001966,2024-05-16,5,Thursday,GLO,G3 4954,SBGL,SBKP,SBGL-SBKP,14:30,-7,12,Pontual (D15),PONTUAL,0,150
ANAC_001967,2024-08-21,8,Wednesday,AZU,AD 2029,SBSP,SBRJ,SBSP-SBRJ,19:00,1,9,Pontual (D15),PONTUAL,0,150
ANAC_001968,2024-12-30,12,Monday,GLO,G3 3277,SBKP,SBCF,SBKP-SBCF,07:00,104,98,Atraso Moderado (46-120 min),MANUT,15940,174
ANAC_001969,2024-07-01,7,Monday,GLO,G3 4866,SBBR,SBCF,SBBR-SBCF,09:15,-3,12,Pontual (D15),PONTUAL,0,186
ANAC_001970,2024-08-27,8,Tuesday,GLO,G3 3418,SBBR,SBCF,SBBR-SBCF,12:15,-2,3,Pontual (D15),PONTUAL,0,150
ANAC_001971,2024-01-04,1,Thursday,GLO,G3 4943,SBGL,SBRJ,SBGL-SBRJ,10:45,-4,12,Pontual (D15),PONTUAL,0,150
ANAC_001972,2024-01-10,1,Wednesday,TAM,LA 1483,SBKP,SBRF,SBKP-SBRF,21:15,6,-5,Pontual (D15),PONTUAL,0,186
ANAC_001973,2024-01-24,1,Wednesday,AZU,AD 4691,SBGR,SBPA,SBGR-SBPA,19:30,92,105,Atraso Moderado (46-120 min),CLIMA,14620,162
ANAC_001974,2024-09-24,9,Tuesday,AZU,AD 1889,SBGR,SBBR,SBGR-SBBR,06:00,101,98,Atraso Moderado (46-120 min),CONEX,15610,150
ANAC_001975,2024-05-10,5,Friday,TAM,LA 3447,SBBR,SBCF,SBBR-SBCF,09:45,23,21,Atraso Leve (16-45 min),CONEX,1955,162
ANAC_001976,2024-12-28,12,Saturday,AZU,AD 4810,SBSP,SBRJ,SBSP-SBRJ,19:45,-8,9,Pontual (D15),PONTUAL,0,162
ANAC_001977,2024-08-30,8,Friday,TAM,LA 1860,SBKP,SBRF,SBKP-SBRF,10:15,3,-8,Pontual (D15),PONTUAL,0,210
ANAC_001978,2024-09-01,9,Sunday,AZU,AD 2605,SBCT,SBBR,SBCT-SBBR,22:45,-6,-2,Pontual (D15),PONTUAL,0,138
ANAC_001979,2024-10-10,10,Thursday,GLO,G3 3415,SBGR,SBGL,SBGR-SBGL,12:15,166,156,Atraso Severo (> 120 min),MANUT,43880,186
ANAC_001980,2024-11-11,11,Monday,AZU,AD 3568,SBCF,SBSP,SBCF-SBSP,19:30,0,-11,Pontual (D15),PONTUAL,0,150
ANAC_001981,2024-06-20,6,Thursday,TAM,LA 1232,SBGR,SBRJ,SBGR-SBRJ,06:45,-5,-6,Pontual (D15),PONTUAL,0,150
ANAC_001982,2024-02-06,2,Tuesday,TAM,LA 3346,SBBR,SBCF,SBBR-SBCF,21:15,12,13,Pontual (D15),PONTUAL,0,174
ANAC_001983,2024-05-03,5,Friday,GLO,G3 1035,SBPA,SBKP,SBPA-SBKP,20:15,12,1,Pontual (D15),PONTUAL,0,162
ANAC_001984,2024-10-11,10,Friday,GLO,G3 2405,SBBR,SBGR,SBBR-SBGR,07:00,83,86,Atraso Moderado (46-120 min),CLIMA,13630,210
ANAC_001985,2024-04-29,4,Monday,GLO,G3 2543,SBGR,SBPA,SBGR-SBPA,21:15,-9,11,Pontual (D15),PONTUAL,0,150
ANAC_001986,2024-04-06,4,Saturday,TAM,LA 3838,SBRJ,SBSP,SBRJ-SBSP,12:45,-1,13,Pontual (D15),PONTUAL,0,150
ANAC_001987,2024-11-09,11,Saturday,GLO,G3 1339,SBGR,SBBR,SBGR-SBBR,17:30,-1,-2,Pontual (D15),PONTUAL,0,186
ANAC_001988,2024-12-18,12,Wednesday,GLO,G3 1552,SBGR,SBBR,SBGR-SBBR,17:00,9,5,Pontual (D15),PONTUAL,0,186
ANAC_001989,2024-04-29,4,Monday,AZU,AD 1684,SBRJ,SBSP,SBRJ-SBSP,14:30,12,-3,Pontual (D15),PONTUAL,0,138
ANAC_001990,2024-01-11,1,Thursday,TAM,LA 1014,SBRJ,SBSP,SBRJ-SBSP,15:00,7,11,Pontual (D15),PONTUAL,0,150
ANAC_001991,2024-06-24,6,Monday,PTB,2Z 3164,SBGR,SBCF,SBGR-SBCF,21:15,-5,-8,Pontual (D15),PONTUAL,0,174
ANAC_001992,2024-09-02,9,Monday,AZU,AD 3624,SBKP,SBCF,SBKP-SBCF,11:15,5,-1,Pontual (D15),PONTUAL,0,138
ANAC_001993,2024-12-22,12,Sunday,GLO,G3 4495,SBRJ,SBSP,SBRJ-SBSP,15:00,0,-11,Pontual (D15),PONTUAL,0,186
ANAC_001994,2024-01-23,1,Tuesday,AZU,AD 4259,SBKP,SBCF,SBKP-SBCF,10:30,8,-4,Pontual (D15),PONTUAL,0,186
ANAC_001995,2024-01-09,1,Tuesday,GLO,G3 3814,SBGL,SBCT,SBGL-SBCT,14:45,-7,-10,Pontual (D15),PONTUAL,0,150
ANAC_001996,2024-08-30,8,Friday,TAM,LA 2200,SBKP,SBRF,SBKP-SBRF,07:00,-6,0,Pontual (D15),PONTUAL,0,138
ANAC_001997,2024-10-01,10,Tuesday,PTB,2Z 3624,SBBR,SBCF,SBBR-SBCF,11:45,11,10,Pontual (D15),PONTUAL,0,68
ANAC_001998,2024-11-15,11,Friday,TAM,LA 1976,SBSP,SBRJ,SBSP-SBRJ,09:15,-6,-2,Pontual (D15),PONTUAL,0,174
ANAC_001999,2024-02-11,2,Sunday,GLO,G3 4386,SBGR,SBPA,SBGR-SBPA,07:00,13,5,Pontual (D15),PONTUAL,0,210
ANAC_002000,2024-06-12,6,Wednesday,GLO,G3 3043,SBGL,SBBR,SBGL-SBBR,13:00,14,4,Pontual (D15),PONTUAL,0,138
ANAC_002001,2024-01-04,1,Thursday,TAM,LA 2276,SBPA,SBRJ,SBPA-SBRJ,12:00,12,7,Pontual (D15),PONTUAL,0,210
ANAC_002002,2024-04-21,4,Sunday,PTB,2Z 2657,SBCF,SBKP,SBCF-SBKP,14:30,-2,2,Pontual (D15),PONTUAL,0,210
ANAC_002003,2024-09-20,9,Friday,GLO,G3 1644,SBGR,SBSV,SBGR-SBSV,09:15,-2,4,Pontual (D15),PONTUAL,0,174
ANAC_002004,2024-01-22,1,Monday,AZU,AD 1261,SBSP,SBCT,SBSP-SBCT,18:30,16,17,Atraso Leve (16-45 min),SOLO,1360,138
ANAC_002005,2024-03-17,3,Sunday,GLO,G3 2046,SBCF,SBKP,SBCF-SBKP,10:15,13,4,Pontual (D15),PONTUAL,0,138
ANAC_002006,2024-08-10,8,Saturday,TAM,LA 1935,SBKP,SBRF,SBKP-SBRF,22:00,-2,7,Pontual (D15),PONTUAL,0,162
ANAC_002007,2024-06-12,6,Wednesday,GLO,G3 2538,SBBR,SBGR,SBBR-SBGR,09:00,38,40,Atraso Leve (16-45 min),CONEX,3230,162
ANAC_002008,2024-02-23,2,Friday,PTB,2Z 2095,SBCT,SBRF,SBCT-SBRF,08:30,21,23,Atraso Leve (16-45 min),ATC,1785,138
ANAC_002009,2024-06-25,6,Tuesday,GLO,G3 4388,SBKP,SBRF,SBKP-SBRF,09:45,65,68,Atraso Moderado (46-120 min),CONEX,11650,138
ANAC_002010,2024-02-12,2,Monday,AZU,AD 2125,SBCF,SBKP,SBCF-SBKP,20:00,24,25,Atraso Leve (16-45 min),ATC,2040,162
ANAC_002011,2024-08-14,8,Wednesday,GLO,G3 1140,SBCT,SBBR,SBCT-SBBR,07:30,0,0,Cancelado,CLIMA,61377,138
ANAC_002012,2024-08-27,8,Tuesday,TAM,LA 1321,SBSP,SBRJ,SBSP-SBRJ,11:30,32,29,Atraso Leve (16-45 min),CONEX,2720,210
ANAC_002013,2024-07-20,7,Saturday,GLO,G3 4066,SBRJ,SBCT,SBRJ-SBCT,20:45,147,159,Atraso Severo (> 120 min),MANUT,40460,138
ANAC_002014,2024-06-27,6,Thursday,GLO,G3 2525,SBGR,SBPA,SBGR-SBPA,10:15,-1,-3,Pontual (D15),PONTUAL,0,162
ANAC_002015,2024-11-24,11,Sunday,TAM,LA 3817,SBKP,SBCF,SBKP-SBCF,11:15,12,-8,Pontual (D15),PONTUAL,0,138
ANAC_002016,2024-10-29,10,Tuesday,TAM,LA 3023,SBGR,SBBR,SBGR-SBBR,18:15,0,12,Pontual (D15),PONTUAL,0,138
ANAC_002017,2024-04-23,4,Tuesday,GLO,G3 1538,SBGL,SBRF,SBGL-SBRF,07:15,59,65,Atraso Moderado (46-120 min),SOLO,10990,138
ANAC_002018,2024-07-25,7,Thursday,GLO,G3 4500,SBBR,SBGR,SBBR-SBGR,07:30,0,-4,Pontual (D15),PONTUAL,0,186
ANAC_002019,2024-06-17,6,Monday,GLO,G3 1735,SBSP,SBRJ,SBSP-SBRJ,09:00,106,111,Atraso Moderado (46-120 min),MANUT,16160,186
ANAC_002020,2024-04-09,4,Tuesday,GLO,G3 4318,SBCF,SBKP,SBCF-SBKP,18:45,-9,-8,Pontual (D15),PONTUAL,0,138
ANAC_002021,2024-07-24,7,Wednesday,AZU,AD 3544,SBKP,SBRJ,SBKP-SBRJ,19:30,-7,-11,Pontual (D15),PONTUAL,0,138
ANAC_002022,2024-11-13,11,Wednesday,TAM,LA 1142,SBCF,SBKP,SBCF-SBKP,19:45,59,57,Atraso Moderado (46-120 min),SOLO,10990,186
ANAC_002023,2024-08-11,8,Sunday,TAM,LA 3954,SBPA,SBBR,SBPA-SBBR,19:15,-9,-9,Pontual (D15),PONTUAL,0,186
ANAC_002024,2024-05-30,5,Thursday,PTB,2Z 3032,SBKP,SBBR,SBKP-SBBR,08:15,24,21,Atraso Leve (16-45 min),CREW,2040,174
ANAC_002025,2024-07-11,7,Thursday,AZU,AD 3336,SBBR,SBCF,SBBR-SBCF,06:30,7,12,Pontual (D15),PONTUAL,0,150
ANAC_002026,2024-04-12,4,Friday,AZU,AD 2078,SBBR,SBCF,SBBR-SBCF,20:30,-1,6,Pontual (D15),PONTUAL,0,150
ANAC_002027,2024-03-16,3,Saturday,GLO,G3 3933,SBRJ,SBBR,SBRJ-SBBR,18:15,60,61,Atraso Moderado (46-120 min),CONEX,11100,210
ANAC_002028,2024-09-17,9,Tuesday,AZU,AD 1944,SBPA,SBRF,SBPA-SBRF,19:15,3,5,Pontual (D15),PONTUAL,0,162
ANAC_002029,2024-09-26,9,Thursday,TAM,LA 1093,SBBR,SBGR,SBBR-SBGR,18:45,88,86,Atraso Moderado (46-120 min),MANUT,14180,162
ANAC_002030,2024-08-02,8,Friday,AZU,AD 2124,SBKP,SBCF,SBKP-SBCF,10:30,-8,-10,Pontual (D15),PONTUAL,0,186
ANAC_002031,2024-06-03,6,Monday,GLO,G3 3821,SBGR,SBKP,SBGR-SBKP,08:00,-6,12,Pontual (D15),PONTUAL,0,186
ANAC_002032,2024-04-21,4,Sunday,GLO,G3 1398,SBGR,SBSV,SBGR-SBSV,17:00,28,29,Atraso Leve (16-45 min),ATC,2380,210
ANAC_002033,2024-11-09,11,Saturday,PTB,2Z 2886,SBGL,SBRF,SBGL-SBRF,20:45,-4,7,Pontual (D15),PONTUAL,0,138
ANAC_002034,2024-11-26,11,Tuesday,PTB,2Z 3927,SBCF,SBCT,SBCF-SBCT,10:45,0,0,Cancelado,MANUT,49847,162
ANAC_002035,2024-02-29,2,Thursday,TAM,LA 2855,SBBR,SBGR,SBBR-SBGR,18:30,-3,-2,Pontual (D15),PONTUAL,0,138
ANAC_002036,2024-08-01,8,Thursday,TAM,LA 4523,SBGR,SBPA,SBGR-SBPA,16:00,17,14,Atraso Leve (16-45 min),CONEX,1445,150
ANAC_002037,2024-09-06,9,Friday,TAM,LA 4863,SBSP,SBRJ,SBSP-SBRJ,14:00,9,12,Pontual (D15),PONTUAL,0,138
ANAC_002038,2024-04-15,4,Monday,AZU,AD 2290,SBSP,SBRJ,SBSP-SBRJ,12:45,23,19,Atraso Leve (16-45 min),ATC,1955,174
ANAC_002039,2024-07-27,7,Saturday,GLO,G3 4033,SBRJ,SBSV,SBRJ-SBSV,07:45,-8,-1,Pontual (D15),PONTUAL,0,174
ANAC_002040,2024-02-11,2,Sunday,PTB,2Z 4929,SBKP,SBRF,SBKP-SBRF,21:15,8,-6,Pontual (D15),PONTUAL,0,210
ANAC_002041,2024-05-22,5,Wednesday,GLO,G3 3130,SBBR,SBGR,SBBR-SBGR,12:30,2,8,Pontual (D15),PONTUAL,0,186
ANAC_002042,2024-09-22,9,Sunday,GLO,G3 2350,SBBR,SBGR,SBBR-SBGR,16:00,-1,-3,Pontual (D15),PONTUAL,0,210
ANAC_002043,2024-05-22,5,Wednesday,PTB,2Z 4984,SBGR,SBPA,SBGR-SBPA,16:15,-8,-8,Pontual (D15),PONTUAL,0,138
ANAC_002044,2024-02-03,2,Saturday,TAM,LA 2967,SBGR,SBPA,SBGR-SBPA,17:30,27,28,Atraso Leve (16-45 min),CLIMA,2295,186
ANAC_002045,2024-11-04,11,Monday,TAM,LA 3358,SBRJ,SBSP,SBRJ-SBSP,07:45,-9,-10,Pontual (D15),PONTUAL,0,210
ANAC_002046,2024-09-27,9,Friday,TAM,LA 1929,SBRJ,SBSP,SBRJ-SBSP,19:45,54,48,Atraso Moderado (46-120 min),SOLO,10440,210
ANAC_002047,2024-07-10,7,Wednesday,GLO,G3 3202,SBGL,SBSP,SBGL-SBSP,13:00,-6,9,Pontual (D15),PONTUAL,0,138
ANAC_002048,2024-02-20,2,Tuesday,GLO,G3 3088,SBCT,SBSV,SBCT-SBSV,17:30,31,29,Atraso Leve (16-45 min),SOLO,2635,174
ANAC_002049,2024-10-04,10,Friday,TAM,LA 2185,SBPA,SBGL,SBPA-SBGL,16:30,47,52,Atraso Moderado (46-120 min),CONEX,9670,210
ANAC_002050,2024-12-30,12,Monday,GLO,G3 4665,SBSP,SBRJ,SBSP-SBRJ,13:30,7,9,Pontual (D15),PONTUAL,0,150
ANAC_002051,2024-02-10,2,Saturday,GLO,G3 2695,SBGL,SBSV,SBGL-SBSV,19:30,6,-5,Pontual (D15),PONTUAL,0,138
ANAC_002052,2024-06-17,6,Monday,GLO,G3 3762,SBKP,SBRF,SBKP-SBRF,21:30,-4,5,Pontual (D15),PONTUAL,0,162
ANAC_002053,2024-03-18,3,Monday,GLO,G3 1721,SBKP,SBRF,SBKP-SBRF,13:00,13,12,Pontual (D15),PONTUAL,0,138
ANAC_002054,2024-09-28,9,Saturday,GLO,G3 4501,SBCF,SBBR,SBCF-SBBR,13:00,87,99,Atraso Moderado (46-120 min),CLIMA,14070,186
ANAC_002055,2024-05-04,5,Saturday,TAM,LA 4642,SBGR,SBBR,SBGR-SBBR,10:00,63,63,Atraso Moderado (46-120 min),ATC,11430,162
ANAC_002056,2024-09-10,9,Tuesday,TAM,LA 1236,SBKP,SBCF,SBKP-SBCF,06:00,-9,-5,Pontual (D15),PONTUAL,0,162
ANAC_002057,2024-12-04,12,Wednesday,TAM,LA 4696,SBGR,SBBR,SBGR-SBBR,10:00,0,-9,Pontual (D15),PONTUAL,0,150
ANAC_002058,2024-09-27,9,Friday,GLO,G3 1287,SBKP,SBRF,SBKP-SBRF,18:45,31,30,Atraso Leve (16-45 min),CLIMA,2635,174
ANAC_002059,2024-12-08,12,Sunday,GLO,G3 1900,SBGR,SBPA,SBGR-SBPA,22:45,77,66,Atraso Moderado (46-120 min),CONEX,12970,186
ANAC_002060,2024-07-24,7,Wednesday,AZU,AD 3179,SBSP,SBCT,SBSP-SBCT,08:00,65,61,Atraso Moderado (46-120 min),CONEX,11650,174
ANAC_002061,2024-02-22,2,Thursday,TAM,LA 4683,SBGR,SBSV,SBGR-SBSV,20:00,13,4,Pontual (D15),PONTUAL,0,162
ANAC_002062,2024-06-05,6,Wednesday,AZU,AD 2844,SBKP,SBRF,SBKP-SBRF,11:30,3,3,Pontual (D15),PONTUAL,0,138
ANAC_002063,2024-06-12,6,Wednesday,TAM,LA 3279,SBBR,SBCF,SBBR-SBCF,12:15,-3,7,Pontual (D15),PONTUAL,0,186
ANAC_002064,2024-06-08,6,Saturday,GLO,G3 2910,SBBR,SBCF,SBBR-SBCF,12:30,-1,-3,Pontual (D15),PONTUAL,0,150
ANAC_002065,2024-10-24,10,Thursday,AZU,AD 3616,SBGL,SBKP,SBGL-SBKP,15:45,11,-10,Pontual (D15),PONTUAL,0,174
ANAC_002066,2024-11-25,11,Monday,AZU,AD 1819,SBSP,SBRJ,SBSP-SBRJ,20:45,21,22,Atraso Leve (16-45 min),SOLO,1785,150
ANAC_002067,2024-05-10,5,Friday,TAM,LA 1578,SBRJ,SBSP,SBRJ-SBSP,08:00,124,111,Atraso Severo (> 120 min),MANUT,36320,162
ANAC_002068,2024-03-17,3,Sunday,GLO,G3 3176,SBGR,SBSV,SBGR-SBSV,13:15,7,12,Pontual (D15),PONTUAL,0,174
ANAC_002069,2024-06-20,6,Thursday,AZU,AD 3176,SBKP,SBCF,SBKP-SBCF,08:30,8,-11,Pontual (D15),PONTUAL,0,210
ANAC_002070,2024-02-10,2,Saturday,GLO,G3 3309,SBCF,SBKP,SBCF-SBKP,18:30,5,-7,Pontual (D15),PONTUAL,0,186
ANAC_002071,2024-04-20,4,Saturday,GLO,G3 4302,SBKP,SBGL,SBKP-SBGL,16:15,-1,-5,Pontual (D15),PONTUAL,0,174
ANAC_002072,2024-01-04,1,Thursday,GLO,G3 2463,SBGR,SBSV,SBGR-SBSV,18:00,14,-5,Pontual (D15),PONTUAL,0,210
ANAC_002073,2024-11-30,11,Saturday,GLO,G3 2754,SBRJ,SBSP,SBRJ-SBSP,13:30,7,-11,Pontual (D15),PONTUAL,0,174
ANAC_002074,2024-10-31,10,Thursday,TAM,LA 1899,SBSP,SBRJ,SBSP-SBRJ,12:00,4,-5,Pontual (D15),PONTUAL,0,138
ANAC_002075,2024-07-10,7,Wednesday,AZU,AD 1333,SBRJ,SBSP,SBRJ-SBSP,09:00,63,63,Atraso Moderado (46-120 min),ATC,11430,210
ANAC_002076,2024-08-06,8,Tuesday,AZU,AD 3884,SBGR,SBPA,SBGR-SBPA,22:45,60,67,Atraso Moderado (46-120 min),CONEX,11100,186
ANAC_002077,2024-09-06,9,Friday,GLO,G3 3482,SBSP,SBKP,SBSP-SBKP,08:30,8,6,Pontual (D15),PONTUAL,0,210
ANAC_002078,2024-01-30,1,Tuesday,GLO,G3 2928,SBKP,SBRF,SBKP-SBRF,22:00,-3,11,Pontual (D15),PONTUAL,0,162
ANAC_002079,2024-05-02,5,Thursday,GLO,G3 1342,SBBR,SBCF,SBBR-SBCF,08:30,21,18,Atraso Leve (16-45 min),SOLO,1785,186
ANAC_002080,2024-12-06,12,Friday,GLO,G3 3501,SBBR,SBPA,SBBR-SBPA,13:15,3,-6,Pontual (D15),PONTUAL,0,174
ANAC_002081,2024-12-02,12,Monday,AZU,AD 4840,SBBR,SBCF,SBBR-SBCF,10:00,-9,0,Pontual (D15),PONTUAL,0,174
ANAC_002082,2024-10-10,10,Thursday,GLO,G3 3086,SBKP,SBRF,SBKP-SBRF,09:45,-1,1,Pontual (D15),PONTUAL,0,138
ANAC_002083,2024-08-28,8,Wednesday,GLO,G3 2434,SBCF,SBSP,SBCF-SBSP,21:30,-6,-3,Pontual (D15),PONTUAL,0,186
ANAC_002084,2024-04-20,4,Saturday,GLO,G3 2316,SBKP,SBRF,SBKP-SBRF,21:45,30,31,Atraso Leve (16-45 min),CONEX,2550,150
ANAC_002085,2024-03-17,3,Sunday,TAM,LA 4228,SBRJ,SBSP,SBRJ-SBSP,08:00,0,7,Pontual (D15),PONTUAL,0,186
ANAC_002086,2024-07-02,7,Tuesday,GLO,G3 2262,SBPA,SBSP,SBPA-SBSP,07:45,11,-6,Pontual (D15),PONTUAL,0,150
ANAC_002087,2024-11-27,11,Wednesday,AZU,AD 1269,SBGR,SBPA,SBGR-SBPA,15:15,6,-4,Pontual (D15),PONTUAL,0,138
ANAC_002088,2024-03-08,3,Friday,TAM,LA 3427,SBCT,SBKP,SBCT-SBKP,10:15,2,9,Pontual (D15),PONTUAL,0,138
ANAC_002089,2024-10-03,10,Thursday,AZU,AD 4517,SBKP,SBRF,SBKP-SBRF,22:00,0,0,Cancelado,CREW,74840,174
ANAC_002090,2024-04-12,4,Friday,GLO,G3 4106,SBBR,SBCF,SBBR-SBCF,14:45,-5,9,Pontual (D15),PONTUAL,0,210
ANAC_002091,2024-01-15,1,Monday,TAM,LA 3338,SBSV,SBRJ,SBSV-SBRJ,11:00,-8,-11,Pontual (D15),PONTUAL,0,162
ANAC_002092,2024-05-21,5,Tuesday,GLO,G3 1868,SBRF,SBGR,SBRF-SBGR,10:00,-6,4,Pontual (D15),PONTUAL,0,174
ANAC_002093,2024-10-09,10,Wednesday,GLO,G3 2923,SBGR,SBBR,SBGR-SBBR,19:30,137,147,Atraso Severo (> 120 min),CONEX,38660,174
ANAC_002094,2024-11-09,11,Saturday,GLO,G3 2122,SBBR,SBCF,SBBR-SBCF,06:00,-4,-2,Pontual (D15),PONTUAL,0,186
ANAC_002095,2024-04-23,4,Tuesday,GLO,G3 3391,SBGL,SBGR,SBGL-SBGR,06:45,9,-10,Pontual (D15),PONTUAL,0,150
ANAC_002096,2024-08-09,8,Friday,GLO,G3 2968,SBGR,SBPA,SBGR-SBPA,06:30,6,-4,Pontual (D15),PONTUAL,0,138
ANAC_002097,2024-07-16,7,Tuesday,AZU,AD 2757,SBKP,SBCF,SBKP-SBCF,20:30,0,7,Pontual (D15),PONTUAL,0,210
ANAC_002098,2024-02-23,2,Friday,GLO,G3 1428,SBCT,SBRF,SBCT-SBRF,09:00,12,-4,Pontual (D15),PONTUAL,0,210
ANAC_002099,2024-02-04,2,Sunday,AZU,AD 4236,SBKP,SBRF,SBKP-SBRF,10:45,12,-7,Pontual (D15),PONTUAL,0,210
ANAC_002100,2024-10-23,10,Wednesday,GLO,G3 4752,SBBR,SBPA,SBBR-SBPA,10:00,6,11,Pontual (D15),PONTUAL,0,186
ANAC_002101,2024-11-05,11,Tuesday,PTB,2Z 2067,SBRJ,SBBR,SBRJ-SBBR,06:15,1,-3,Pontual (D15),PONTUAL,0,68
ANAC_002102,2024-08-03,8,Saturday,TAM,LA 3817,SBKP,SBCF,SBKP-SBCF,10:30,-9,4,Pontual (D15),PONTUAL,0,174
ANAC_002103,2024-01-07,1,Sunday,GLO,G3 3768,SBCF,SBKP,SBCF-SBKP,14:30,94,80,Atraso Moderado (46-120 min),CLIMA,14840,150
ANAC_002104,2024-05-22,5,Wednesday,GLO,G3 4367,SBGR,SBSV,SBGR-SBSV,16:15,-1,3,Pontual (D15),PONTUAL,0,162
ANAC_002105,2024-09-10,9,Tuesday,TAM,LA 4220,SBBR,SBGR,SBBR-SBGR,17:15,7,0,Pontual (D15),PONTUAL,0,210
ANAC_002106,2024-07-07,7,Sunday,GLO,G3 4165,SBGR,SBKP,SBGR-SBKP,10:15,28,31,Atraso Leve (16-45 min),ATC,2380,186
ANAC_002107,2024-10-05,10,Saturday,TAM,LA 2429,SBSP,SBRJ,SBSP-SBRJ,09:30,12,2,Pontual (D15),PONTUAL,0,162
ANAC_002108,2024-05-13,5,Monday,TAM,LA 3094,SBKP,SBCF,SBKP-SBCF,07:00,29,25,Atraso Leve (16-45 min),CONEX,2465,162
ANAC_002109,2024-07-22,7,Monday,TAM,LA 3187,SBBR,SBCF,SBBR-SBCF,10:45,-7,3,Pontual (D15),PONTUAL,0,186
ANAC_002110,2024-05-09,5,Thursday,GLO,G3 1017,SBRF,SBKP,SBRF-SBKP,20:30,107,92,Atraso Moderado (46-120 min),CLIMA,16270,150
ANAC_002111,2024-07-29,7,Monday,TAM,LA 3810,SBRJ,SBSP,SBRJ-SBSP,14:45,9,6,Pontual (D15),PONTUAL,0,210
ANAC_002112,2024-12-30,12,Monday,GLO,G3 3733,SBKP,SBCF,SBKP-SBCF,09:15,30,32,Atraso Leve (16-45 min),ATC,2550,186
ANAC_002113,2024-02-21,2,Wednesday,GLO,G3 4639,SBKP,SBCF,SBKP-SBCF,16:45,12,-8,Pontual (D15),PONTUAL,0,150
ANAC_002114,2024-06-26,6,Wednesday,TAM,LA 1258,SBSP,SBRJ,SBSP-SBRJ,17:30,8,9,Pontual (D15),PONTUAL,0,210
ANAC_002115,2024-06-03,6,Monday,GLO,G3 1810,SBGR,SBSV,SBGR-SBSV,09:00,-9,0,Pontual (D15),PONTUAL,0,174
ANAC_002116,2024-06-25,6,Tuesday,TAM,LA 3967,SBCT,SBRJ,SBCT-SBRJ,12:00,-8,13,Pontual (D15),PONTUAL,0,186
ANAC_002117,2024-03-25,3,Monday,GLO,G3 2226,SBKP,SBSV,SBKP-SBSV,14:00,1,-5,Pontual (D15),PONTUAL,0,162
ANAC_002118,2024-09-04,9,Wednesday,GLO,G3 1854,SBBR,SBGR,SBBR-SBGR,22:00,-3,0,Pontual (D15),PONTUAL,0,138
ANAC_002119,2024-09-23,9,Monday,TAM,LA 3838,SBKP,SBRF,SBKP-SBRF,12:00,126,124,Atraso Severo (> 120 min),MANUT,36680,138
ANAC_002120,2024-07-27,7,Saturday,GLO,G3 1142,SBGR,SBSV,SBGR-SBSV,08:30,31,34,Atraso Leve (16-45 min),CONEX,2635,150
ANAC_002121,2024-07-19,7,Friday,GLO,G3 2741,SBKP,SBCF,SBKP-SBCF,18:15,34,29,Atraso Leve (16-45 min),ATC,2890,162
ANAC_002122,2024-01-06,1,Saturday,TAM,LA 3153,SBSV,SBGR,SBSV-SBGR,18:30,4,-4,Pontual (D15),PONTUAL,0,162
ANAC_002123,2024-12-07,12,Saturday,TAM,LA 3331,SBGR,SBCT,SBGR-SBCT,09:45,10,13,Pontual (D15),PONTUAL,0,150
ANAC_002124,2024-10-02,10,Wednesday,TAM,LA 1317,SBGR,SBPA,SBGR-SBPA,06:30,14,4,Pontual (D15),PONTUAL,0,150
ANAC_002125,2024-05-21,5,Tuesday,TAM,LA 3619,SBGR,SBPA,SBGR-SBPA,17:30,45,42,Atraso Leve (16-45 min),ATC,3825,174
ANAC_002126,2024-07-11,7,Thursday,TAM,LA 1258,SBGR,SBSV,SBGR-SBSV,22:30,0,-2,Pontual (D15),PONTUAL,0,150
ANAC_002127,2024-04-17,4,Wednesday,TAM,LA 2458,SBCF,SBRJ,SBCF-SBRJ,10:00,13,0,Pontual (D15),PONTUAL,0,186
ANAC_002128,2024-04-10,4,Wednesday,AZU,AD 1768,SBPA,SBRJ,SBPA-SBRJ,10:45,-9,8,Pontual (D15),PONTUAL,0,174
ANAC_002129,2024-04-22,4,Monday,PTB,2Z 3403,SBKP,SBRF,SBKP-SBRF,11:30,127,144,Atraso Severo (> 120 min),CLIMA,36860,162
ANAC_002130,2024-10-30,10,Wednesday,TAM,LA 1118,SBGR,SBKP,SBGR-SBKP,20:00,8,4,Pontual (D15),PONTUAL,0,162
ANAC_002131,2024-09-01,9,Sunday,TAM,LA 4432,SBGR,SBPA,SBGR-SBPA,17:45,-8,8,Pontual (D15),PONTUAL,0,174
ANAC_002132,2024-04-03,4,Wednesday,GLO,G3 1400,SBCF,SBKP,SBCF-SBKP,15:45,4,0,Pontual (D15),PONTUAL,0,186
ANAC_002133,2024-06-03,6,Monday,TAM,LA 1124,SBGL,SBRJ,SBGL-SBRJ,14:45,13,6,Pontual (D15),PONTUAL,0,186
ANAC_002134,2024-09-12,9,Thursday,TAM,LA 3301,SBGR,SBBR,SBGR-SBBR,15:00,5,1,Pontual (D15),PONTUAL,0,186
ANAC_002135,2024-03-01,3,Friday,TAM,LA 2365,SBSP,SBRJ,SBSP-SBRJ,06:15,14,-5,Pontual (D15),PONTUAL,0,138
ANAC_002136,2024-03-10,3,Sunday,AZU,AD 3204,SBKP,SBRF,SBKP-SBRF,21:00,-2,-11,Pontual (D15),PONTUAL,0,174
ANAC_002137,2024-03-03,3,Sunday,TAM,LA 1007,SBKP,SBRF,SBKP-SBRF,16:30,7,3,Pontual (D15),PONTUAL,0,186
ANAC_002138,2024-07-26,7,Friday,TAM,LA 1109,SBSP,SBGR,SBSP-SBGR,07:15,10,9,Pontual (D15),PONTUAL,0,150
ANAC_002139,2024-05-08,5,Wednesday,AZU,AD 2913,SBCT,SBPA,SBCT-SBPA,09:00,1,-4,Pontual (D15),PONTUAL,0,150
ANAC_002140,2024-04-19,4,Friday,TAM,LA 1110,SBGR,SBBR,SBGR-SBBR,21:30,-6,-11,Pontual (D15),PONTUAL,0,174
ANAC_002141,2024-10-22,10,Tuesday,GLO,G3 1716,SBGR,SBSV,SBGR-SBSV,12:30,29,30,Atraso Leve (16-45 min),ATC,2465,210
ANAC_002142,2024-03-25,3,Monday,TAM,LA 2825,SBGR,SBPA,SBGR-SBPA,08:15,18,20,Atraso Leve (16-45 min),CONEX,1530,138
ANAC_002143,2024-04-26,4,Friday,TAM,LA 2349,SBGR,SBBR,SBGR-SBBR,18:15,4,1,Pontual (D15),PONTUAL,0,210
ANAC_002144,2024-05-24,5,Friday,GLO,G3 3585,SBBR,SBCF,SBBR-SBCF,17:15,32,34,Atraso Leve (16-45 min),SOLO,2720,150
ANAC_002145,2024-12-10,12,Tuesday,AZU,AD 2023,SBPA,SBSV,SBPA-SBSV,12:45,7,-5,Pontual (D15),PONTUAL,0,210
ANAC_002146,2024-07-21,7,Sunday,GLO,G3 3468,SBKP,SBRF,SBKP-SBRF,08:30,-2,-10,Pontual (D15),PONTUAL,0,186
ANAC_002147,2024-01-24,1,Wednesday,AZU,AD 1051,SBRJ,SBSV,SBRJ-SBSV,18:15,-2,8,Pontual (D15),PONTUAL,0,174
ANAC_002148,2024-05-30,5,Thursday,AZU,AD 1479,SBGR,SBRF,SBGR-SBRF,21:30,4,-5,Pontual (D15),PONTUAL,0,186
ANAC_002149,2024-01-25,1,Thursday,GLO,G3 2783,SBCF,SBGL,SBCF-SBGL,18:15,53,47,Atraso Moderado (46-120 min),ATC,10330,186
ANAC_002150,2024-12-18,12,Wednesday,AZU,AD 2011,SBSP,SBCT,SBSP-SBCT,22:15,12,6,Pontual (D15),PONTUAL,0,150
ANAC_002151,2024-12-28,12,Saturday,TAM,LA 4745,SBSP,SBRJ,SBSP-SBRJ,10:45,-7,1,Pontual (D15),PONTUAL,0,210
ANAC_002152,2024-07-08,7,Monday,TAM,LA 4831,SBCF,SBCT,SBCF-SBCT,22:30,10,0,Pontual (D15),PONTUAL,0,162
ANAC_002153,2024-05-20,5,Monday,AZU,AD 2773,SBRF,SBPA,SBRF-SBPA,14:15,7,-1,Pontual (D15),PONTUAL,0,138
ANAC_002154,2024-12-23,12,Monday,AZU,AD 1797,SBKP,SBCF,SBKP-SBCF,08:15,8,10,Pontual (D15),PONTUAL,0,186
ANAC_002155,2024-02-05,2,Monday,GLO,G3 3308,SBCT,SBRF,SBCT-SBRF,21:30,7,-6,Pontual (D15),PONTUAL,0,150
ANAC_002156,2024-04-24,4,Wednesday,GLO,G3 4716,SBBR,SBGR,SBBR-SBGR,16:30,47,46,Atraso Moderado (46-120 min),CREW,9670,186
ANAC_002157,2024-11-23,11,Saturday,PTB,2Z 3272,SBBR,SBGR,SBBR-SBGR,18:15,89,77,Atraso Moderado (46-120 min),CLIMA,14290,186
ANAC_002158,2024-11-18,11,Monday,TAM,LA 1626,SBCF,SBKP,SBCF-SBKP,10:00,-9,11,Pontual (D15),PONTUAL,0,138
ANAC_002159,2024-07-25,7,Thursday,TAM,LA 4789,SBCF,SBBR,SBCF-SBBR,17:00,11,-2,Pontual (D15),PONTUAL,0,210
ANAC_002160,2024-12-07,12,Saturday,TAM,LA 1076,SBCF,SBKP,SBCF-SBKP,16:15,9,-9,Pontual (D15),PONTUAL,0,162
ANAC_002161,2024-12-06,12,Friday,TAM,LA 4926,SBCF,SBKP,SBCF-SBKP,19:15,13,-7,Pontual (D15),PONTUAL,0,138
ANAC_002162,2024-09-28,9,Saturday,GLO,G3 2297,SBKP,SBRF,SBKP-SBRF,12:00,-2,-4,Pontual (D15),PONTUAL,0,150
ANAC_002163,2024-04-01,4,Monday,GLO,G3 4734,SBGL,SBRJ,SBGL-SBRJ,18:00,16,18,Atraso Leve (16-45 min),CREW,1360,174
ANAC_002164,2024-11-20,11,Wednesday,GLO,G3 2218,SBKP,SBGR,SBKP-SBGR,08:45,108,119,Atraso Moderado (46-120 min),MANUT,16380,174
ANAC_002165,2024-08-12,8,Monday,AZU,AD 4924,SBGR,SBBR,SBGR-SBBR,18:15,43,39,Atraso Leve (16-45 min),CONEX,3655,150
ANAC_002166,2024-12-22,12,Sunday,TAM,LA 2333,SBBR,SBGR,SBBR-SBGR,07:00,44,49,Atraso Leve (16-45 min),SOLO,3740,210
ANAC_002167,2024-07-29,7,Monday,TAM,LA 2932,SBGR,SBBR,SBGR-SBBR,07:45,4,6,Pontual (D15),PONTUAL,0,162
ANAC_002168,2024-11-15,11,Friday,TAM,LA 4575,SBGR,SBBR,SBGR-SBBR,15:15,-9,-4,Pontual (D15),PONTUAL,0,138
ANAC_002169,2024-04-22,4,Monday,PTB,2Z 2890,SBCF,SBKP,SBCF-SBKP,15:00,-2,8,Pontual (D15),PONTUAL,0,68
ANAC_002170,2024-01-09,1,Tuesday,TAM,LA 3122,SBRJ,SBGL,SBRJ-SBGL,15:15,0,6,Pontual (D15),PONTUAL,0,138
ANAC_002171,2024-02-09,2,Friday,TAM,LA 1846,SBRJ,SBBR,SBRJ-SBBR,11:00,14,-3,Pontual (D15),PONTUAL,0,210
ANAC_002172,2024-02-22,2,Thursday,AZU,AD 1350,SBPA,SBKP,SBPA-SBKP,22:30,6,9,Pontual (D15),PONTUAL,0,138
ANAC_002173,2024-10-11,10,Friday,TAM,LA 1245,SBCF,SBKP,SBCF-SBKP,13:15,13,6,Pontual (D15),PONTUAL,0,174
ANAC_002174,2024-02-07,2,Wednesday,TAM,LA 4729,SBGR,SBSV,SBGR-SBSV,10:45,13,-3,Pontual (D15),PONTUAL,0,138
ANAC_002175,2024-10-27,10,Sunday,AZU,AD 1217,SBKP,SBRF,SBKP-SBRF,14:30,8,-1,Pontual (D15),PONTUAL,0,162
ANAC_002176,2024-07-04,7,Thursday,PTB,2Z 2568,SBSV,SBPA,SBSV-SBPA,20:45,46,50,Atraso Moderado (46-120 min),ATC,9560,174
ANAC_002177,2024-05-20,5,Monday,GLO,G3 4418,SBGL,SBGR,SBGL-SBGR,10:15,11,-1,Pontual (D15),PONTUAL,0,162
ANAC_002178,2024-03-22,3,Friday,TAM,LA 4782,SBSV,SBGL,SBSV-SBGL,14:30,5,0,Pontual (D15),PONTUAL,0,150
ANAC_002179,2024-10-23,10,Wednesday,GLO,G3 3981,SBPA,SBGL,SBPA-SBGL,17:45,40,42,Atraso Leve (16-45 min),CLIMA,3400,138
ANAC_002180,2024-08-17,8,Saturday,PTB,2Z 1880,SBBR,SBGL,SBBR-SBGL,17:15,8,-11,Pontual (D15),PONTUAL,0,210
ANAC_002181,2024-11-05,11,Tuesday,AZU,AD 1420,SBBR,SBGR,SBBR-SBGR,09:30,42,44,Atraso Leve (16-45 min),CREW,3570,186
ANAC_002182,2024-03-01,3,Friday,AZU,AD 2741,SBKP,SBRJ,SBKP-SBRJ,20:30,-1,0,Pontual (D15),PONTUAL,0,162
ANAC_002183,2024-02-04,2,Sunday,TAM,LA 2937,SBKP,SBCF,SBKP-SBCF,20:15,108,95,Atraso Moderado (46-120 min),CLIMA,16380,162
ANAC_002184,2024-01-26,1,Friday,TAM,LA 3256,SBKP,SBCF,SBKP-SBCF,06:45,4,13,Pontual (D15),PONTUAL,0,210
ANAC_002185,2024-02-27,2,Tuesday,TAM,LA 2346,SBRJ,SBSP,SBRJ-SBSP,17:30,-9,1,Pontual (D15),PONTUAL,0,138
ANAC_002186,2024-08-05,8,Monday,TAM,LA 2760,SBBR,SBGR,SBBR-SBGR,13:15,25,22,Atraso Leve (16-45 min),ATC,2125,174
ANAC_002187,2024-04-15,4,Monday,AZU,AD 1764,SBKP,SBGL,SBKP-SBGL,16:30,-6,-3,Pontual (D15),PONTUAL,0,186
ANAC_002188,2024-02-18,2,Sunday,TAM,LA 1900,SBKP,SBCF,SBKP-SBCF,20:00,-4,5,Pontual (D15),PONTUAL,0,150
ANAC_002189,2024-03-14,3,Thursday,AZU,AD 2747,SBBR,SBGR,SBBR-SBGR,08:30,20,19,Atraso Leve (16-45 min),CONEX,1700,174
ANAC_002190,2024-06-11,6,Tuesday,TAM,LA 2602,SBCF,SBSP,SBCF-SBSP,07:45,117,133,Atraso Moderado (46-120 min),CLIMA,17370,138
ANAC_002191,2024-06-15,6,Saturday,TAM,LA 2720,SBGR,SBBR,SBGR-SBBR,17:00,-1,2,Pontual (D15),PONTUAL,0,174
ANAC_002192,2024-07-31,7,Wednesday,AZU,AD 4087,SBKP,SBSP,SBKP-SBSP,13:30,96,103,Atraso Moderado (46-120 min),CLIMA,15060,150
ANAC_002193,2024-12-08,12,Sunday,GLO,G3 3490,SBKP,SBRF,SBKP-SBRF,06:45,14,7,Pontual (D15),PONTUAL,0,150
ANAC_002194,2024-07-28,7,Sunday,GLO,G3 3446,SBKP,SBRF,SBKP-SBRF,21:30,12,-10,Pontual (D15),PONTUAL,0,138
ANAC_002195,2024-11-30,11,Saturday,AZU,AD 2961,SBSP,SBRJ,SBSP-SBRJ,09:15,3,-3,Pontual (D15),PONTUAL,0,150
ANAC_002196,2024-01-18,1,Thursday,GLO,G3 3716,SBGR,SBSV,SBGR-SBSV,19:30,62,53,Atraso Moderado (46-120 min),CONEX,11320,210
ANAC_002197,2024-06-21,6,Friday,PTB,2Z 1822,SBGR,SBCT,SBGR-SBCT,11:00,93,106,Atraso Moderado (46-120 min),CONEX,14730,186
ANAC_002198,2024-09-17,9,Tuesday,AZU,AD 4350,SBGR,SBSV,SBGR-SBSV,15:45,-9,4,Pontual (D15),PONTUAL,0,174
ANAC_002199,2024-07-06,7,Saturday,AZU,AD 1634,SBKP,SBRF,SBKP-SBRF,15:00,2,-4,Pontual (D15),PONTUAL,0,210
ANAC_002200,2024-08-03,8,Saturday,TAM,LA 4577,SBSV,SBCF,SBSV-SBCF,20:00,1,-5,Pontual (D15),PONTUAL,0,162
ANAC_002201,2024-05-11,5,Saturday,GLO,G3 2106,SBCF,SBKP,SBCF-SBKP,13:45,7,12,Pontual (D15),PONTUAL,0,162
ANAC_002202,2024-01-17,1,Wednesday,TAM,LA 1031,SBCF,SBSV,SBCF-SBSV,13:30,1,-9,Pontual (D15),PONTUAL,0,174
ANAC_002203,2024-10-02,10,Wednesday,AZU,AD 4659,SBKP,SBRF,SBKP-SBRF,12:00,-2,-4,Pontual (D15),PONTUAL,0,210
ANAC_002204,2024-05-11,5,Saturday,GLO,G3 4760,SBGR,SBPA,SBGR-SBPA,10:00,1,-8,Pontual (D15),PONTUAL,0,174
ANAC_002205,2024-06-26,6,Wednesday,GLO,G3 3522,SBSV,SBRF,SBSV-SBRF,06:00,11,-5,Pontual (D15),PONTUAL,0,138
ANAC_002206,2024-07-14,7,Sunday,TAM,LA 2202,SBCF,SBKP,SBCF-SBKP,14:30,6,-9,Pontual (D15),PONTUAL,0,138
ANAC_002207,2024-02-23,2,Friday,TAM,LA 3197,SBCF,SBKP,SBCF-SBKP,21:15,-1,-9,Pontual (D15),PONTUAL,0,162
ANAC_002208,2024-01-16,1,Tuesday,GLO,G3 3425,SBBR,SBSV,SBBR-SBSV,16:30,93,87,Atraso Moderado (46-120 min),CLIMA,14730,174
ANAC_002209,2024-06-12,6,Wednesday,PTB,2Z 3687,SBCF,SBKP,SBCF-SBKP,08:30,49,51,Atraso Moderado (46-120 min),ATC,9890,162
ANAC_002210,2024-07-07,7,Sunday,GLO,G3 4596,SBBR,SBGR,SBBR-SBGR,19:45,-4,-8,Pontual (D15),PONTUAL,0,138
ANAC_002211,2024-07-24,7,Wednesday,AZU,AD 2804,SBRJ,SBSP,SBRJ-SBSP,07:30,-6,4,Pontual (D15),PONTUAL,0,162
ANAC_002212,2024-09-10,9,Tuesday,GLO,G3 2179,SBSV,SBCF,SBSV-SBCF,07:15,61,69,Atraso Moderado (46-120 min),ATC,11210,138
ANAC_002213,2024-02-26,2,Monday,TAM,LA 3696,SBKP,SBCF,SBKP-SBCF,07:00,60,57,Atraso Moderado (46-120 min),ATC,11100,186
ANAC_002214,2024-08-09,8,Friday,GLO,G3 4918,SBRJ,SBSP,SBRJ-SBSP,18:30,29,28,Atraso Leve (16-45 min),CONEX,2465,210
ANAC_002215,2024-11-04,11,Monday,AZU,AD 1154,SBBR,SBCF,SBBR-SBCF,17:15,0,-1,Pontual (D15),PONTUAL,0,186
ANAC_002216,2024-12-20,12,Friday,GLO,G3 1729,SBSV,SBGL,SBSV-SBGL,15:45,-3,-6,Pontual (D15),PONTUAL,0,138
ANAC_002217,2024-06-19,6,Wednesday,AZU,AD 2970,SBGR,SBPA,SBGR-SBPA,14:00,12,-5,Pontual (D15),PONTUAL,0,210
ANAC_002218,2024-01-16,1,Tuesday,GLO,G3 1312,SBGR,SBBR,SBGR-SBBR,20:30,85,89,Atraso Moderado (46-120 min),MANUT,13850,186
ANAC_002219,2024-09-18,9,Wednesday,GLO,G3 2572,SBBR,SBGL,SBBR-SBGL,14:00,9,6,Pontual (D15),PONTUAL,0,150
ANAC_002220,2024-08-24,8,Saturday,GLO,G3 4643,SBRJ,SBSP,SBRJ-SBSP,19:30,-8,-3,Pontual (D15),PONTUAL,0,210
ANAC_002221,2024-01-05,1,Friday,AZU,AD 1430,SBGL,SBCF,SBGL-SBCF,21:15,-7,-6,Pontual (D15),PONTUAL,0,162
ANAC_002222,2024-04-27,4,Saturday,GLO,G3 1844,SBBR,SBGR,SBBR-SBGR,11:45,13,0,Pontual (D15),PONTUAL,0,174
ANAC_002223,2024-09-25,9,Wednesday,GLO,G3 4471,SBBR,SBGR,SBBR-SBGR,06:30,9,0,Pontual (D15),PONTUAL,0,174
ANAC_002224,2024-11-30,11,Saturday,GLO,G3 4726,SBGR,SBBR,SBGR-SBBR,10:30,30,33,Atraso Leve (16-45 min),CONEX,2550,138
ANAC_002225,2024-09-16,9,Monday,TAM,LA 2542,SBBR,SBRJ,SBBR-SBRJ,14:00,9,2,Pontual (D15),PONTUAL,0,210
ANAC_002226,2024-08-19,8,Monday,PTB,2Z 3112,SBKP,SBRF,SBKP-SBRF,17:15,104,100,Atraso Moderado (46-120 min),CLIMA,15940,68
ANAC_002227,2024-08-09,8,Friday,GLO,G3 2103,SBGR,SBPA,SBGR-SBPA,20:30,13,11,Pontual (D15),PONTUAL,0,186
ANAC_002228,2024-07-08,7,Monday,TAM,LA 4239,SBGR,SBPA,SBGR-SBPA,15:00,43,37,Atraso Leve (16-45 min),CONEX,3655,174
ANAC_002229,2024-03-31,3,Sunday,AZU,AD 1427,SBCF,SBKP,SBCF-SBKP,14:30,2,3,Pontual (D15),PONTUAL,0,138
ANAC_002230,2024-01-31,1,Wednesday,TAM,LA 2281,SBBR,SBRJ,SBBR-SBRJ,14:15,13,-11,Pontual (D15),PONTUAL,0,138
ANAC_002231,2024-12-01,12,Sunday,GLO,G3 1782,SBGL,SBBR,SBGL-SBBR,09:30,2,-2,Pontual (D15),PONTUAL,0,174
ANAC_002232,2024-02-18,2,Sunday,AZU,AD 2320,SBBR,SBGR,SBBR-SBGR,20:45,38,40,Atraso Leve (16-45 min),CONEX,3230,210
ANAC_002233,2024-07-16,7,Tuesday,AZU,AD 2911,SBBR,SBPA,SBBR-SBPA,13:45,7,4,Pontual (D15),PONTUAL,0,186
ANAC_002234,2024-03-30,3,Saturday,GLO,G3 1462,SBRJ,SBSP,SBRJ-SBSP,20:45,109,120,Atraso Moderado (46-120 min),CLIMA,16490,138
ANAC_002235,2024-08-24,8,Saturday,GLO,G3 1435,SBKP,SBSV,SBKP-SBSV,10:45,-3,-1,Pontual (D15),PONTUAL,0,150
ANAC_002236,2024-03-24,3,Sunday,GLO,G3 2852,SBPA,SBGR,SBPA-SBGR,20:45,17,16,Atraso Leve (16-45 min),CONEX,1445,138
ANAC_002237,2024-02-11,2,Sunday,AZU,AD 2921,SBKP,SBCF,SBKP-SBCF,22:15,7,-10,Pontual (D15),PONTUAL,0,210
ANAC_002238,2024-06-30,6,Sunday,AZU,AD 1250,SBBR,SBCF,SBBR-SBCF,08:15,33,30,Atraso Leve (16-45 min),CONEX,2805,210
ANAC_002239,2024-07-09,7,Tuesday,GLO,G3 1762,SBKP,SBBR,SBKP-SBBR,17:45,0,13,Pontual (D15),PONTUAL,0,138
ANAC_002240,2024-03-21,3,Thursday,GLO,G3 1895,SBRJ,SBSP,SBRJ-SBSP,15:00,25,24,Atraso Leve (16-45 min),CONEX,2125,162
ANAC_002241,2024-02-09,2,Friday,TAM,LA 4122,SBBR,SBGR,SBBR-SBGR,07:30,19,16,Atraso Leve (16-45 min),CONEX,1615,138
ANAC_002242,2024-04-23,4,Tuesday,TAM,LA 4597,SBRJ,SBSV,SBRJ-SBSV,16:30,-2,0,Pontual (D15),PONTUAL,0,162
ANAC_002243,2024-09-01,9,Sunday,AZU,AD 2743,SBKP,SBCF,SBKP-SBCF,08:00,-5,-7,Pontual (D15),PONTUAL,0,138
ANAC_002244,2024-05-12,5,Sunday,TAM,LA 2934,SBKP,SBRF,SBKP-SBRF,06:15,2,-2,Pontual (D15),PONTUAL,0,186
ANAC_002245,2024-08-13,8,Tuesday,AZU,AD 3939,SBKP,SBRF,SBKP-SBRF,13:45,13,-11,Pontual (D15),PONTUAL,0,186
ANAC_002246,2024-02-12,2,Monday,AZU,AD 1953,SBKP,SBCF,SBKP-SBCF,14:15,37,32,Atraso Leve (16-45 min),SOLO,3145,210
ANAC_002247,2024-11-26,11,Tuesday,AZU,AD 2738,SBBR,SBGR,SBBR-SBGR,07:15,93,84,Atraso Moderado (46-120 min),CLIMA,14730,174
ANAC_002248,2024-05-26,5,Sunday,GLO,G3 4006,SBGR,SBBR,SBGR-SBBR,18:15,-6,-10,Pontual (D15),PONTUAL,0,138
ANAC_002249,2024-06-15,6,Saturday,TAM,LA 3221,SBSP,SBRJ,SBSP-SBRJ,17:00,4,-8,Pontual (D15),PONTUAL,0,186
ANAC_002250,2024-07-01,7,Monday,AZU,AD 4661,SBBR,SBGR,SBBR-SBGR,22:00,2,4,Pontual (D15),PONTUAL,0,150
ANAC_002251,2024-02-17,2,Saturday,GLO,G3 2361,SBBR,SBGR,SBBR-SBGR,16:15,9,0,Pontual (D15),PONTUAL,0,174
ANAC_002252,2024-02-13,2,Tuesday,GLO,G3 3407,SBSP,SBRJ,SBSP-SBRJ,08:00,-7,-8,Pontual (D15),PONTUAL,0,210
ANAC_002253,2024-11-19,11,Tuesday,GLO,G3 1105,SBCF,SBKP,SBCF-SBKP,07:45,2,2,Pontual (D15),PONTUAL,0,174
ANAC_002254,2024-12-29,12,Sunday,GLO,G3 4316,SBGR,SBBR,SBGR-SBBR,12:30,10,-8,Pontual (D15),PONTUAL,0,162
ANAC_002255,2024-12-21,12,Saturday,AZU,AD 2646,SBGR,SBPA,SBGR-SBPA,18:15,-8,2,Pontual (D15),PONTUAL,0,186
ANAC_002256,2024-01-12,1,Friday,AZU,AD 1380,SBSP,SBRJ,SBSP-SBRJ,21:45,87,77,Atraso Moderado (46-120 min),CLIMA,14070,138
ANAC_002257,2024-01-03,1,Wednesday,GLO,G3 4808,SBSV,SBGL,SBSV-SBGL,20:15,8,-11,Pontual (D15),PONTUAL,0,174
ANAC_002258,2024-12-13,12,Friday,AZU,AD 1466,SBKP,SBRF,SBKP-SBRF,22:00,1,-9,Pontual (D15),PONTUAL,0,138
ANAC_002259,2024-07-17,7,Wednesday,GLO,G3 4198,SBGR,SBCT,SBGR-SBCT,14:00,-9,-1,Pontual (D15),PONTUAL,0,186
ANAC_002260,2024-10-06,10,Sunday,TAM,LA 4088,SBRF,SBGL,SBRF-SBGL,11:30,14,6,Pontual (D15),PONTUAL,0,162
ANAC_002261,2024-05-19,5,Sunday,AZU,AD 1338,SBGR,SBPA,SBGR-SBPA,15:15,-3,-1,Pontual (D15),PONTUAL,0,210
ANAC_002262,2024-04-13,4,Saturday,AZU,AD 3642,SBKP,SBRF,SBKP-SBRF,15:00,-9,7,Pontual (D15),PONTUAL,0,138
ANAC_002263,2024-12-28,12,Saturday,TAM,LA 4206,SBBR,SBGR,SBBR-SBGR,19:45,121,115,Atraso Severo (> 120 min),MANUT,35780,210
ANAC_002264,2024-05-10,5,Friday,PTB,2Z 2420,SBSP,SBRJ,SBSP-SBRJ,15:30,-4,-3,Pontual (D15),PONTUAL,0,210
ANAC_002265,2024-08-09,8,Friday,AZU,AD 2133,SBGR,SBSV,SBGR-SBSV,15:15,-6,-3,Pontual (D15),PONTUAL,0,138
ANAC_002266,2024-08-30,8,Friday,GLO,G3 4383,SBPA,SBGR,SBPA-SBGR,08:30,9,4,Pontual (D15),PONTUAL,0,210
ANAC_002267,2024-10-23,10,Wednesday,AZU,AD 3917,SBBR,SBCF,SBBR-SBCF,14:15,10,-5,Pontual (D15),PONTUAL,0,150
ANAC_002268,2024-08-21,8,Wednesday,TAM,LA 2530,SBSV,SBRF,SBSV-SBRF,21:00,12,-5,Pontual (D15),PONTUAL,0,162
ANAC_002269,2024-12-29,12,Sunday,TAM,LA 1182,SBBR,SBGR,SBBR-SBGR,18:15,36,39,Atraso Leve (16-45 min),CONEX,3060,162
ANAC_002270,2024-08-23,8,Friday,AZU,AD 4455,SBGR,SBSV,SBGR-SBSV,08:00,51,50,Atraso Moderado (46-120 min),ATC,10110,138
ANAC_002271,2024-06-19,6,Wednesday,GLO,G3 1035,SBRJ,SBSP,SBRJ-SBSP,22:30,-8,1,Pontual (D15),PONTUAL,0,186
ANAC_002272,2024-03-26,3,Tuesday,GLO,G3 4608,SBBR,SBCF,SBBR-SBCF,10:15,-8,11,Pontual (D15),PONTUAL,0,138
ANAC_002273,2024-08-10,8,Saturday,GLO,G3 4665,SBKP,SBCF,SBKP-SBCF,10:45,7,-2,Pontual (D15),PONTUAL,0,186
ANAC_002274,2024-04-24,4,Wednesday,AZU,AD 1176,SBKP,SBCF,SBKP-SBCF,09:45,0,-3,Pontual (D15),PONTUAL,0,210
ANAC_002275,2024-02-19,2,Monday,PTB,2Z 2141,SBCF,SBKP,SBCF-SBKP,16:00,210,178,Atraso Severo (> 120 min),CONEX,51800,162
ANAC_002276,2024-08-26,8,Monday,TAM,LA 2890,SBBR,SBGR,SBBR-SBGR,08:30,6,-7,Pontual (D15),PONTUAL,0,138
ANAC_002277,2024-08-09,8,Friday,AZU,AD 2464,SBGR,SBPA,SBGR-SBPA,14:30,2,-5,Pontual (D15),PONTUAL,0,150
ANAC_002278,2024-07-20,7,Saturday,PTB,2Z 1226,SBCT,SBCF,SBCT-SBCF,16:30,14,-1,Pontual (D15),PONTUAL,0,174
ANAC_002279,2024-02-06,2,Tuesday,GLO,G3 1741,SBKP,SBCF,SBKP-SBCF,17:15,12,-5,Pontual (D15),PONTUAL,0,138
ANAC_002280,2024-06-16,6,Sunday,GLO,G3 3118,SBRJ,SBSP,SBRJ-SBSP,18:00,45,46,Atraso Leve (16-45 min),CONEX,3825,138
ANAC_002281,2024-10-29,10,Tuesday,GLO,G3 1164,SBBR,SBCF,SBBR-SBCF,08:15,5,-11,Pontual (D15),PONTUAL,0,150
ANAC_002282,2024-12-27,12,Friday,GLO,G3 1541,SBGR,SBPA,SBGR-SBPA,08:15,-6,0,Pontual (D15),PONTUAL,0,210
ANAC_002283,2024-03-07,3,Thursday,GLO,G3 4006,SBGR,SBSV,SBGR-SBSV,20:30,26,25,Atraso Leve (16-45 min),SOLO,2210,150
ANAC_002284,2024-03-21,3,Thursday,GLO,G3 2252,SBCF,SBKP,SBCF-SBKP,19:30,50,56,Atraso Moderado (46-120 min),ATC,10000,174
ANAC_002285,2024-04-17,4,Wednesday,GLO,G3 4445,SBSP,SBRJ,SBSP-SBRJ,08:30,0,13,Pontual (D15),PONTUAL,0,210
ANAC_002286,2024-07-21,7,Sunday,AZU,AD 1849,SBKP,SBCF,SBKP-SBCF,16:00,8,-8,Pontual (D15),PONTUAL,0,210
ANAC_002287,2024-05-09,5,Thursday,AZU,AD 3384,SBGR,SBPA,SBGR-SBPA,08:30,-4,-2,Pontual (D15),PONTUAL,0,138
ANAC_002288,2024-02-02,2,Friday,GLO,G3 3650,SBPA,SBGR,SBPA-SBGR,17:45,2,-5,Pontual (D15),PONTUAL,0,162
ANAC_002289,2024-05-10,5,Friday,AZU,AD 3093,SBSP,SBBR,SBSP-SBBR,11:45,-6,4,Pontual (D15),PONTUAL,0,186
ANAC_002290,2024-10-08,10,Tuesday,PTB,2Z 1860,SBBR,SBCF,SBBR-SBCF,18:00,0,-1,Pontual (D15),PONTUAL,0,186
ANAC_002291,2024-10-26,10,Saturday,GLO,G3 3978,SBSP,SBRJ,SBSP-SBRJ,15:15,-4,10,Pontual (D15),PONTUAL,0,210
ANAC_002292,2024-03-10,3,Sunday,GLO,G3 2371,SBBR,SBGR,SBBR-SBGR,08:00,84,85,Atraso Moderado (46-120 min),CLIMA,13740,150
ANAC_002293,2024-02-08,2,Thursday,TAM,LA 4454,SBCF,SBKP,SBCF-SBKP,10:45,28,23,Atraso Leve (16-45 min),CONEX,2380,186
ANAC_002294,2024-05-28,5,Tuesday,TAM,LA 4202,SBGR,SBBR,SBGR-SBBR,12:45,9,7,Pontual (D15),PONTUAL,0,210
ANAC_002295,2024-09-21,9,Saturday,AZU,AD 1567,SBKP,SBRF,SBKP-SBRF,11:45,-2,-6,Pontual (D15),PONTUAL,0,174
ANAC_002296,2024-07-07,7,Sunday,GLO,G3 2652,SBCF,SBGR,SBCF-SBGR,15:30,-1,-6,Pontual (D15),PONTUAL,0,210
ANAC_002297,2024-09-17,9,Tuesday,GLO,G3 1701,SBGR,SBPA,SBGR-SBPA,07:45,-9,8,Pontual (D15),PONTUAL,0,150
ANAC_002298,2024-08-02,8,Friday,AZU,AD 3075,SBCF,SBKP,SBCF-SBKP,19:15,43,41,Atraso Leve (16-45 min),ATC,3655,162
ANAC_002299,2024-09-07,9,Saturday,TAM,LA 1464,SBKP,SBCF,SBKP-SBCF,17:00,11,9,Pontual (D15),PONTUAL,0,174
ANAC_002300,2024-07-09,7,Tuesday,GLO,G3 2331,SBGR,SBBR,SBGR-SBBR,09:30,91,90,Atraso Moderado (46-120 min),CLIMA,14510,186
ANAC_002301,2024-06-05,6,Wednesday,TAM,LA 3745,SBCT,SBGR,SBCT-SBGR,13:00,3,-8,Pontual (D15),PONTUAL,0,138
ANAC_002302,2024-11-20,11,Wednesday,TAM,LA 2142,SBCF,SBKP,SBCF-SBKP,21:30,-1,3,Pontual (D15),PONTUAL,0,174
ANAC_002303,2024-03-16,3,Saturday,GLO,G3 2317,SBRJ,SBSP,SBRJ-SBSP,14:30,66,67,Atraso Moderado (46-120 min),CONEX,11760,162
ANAC_002304,2024-07-21,7,Sunday,TAM,LA 3306,SBRF,SBCF,SBRF-SBCF,08:45,7,13,Pontual (D15),PONTUAL,0,174
ANAC_002305,2024-12-09,12,Monday,GLO,G3 1334,SBGR,SBBR,SBGR-SBBR,06:45,-2,-10,Pontual (D15),PONTUAL,0,162
ANAC_002306,2024-08-28,8,Wednesday,GLO,G3 4056,SBRF,SBKP,SBRF-SBKP,11:00,10,8,Pontual (D15),PONTUAL,0,174
ANAC_002307,2024-08-18,8,Sunday,GLO,G3 2479,SBGR,SBPA,SBGR-SBPA,20:30,97,103,Atraso Moderado (46-120 min),MANUT,15170,174
ANAC_002308,2024-01-23,1,Tuesday,TAM,LA 3161,SBKP,SBGR,SBKP-SBGR,18:30,23,25,Atraso Leve (16-45 min),SOLO,1955,186
ANAC_002309,2024-12-10,12,Tuesday,TAM,LA 4259,SBGR,SBSV,SBGR-SBSV,22:15,60,56,Atraso Moderado (46-120 min),CREW,11100,162
ANAC_002310,2024-12-17,12,Tuesday,TAM,LA 2239,SBKP,SBRJ,SBKP-SBRJ,14:45,-1,13,Pontual (D15),PONTUAL,0,150
ANAC_002311,2024-06-03,6,Monday,GLO,G3 2420,SBBR,SBCF,SBBR-SBCF,14:15,-4,6,Pontual (D15),PONTUAL,0,150
ANAC_002312,2024-06-21,6,Friday,TAM,LA 2126,SBSP,SBRJ,SBSP-SBRJ,07:30,173,151,Atraso Severo (> 120 min),MANUT,45140,210
ANAC_002313,2024-03-20,3,Wednesday,AZU,AD 4152,SBKP,SBCF,SBKP-SBCF,19:45,-2,-4,Pontual (D15),PONTUAL,0,138
ANAC_002314,2024-12-24,12,Tuesday,GLO,G3 2563,SBKP,SBCF,SBKP-SBCF,08:15,9,6,Pontual (D15),PONTUAL,0,138
ANAC_002315,2024-08-21,8,Wednesday,PTB,2Z 1576,SBCF,SBKP,SBCF-SBKP,22:15,5,7,Pontual (D15),PONTUAL,0,138
ANAC_002316,2024-02-23,2,Friday,TAM,LA 2849,SBKP,SBCF,SBKP-SBCF,16:30,2,-6,Pontual (D15),PONTUAL,0,186
ANAC_002317,2024-07-02,7,Tuesday,AZU,AD 4505,SBRJ,SBSP,SBRJ-SBSP,22:15,10,-3,Pontual (D15),PONTUAL,0,174
ANAC_002318,2024-02-05,2,Monday,AZU,AD 4850,SBSV,SBRF,SBSV-SBRF,19:15,-9,3,Pontual (D15),PONTUAL,0,150
ANAC_002319,2024-12-17,12,Tuesday,GLO,G3 2401,SBGR,SBSV,SBGR-SBSV,17:15,74,79,Atraso Moderado (46-120 min),CONEX,12640,210
ANAC_002320,2024-12-03,12,Tuesday,AZU,AD 4203,SBSP,SBPA,SBSP-SBPA,12:30,37,40,Atraso Leve (16-45 min),CONEX,3145,162
ANAC_002321,2024-03-27,3,Wednesday,TAM,LA 4215,SBBR,SBGR,SBBR-SBGR,17:45,35,33,Atraso Leve (16-45 min),CONEX,2975,210
ANAC_002322,2024-10-06,10,Sunday,GLO,G3 3548,SBKP,SBCF,SBKP-SBCF,13:45,13,-7,Pontual (D15),PONTUAL,0,210
ANAC_002323,2024-03-08,3,Friday,GLO,G3 3417,SBBR,SBCF,SBBR-SBCF,14:45,13,0,Pontual (D15),PONTUAL,0,210
ANAC_002324,2024-12-07,12,Saturday,PTB,2Z 2963,SBCF,SBKP,SBCF-SBKP,06:00,0,-4,Pontual (D15),PONTUAL,0,68
ANAC_002325,2024-08-30,8,Friday,TAM,LA 1010,SBKP,SBCF,SBKP-SBCF,07:30,-8,6,Pontual (D15),PONTUAL,0,138
ANAC_002326,2024-04-22,4,Monday,AZU,AD 1553,SBKP,SBCT,SBKP-SBCT,13:15,13,1,Pontual (D15),PONTUAL,0,162
ANAC_002327,2024-02-21,2,Wednesday,AZU,AD 2971,SBGR,SBBR,SBGR-SBBR,15:30,122,108,Atraso Severo (> 120 min),MANUT,35960,138
ANAC_002328,2024-07-23,7,Tuesday,PTB,2Z 3974,SBCF,SBKP,SBCF-SBKP,08:45,93,100,Atraso Moderado (46-120 min),CONEX,14730,210
ANAC_002329,2024-05-20,5,Monday,AZU,AD 1509,SBPA,SBBR,SBPA-SBBR,17:30,46,39,Atraso Moderado (46-120 min),ATC,9560,174
ANAC_002330,2024-07-11,7,Thursday,AZU,AD 4250,SBRF,SBCF,SBRF-SBCF,11:15,-2,3,Pontual (D15),PONTUAL,0,150
ANAC_002331,2024-08-26,8,Monday,GLO,G3 3617,SBBR,SBGR,SBBR-SBGR,10:30,-2,4,Pontual (D15),PONTUAL,0,174
ANAC_002332,2024-07-15,7,Monday,GLO,G3 1150,SBBR,SBCF,SBBR-SBCF,18:15,-1,13,Pontual (D15),PONTUAL,0,174
ANAC_002333,2024-05-10,5,Friday,GLO,G3 2709,SBBR,SBCF,SBBR-SBCF,20:15,-7,12,Pontual (D15),PONTUAL,0,162
ANAC_002334,2024-06-27,6,Thursday,GLO,G3 2271,SBKP,SBCF,SBKP-SBCF,13:30,-5,3,Pontual (D15),PONTUAL,0,138
ANAC_002335,2024-07-27,7,Saturday,GLO,G3 1685,SBRJ,SBSP,SBRJ-SBSP,09:00,10,-5,Pontual (D15),PONTUAL,0,210
ANAC_002336,2024-02-14,2,Wednesday,GLO,G3 3008,SBSP,SBRJ,SBSP-SBRJ,22:45,3,1,Pontual (D15),PONTUAL,0,138
ANAC_002337,2024-04-23,4,Tuesday,AZU,AD 3278,SBBR,SBGR,SBBR-SBGR,12:30,1,-9,Pontual (D15),PONTUAL,0,138
ANAC_002338,2024-02-28,2,Wednesday,GLO,G3 4140,SBGL,SBCF,SBGL-SBCF,13:15,62,67,Atraso Moderado (46-120 min),CONEX,11320,162
ANAC_002339,2024-01-27,1,Saturday,TAM,LA 3123,SBCF,SBKP,SBCF-SBKP,16:15,1,3,Pontual (D15),PONTUAL,0,150
ANAC_002340,2024-08-14,8,Wednesday,TAM,LA 4950,SBSV,SBRJ,SBSV-SBRJ,15:00,12,2,Pontual (D15),PONTUAL,0,162
ANAC_002341,2024-08-14,8,Wednesday,TAM,LA 3973,SBKP,SBCF,SBKP-SBCF,21:00,-2,10,Pontual (D15),PONTUAL,0,150
ANAC_002342,2024-10-07,10,Monday,TAM,LA 2516,SBBR,SBCF,SBBR-SBCF,14:30,10,7,Pontual (D15),PONTUAL,0,150
ANAC_002343,2024-11-02,11,Saturday,AZU,AD 2975,SBKP,SBRF,SBKP-SBRF,12:00,-4,-1,Pontual (D15),PONTUAL,0,150
ANAC_002344,2024-08-15,8,Thursday,GLO,G3 1644,SBSP,SBRJ,SBSP-SBRJ,08:15,56,58,Atraso Moderado (46-120 min),SOLO,10660,210
ANAC_002345,2024-02-13,2,Tuesday,AZU,AD 4692,SBGR,SBRJ,SBGR-SBRJ,16:45,5,11,Pontual (D15),PONTUAL,0,162
ANAC_002346,2024-01-30,1,Tuesday,AZU,AD 1906,SBGR,SBPA,SBGR-SBPA,07:45,77,82,Atraso Moderado (46-120 min),CLIMA,12970,174
ANAC_002347,2024-05-24,5,Friday,TAM,LA 3975,SBPA,SBSV,SBPA-SBSV,19:45,-1,2,Pontual (D15),PONTUAL,0,174
ANAC_002348,2024-05-04,5,Saturday,TAM,LA 2476,SBRJ,SBSP,SBRJ-SBSP,19:30,56,58,Atraso Moderado (46-120 min),MANUT,10660,210
ANAC_002349,2024-05-06,5,Monday,GLO,G3 3411,SBBR,SBCF,SBBR-SBCF,07:00,8,-1,Pontual (D15),PONTUAL,0,138
ANAC_002350,2024-09-10,9,Tuesday,GLO,G3 1625,SBRJ,SBSP,SBRJ-SBSP,22:30,13,1,Pontual (D15),PONTUAL,0,150
ANAC_002351,2024-01-09,1,Tuesday,GLO,G3 2985,SBRJ,SBSP,SBRJ-SBSP,14:45,-6,-10,Pontual (D15),PONTUAL,0,186
ANAC_002352,2024-09-17,9,Tuesday,AZU,AD 1916,SBRJ,SBKP,SBRJ-SBKP,22:45,1,4,Pontual (D15),PONTUAL,0,174
ANAC_002353,2024-12-06,12,Friday,GLO,G3 4258,SBBR,SBGR,SBBR-SBGR,09:00,4,-2,Pontual (D15),PONTUAL,0,150
ANAC_002354,2024-04-29,4,Monday,GLO,G3 4517,SBRJ,SBPA,SBRJ-SBPA,15:45,-3,3,Pontual (D15),PONTUAL,0,210
ANAC_002355,2024-04-18,4,Thursday,GLO,G3 1850,SBCT,SBRF,SBCT-SBRF,14:45,-1,-6,Pontual (D15),PONTUAL,0,138
ANAC_002356,2024-08-18,8,Sunday,AZU,AD 3892,SBRJ,SBSP,SBRJ-SBSP,22:00,7,3,Pontual (D15),PONTUAL,0,210
ANAC_002357,2024-02-05,2,Monday,GLO,G3 1986,SBCF,SBKP,SBCF-SBKP,14:30,8,8,Pontual (D15),PONTUAL,0,186
ANAC_002358,2024-12-03,12,Tuesday,GLO,G3 3802,SBCF,SBKP,SBCF-SBKP,12:00,4,-11,Pontual (D15),PONTUAL,0,210
ANAC_002359,2024-12-25,12,Wednesday,GLO,G3 2896,SBGR,SBSV,SBGR-SBSV,13:30,31,30,Atraso Leve (16-45 min),CONEX,2635,162
ANAC_002360,2024-01-07,1,Sunday,PTB,2Z 3511,SBPA,SBGR,SBPA-SBGR,19:45,-5,7,Pontual (D15),PONTUAL,0,174
ANAC_002361,2024-08-29,8,Thursday,TAM,LA 1726,SBGR,SBBR,SBGR-SBBR,20:45,8,8,Pontual (D15),PONTUAL,0,150
ANAC_002362,2024-10-07,10,Monday,GLO,G3 1640,SBCT,SBGR,SBCT-SBGR,06:30,-6,1,Pontual (D15),PONTUAL,0,174
ANAC_002363,2024-04-07,4,Sunday,TAM,LA 1989,SBBR,SBGL,SBBR-SBGL,06:30,6,11,Pontual (D15),PONTUAL,0,210
ANAC_002364,2024-10-03,10,Thursday,GLO,G3 2072,SBCF,SBPA,SBCF-SBPA,08:15,34,34,Atraso Leve (16-45 min),CONEX,2890,186
ANAC_002365,2024-01-04,1,Thursday,TAM,LA 2144,SBBR,SBCF,SBBR-SBCF,11:00,-1,1,Pontual (D15),PONTUAL,0,150
ANAC_002366,2024-01-24,1,Wednesday,TAM,LA 2532,SBKP,SBCF,SBKP-SBCF,10:00,0,10,Pontual (D15),PONTUAL,0,162
ANAC_002367,2024-11-05,11,Tuesday,TAM,LA 4452,SBCT,SBCF,SBCT-SBCF,20:15,31,34,Atraso Leve (16-45 min),CONEX,2635,138
ANAC_002368,2024-04-29,4,Monday,AZU,AD 4784,SBCF,SBKP,SBCF-SBKP,10:15,-8,4,Pontual (D15),PONTUAL,0,174
ANAC_002369,2024-12-24,12,Tuesday,GLO,G3 1895,SBPA,SBKP,SBPA-SBKP,16:45,72,79,Atraso Moderado (46-120 min),CONEX,12420,186
ANAC_002370,2024-03-04,3,Monday,PTB,2Z 2590,SBSP,SBPA,SBSP-SBPA,13:45,166,188,Atraso Severo (> 120 min),CLIMA,43880,186
ANAC_002371,2024-10-10,10,Thursday,AZU,AD 3610,SBKP,SBRF,SBKP-SBRF,20:15,50,45,Atraso Moderado (46-120 min),ATC,10000,150
ANAC_002372,2024-02-15,2,Thursday,TAM,LA 2815,SBSV,SBKP,SBSV-SBKP,21:45,160,140,Atraso Severo (> 120 min),MANUT,42800,138
ANAC_002373,2024-07-24,7,Wednesday,TAM,LA 2323,SBGR,SBSV,SBGR-SBSV,19:45,67,65,Atraso Moderado (46-120 min),CONEX,11870,174
ANAC_002374,2024-07-16,7,Tuesday,TAM,LA 4287,SBGL,SBCT,SBGL-SBCT,15:45,12,7,Pontual (D15),PONTUAL,0,210
ANAC_002375,2024-09-02,9,Monday,TAM,LA 1139,SBBR,SBRJ,SBBR-SBRJ,13:30,6,8,Pontual (D15),PONTUAL,0,162
ANAC_002376,2024-01-21,1,Sunday,TAM,LA 2587,SBCT,SBRF,SBCT-SBRF,14:30,-2,-10,Pontual (D15),PONTUAL,0,162
ANAC_002377,2024-12-07,12,Saturday,TAM,LA 1559,SBSV,SBBR,SBSV-SBBR,12:45,2,7,Pontual (D15),PONTUAL,0,210
ANAC_002378,2024-08-14,8,Wednesday,TAM,LA 4157,SBGR,SBPA,SBGR-SBPA,22:00,21,18,Atraso Leve (16-45 min),CONEX,1785,150
ANAC_002379,2024-08-04,8,Sunday,TAM,LA 1058,SBRJ,SBSP,SBRJ-SBSP,17:00,4,-7,Pontual (D15),PONTUAL,0,150
ANAC_002380,2024-04-15,4,Monday,TAM,LA 4313,SBSP,SBRJ,SBSP-SBRJ,11:00,4,6,Pontual (D15),PONTUAL,0,210
ANAC_002381,2024-03-15,3,Friday,GLO,G3 2693,SBKP,SBCF,SBKP-SBCF,08:30,70,63,Atraso Moderado (46-120 min),CLIMA,12200,210
ANAC_002382,2024-05-01,5,Wednesday,TAM,LA 1446,SBSP,SBRJ,SBSP-SBRJ,10:00,-1,7,Pontual (D15),PONTUAL,0,174
ANAC_002383,2024-01-11,1,Thursday,PTB,2Z 2800,SBRJ,SBRF,SBRJ-SBRF,22:00,4,-7,Pontual (D15),PONTUAL,0,210
ANAC_002384,2024-09-19,9,Thursday,TAM,LA 3437,SBBR,SBGR,SBBR-SBGR,19:00,0,1,Pontual (D15),PONTUAL,0,162
ANAC_002385,2024-05-07,5,Tuesday,AZU,AD 2352,SBCF,SBKP,SBCF-SBKP,13:30,105,119,Atraso Moderado (46-120 min),MANUT,16050,162
ANAC_002386,2024-06-07,6,Friday,GLO,G3 1148,SBRJ,SBRF,SBRJ-SBRF,20:15,121,133,Atraso Severo (> 120 min),CLIMA,35780,174
ANAC_002387,2024-11-16,11,Saturday,TAM,LA 2957,SBKP,SBRF,SBKP-SBRF,07:00,10,-8,Pontual (D15),PONTUAL,0,174
ANAC_002388,2024-06-22,6,Saturday,AZU,AD 2484,SBGR,SBBR,SBGR-SBBR,20:00,8,8,Pontual (D15),PONTUAL,0,150
ANAC_002389,2024-01-31,1,Wednesday,GLO,G3 2390,SBSP,SBRJ,SBSP-SBRJ,21:15,-9,0,Pontual (D15),PONTUAL,0,150
ANAC_002390,2024-10-03,10,Thursday,TAM,LA 1334,SBKP,SBCF,SBKP-SBCF,20:15,11,12,Pontual (D15),PONTUAL,0,138
ANAC_002391,2024-09-27,9,Friday,GLO,G3 2545,SBRJ,SBSP,SBRJ-SBSP,11:45,6,-4,Pontual (D15),PONTUAL,0,186
ANAC_002392,2024-05-14,5,Tuesday,AZU,AD 3780,SBGL,SBGR,SBGL-SBGR,18:00,14,3,Pontual (D15),PONTUAL,0,162
ANAC_002393,2024-06-27,6,Thursday,TAM,LA 3523,SBPA,SBCT,SBPA-SBCT,10:00,101,92,Atraso Moderado (46-120 min),CONEX,15610,210
ANAC_002394,2024-11-28,11,Thursday,TAM,LA 3369,SBGR,SBSV,SBGR-SBSV,17:00,9,-1,Pontual (D15),PONTUAL,0,174
ANAC_002395,2024-02-28,2,Wednesday,GLO,G3 2284,SBRF,SBCT,SBRF-SBCT,20:00,6,-6,Pontual (D15),PONTUAL,0,150
ANAC_002396,2024-07-08,7,Monday,AZU,AD 1585,SBBR,SBGR,SBBR-SBGR,16:45,8,0,Pontual (D15),PONTUAL,0,210
ANAC_002397,2024-04-24,4,Wednesday,GLO,G3 4750,SBCF,SBKP,SBCF-SBKP,15:30,133,132,Atraso Severo (> 120 min),MANUT,37940,174
ANAC_002398,2024-04-19,4,Friday,GLO,G3 2138,SBKP,SBRF,SBKP-SBRF,15:30,4,-6,Pontual (D15),PONTUAL,0,210
ANAC_002399,2024-06-23,6,Sunday,TAM,LA 3841,SBKP,SBRF,SBKP-SBRF,12:30,6,-3,Pontual (D15),PONTUAL,0,150
ANAC_002400,2024-11-23,11,Saturday,TAM,LA 2201,SBCT,SBBR,SBCT-SBBR,08:15,9,6,Pontual (D15),PONTUAL,0,150
ANAC_002401,2024-03-19,3,Tuesday,GLO,G3 1804,SBSP,SBRJ,SBSP-SBRJ,14:00,-9,-2,Pontual (D15),PONTUAL,0,150
ANAC_002402,2024-11-20,11,Wednesday,AZU,AD 2672,SBBR,SBCF,SBBR-SBCF,19:00,12,12,Pontual (D15),PONTUAL,0,174
ANAC_002403,2024-04-15,4,Monday,GLO,G3 2814,SBRJ,SBSP,SBRJ-SBSP,07:00,4,7,Pontual (D15),PONTUAL,0,150
ANAC_002404,2024-06-20,6,Thursday,TAM,LA 4737,SBCF,SBPA,SBCF-SBPA,19:45,-1,-11,Pontual (D15),PONTUAL,0,150
ANAC_002405,2024-05-10,5,Friday,TAM,LA 4803,SBKP,SBCF,SBKP-SBCF,16:00,131,141,Atraso Severo (> 120 min),CLIMA,37580,138
ANAC_002406,2024-07-27,7,Saturday,GLO,G3 1378,SBGL,SBPA,SBGL-SBPA,08:15,22,21,Atraso Leve (16-45 min),ATC,1870,150
ANAC_002407,2024-10-24,10,Thursday,GLO,G3 2958,SBSV,SBSP,SBSV-SBSP,22:15,1,1,Pontual (D15),PONTUAL,0,138
ANAC_002408,2024-03-29,3,Friday,GLO,G3 4158,SBBR,SBCF,SBBR-SBCF,12:30,3,0,Pontual (D15),PONTUAL,0,210
ANAC_002409,2024-01-26,1,Friday,GLO,G3 4450,SBCF,SBSV,SBCF-SBSV,09:45,58,58,Atraso Moderado (46-120 min),SOLO,10880,210
ANAC_002410,2024-02-25,2,Sunday,TAM,LA 2741,SBKP,SBRF,SBKP-SBRF,07:30,11,0,Pontual (D15),PONTUAL,0,150
ANAC_002411,2024-01-30,1,Tuesday,AZU,AD 2778,SBGR,SBSV,SBGR-SBSV,07:00,82,93,Atraso Moderado (46-120 min),CLIMA,13520,210
ANAC_002412,2024-10-19,10,Saturday,GLO,G3 1217,SBBR,SBGR,SBBR-SBGR,21:00,0,0,Cancelado,MANUT,56794,210
ANAC_002413,2024-05-05,5,Sunday,TAM,LA 4386,SBBR,SBGR,SBBR-SBGR,22:30,9,0,Pontual (D15),PONTUAL,0,174
ANAC_002414,2024-11-19,11,Tuesday,GLO,G3 2173,SBSP,SBRJ,SBSP-SBRJ,17:30,22,19,Atraso Leve (16-45 min),SOLO,1870,138
ANAC_002415,2024-04-24,4,Wednesday,AZU,AD 2460,SBBR,SBGR,SBBR-SBGR,11:15,10,6,Pontual (D15),PONTUAL,0,138
ANAC_002416,2024-06-20,6,Thursday,GLO,G3 1196,SBGR,SBBR,SBGR-SBBR,21:00,29,30,Atraso Leve (16-45 min),CONEX,2465,174
ANAC_002417,2024-08-13,8,Tuesday,GLO,G3 2728,SBSP,SBRJ,SBSP-SBRJ,17:45,4,-1,Pontual (D15),PONTUAL,0,162
ANAC_002418,2024-07-20,7,Saturday,GLO,G3 4980,SBKP,SBSP,SBKP-SBSP,06:45,-6,11,Pontual (D15),PONTUAL,0,150
ANAC_002419,2024-09-15,9,Sunday,AZU,AD 3748,SBRF,SBSP,SBRF-SBSP,18:00,-2,-1,Pontual (D15),PONTUAL,0,186
ANAC_002420,2024-04-01,4,Monday,GLO,G3 4678,SBGR,SBBR,SBGR-SBBR,07:45,3,-6,Pontual (D15),PONTUAL,0,150
ANAC_002421,2024-05-05,5,Sunday,GLO,G3 2147,SBCF,SBKP,SBCF-SBKP,12:15,92,87,Atraso Moderado (46-120 min),CLIMA,14620,186
ANAC_002422,2024-11-09,11,Saturday,AZU,AD 3599,SBGR,SBSV,SBGR-SBSV,20:30,2,0,Pontual (D15),PONTUAL,0,210
ANAC_002423,2024-04-06,4,Saturday,TAM,LA 4463,SBBR,SBPA,SBBR-SBPA,14:00,11,1,Pontual (D15),PONTUAL,0,150
ANAC_002424,2024-02-14,2,Wednesday,AZU,AD 4381,SBRJ,SBBR,SBRJ-SBBR,18:30,13,-6,Pontual (D15),PONTUAL,0,186
ANAC_002425,2024-11-23,11,Saturday,TAM,LA 1659,SBGR,SBGL,SBGR-SBGL,08:30,-3,13,Pontual (D15),PONTUAL,0,150
ANAC_002426,2024-06-21,6,Friday,GLO,G3 2343,SBKP,SBRF,SBKP-SBRF,14:15,0,0,Cancelado,MANUT,70999,186
ANAC_002427,2024-11-27,11,Wednesday,TAM,LA 3720,SBCF,SBSP,SBCF-SBSP,12:00,0,0,Cancelado,MANUT,59096,210
ANAC_002428,2024-03-29,3,Friday,GLO,G3 4614,SBPA,SBGL,SBPA-SBGL,20:30,4,-7,Pontual (D15),PONTUAL,0,210
ANAC_002429,2024-08-14,8,Wednesday,AZU,AD 2503,SBBR,SBSP,SBBR-SBSP,09:45,17,17,Atraso Leve (16-45 min),ATC,1445,150
ANAC_002430,2024-02-28,2,Wednesday,TAM,LA 4338,SBBR,SBCT,SBBR-SBCT,20:30,6,-7,Pontual (D15),PONTUAL,0,186
ANAC_002431,2024-06-01,6,Saturday,AZU,AD 1123,SBRJ,SBPA,SBRJ-SBPA,18:00,13,-11,Pontual (D15),PONTUAL,0,150
ANAC_002432,2024-06-04,6,Tuesday,AZU,AD 4495,SBRF,SBRJ,SBRF-SBRJ,14:45,0,-9,Pontual (D15),PONTUAL,0,210
ANAC_002433,2024-10-10,10,Thursday,GLO,G3 3182,SBRJ,SBSP,SBRJ-SBSP,10:30,5,12,Pontual (D15),PONTUAL,0,162
ANAC_002434,2024-07-24,7,Wednesday,AZU,AD 2646,SBRJ,SBBR,SBRJ-SBBR,15:45,8,0,Pontual (D15),PONTUAL,0,210
ANAC_002435,2024-09-02,9,Monday,GLO,G3 3982,SBKP,SBRF,SBKP-SBRF,22:30,-3,0,Pontual (D15),PONTUAL,0,138
ANAC_002436,2024-08-21,8,Wednesday,TAM,LA 1510,SBKP,SBRF,SBKP-SBRF,08:15,8,6,Pontual (D15),PONTUAL,0,162
ANAC_002437,2024-07-31,7,Wednesday,TAM,LA 2129,SBGR,SBSV,SBGR-SBSV,11:00,5,-2,Pontual (D15),PONTUAL,0,150
ANAC_002438,2024-11-03,11,Sunday,TAM,LA 1254,SBKP,SBRF,SBKP-SBRF,12:15,8,4,Pontual (D15),PONTUAL,0,186
ANAC_002439,2024-01-16,1,Tuesday,TAM,LA 3659,SBBR,SBGR,SBBR-SBGR,14:15,9,9,Pontual (D15),PONTUAL,0,174
ANAC_002440,2024-07-28,7,Sunday,TAM,LA 1780,SBGR,SBPA,SBGR-SBPA,18:15,6,-9,Pontual (D15),PONTUAL,0,150
ANAC_002441,2024-04-15,4,Monday,GLO,G3 3630,SBKP,SBRF,SBKP-SBRF,09:15,11,-4,Pontual (D15),PONTUAL,0,138
ANAC_002442,2024-12-20,12,Friday,GLO,G3 1174,SBSV,SBKP,SBSV-SBKP,14:45,96,83,Atraso Moderado (46-120 min),CLIMA,15060,210
ANAC_002443,2024-02-02,2,Friday,PTB,2Z 2793,SBGL,SBGR,SBGL-SBGR,21:15,6,-3,Pontual (D15),PONTUAL,0,174
ANAC_002444,2024-08-24,8,Saturday,TAM,LA 2340,SBCF,SBKP,SBCF-SBKP,18:00,0,0,Cancelado,CLIMA,67202,186
ANAC_002445,2024-01-12,1,Friday,GLO,G3 1073,SBBR,SBCF,SBBR-SBCF,17:00,49,52,Atraso Moderado (46-120 min),SOLO,9890,186
ANAC_002446,2024-11-25,11,Monday,GLO,G3 2380,SBGR,SBPA,SBGR-SBPA,22:00,23,23,Atraso Leve (16-45 min),CONEX,1955,186
ANAC_002447,2024-04-14,4,Sunday,AZU,AD 3174,SBRJ,SBSP,SBRJ-SBSP,16:30,-6,-5,Pontual (D15),PONTUAL,0,150
ANAC_002448,2024-11-07,11,Thursday,AZU,AD 4134,SBGR,SBSV,SBGR-SBSV,14:15,21,22,Atraso Leve (16-45 min),CONEX,1785,162
ANAC_002449,2024-03-03,3,Sunday,AZU,AD 1626,SBGR,SBPA,SBGR-SBPA,17:00,71,76,Atraso Moderado (46-120 min),CLIMA,12310,150
ANAC_002450,2024-08-16,8,Friday,TAM,LA 4842,SBGR,SBBR,SBGR-SBBR,16:00,7,-7,Pontual (D15),PONTUAL,0,150
ANAC_002451,2024-08-03,8,Saturday,GLO,G3 3213,SBKP,SBCF,SBKP-SBCF,06:15,78,70,Atraso Moderado (46-120 min),CLIMA,13080,174
ANAC_002452,2024-04-26,4,Friday,GLO,G3 1283,SBKP,SBRF,SBKP-SBRF,13:00,8,13,Pontual (D15),PONTUAL,0,162
ANAC_002453,2024-04-07,4,Sunday,TAM,LA 2302,SBSP,SBRJ,SBSP-SBRJ,21:15,10,10,Pontual (D15),PONTUAL,0,210
ANAC_002454,2024-09-10,9,Tuesday,GLO,G3 1641,SBCF,SBKP,SBCF-SBKP,18:45,39,41,Atraso Leve (16-45 min),ATC,3315,186
ANAC_002455,2024-02-27,2,Tuesday,TAM,LA 2875,SBSV,SBCT,SBSV-SBCT,12:30,5,12,Pontual (D15),PONTUAL,0,150
ANAC_002456,2024-12-02,12,Monday,GLO,G3 1641,SBRF,SBCT,SBRF-SBCT,14:30,22,19,Atraso Leve (16-45 min),CONEX,1870,162
ANAC_002457,2024-04-18,4,Thursday,TAM,LA 4231,SBBR,SBGR,SBBR-SBGR,06:00,4,11,Pontual (D15),PONTUAL,0,174
ANAC_002458,2024-12-13,12,Friday,GLO,G3 3505,SBSV,SBPA,SBSV-SBPA,22:15,5,-1,Pontual (D15),PONTUAL,0,162
ANAC_002459,2024-01-28,1,Sunday,TAM,LA 4424,SBCF,SBBR,SBCF-SBBR,12:30,1,-3,Pontual (D15),PONTUAL,0,150
ANAC_002460,2024-03-10,3,Sunday,AZU,AD 4115,SBBR,SBCF,SBBR-SBCF,08:45,8,5,Pontual (D15),PONTUAL,0,174
ANAC_002461,2024-02-12,2,Monday,GLO,G3 2268,SBRJ,SBSP,SBRJ-SBSP,14:30,2,0,Pontual (D15),PONTUAL,0,138
ANAC_002462,2024-04-06,4,Saturday,AZU,AD 1360,SBGR,SBBR,SBGR-SBBR,22:00,33,29,Atraso Leve (16-45 min),ATC,2805,174
ANAC_002463,2024-11-17,11,Sunday,AZU,AD 1403,SBKP,SBCF,SBKP-SBCF,09:00,6,-3,Pontual (D15),PONTUAL,0,162
ANAC_002464,2024-03-29,3,Friday,AZU,AD 1522,SBBR,SBGR,SBBR-SBGR,06:30,1,4,Pontual (D15),PONTUAL,0,150
ANAC_002465,2024-11-11,11,Monday,GLO,G3 4893,SBKP,SBRF,SBKP-SBRF,22:45,6,4,Pontual (D15),PONTUAL,0,210
ANAC_002466,2024-07-26,7,Friday,GLO,G3 1870,SBKP,SBCF,SBKP-SBCF,14:15,77,75,Atraso Moderado (46-120 min),MANUT,12970,162
ANAC_002467,2024-09-08,9,Sunday,GLO,G3 2236,SBSP,SBRJ,SBSP-SBRJ,22:15,-4,-2,Pontual (D15),PONTUAL,0,150
ANAC_002468,2024-08-12,8,Monday,GLO,G3 4402,SBGR,SBSV,SBGR-SBSV,14:00,26,26,Atraso Leve (16-45 min),ATC,2210,210
ANAC_002469,2024-12-16,12,Monday,GLO,G3 2663,SBGR,SBBR,SBGR-SBBR,18:00,2,4,Pontual (D15),PONTUAL,0,174
ANAC_002470,2024-05-25,5,Saturday,GLO,G3 1545,SBBR,SBCF,SBBR-SBCF,14:00,35,32,Atraso Leve (16-45 min),SOLO,2975,210
ANAC_002471,2024-05-17,5,Friday,TAM,LA 3874,SBCF,SBKP,SBCF-SBKP,12:15,9,-10,Pontual (D15),PONTUAL,0,150
ANAC_002472,2024-07-16,7,Tuesday,AZU,AD 4111,SBGR,SBRF,SBGR-SBRF,11:45,6,-6,Pontual (D15),PONTUAL,0,210
ANAC_002473,2024-12-08,12,Sunday,GLO,G3 4532,SBSP,SBSV,SBSP-SBSV,10:00,-7,9,Pontual (D15),PONTUAL,0,186
ANAC_002474,2024-02-03,2,Saturday,TAM,LA 4474,SBSP,SBRJ,SBSP-SBRJ,06:30,86,91,Atraso Moderado (46-120 min),CLIMA,13960,174
ANAC_002475,2024-11-14,11,Thursday,GLO,G3 3778,SBKP,SBCF,SBKP-SBCF,17:00,0,0,Cancelado,CLIMA,76189,138
ANAC_002476,2024-04-21,4,Sunday,GLO,G3 1801,SBSP,SBRF,SBSP-SBRF,06:00,8,-6,Pontual (D15),PONTUAL,0,210
ANAC_002477,2024-07-10,7,Wednesday,TAM,LA 4435,SBKP,SBCF,SBKP-SBCF,17:15,-4,-9,Pontual (D15),PONTUAL,0,162
ANAC_002478,2024-01-29,1,Monday,GLO,G3 4894,SBGR,SBSV,SBGR-SBSV,21:45,7,-6,Pontual (D15),PONTUAL,0,186
ANAC_002479,2024-09-01,9,Sunday,GLO,G3 4540,SBCT,SBGL,SBCT-SBGL,12:15,19,17,Atraso Leve (16-45 min),CONEX,1615,210
ANAC_002480,2024-03-23,3,Saturday,TAM,LA 3683,SBGR,SBSV,SBGR-SBSV,11:45,6,13,Pontual (D15),PONTUAL,0,174
ANAC_002481,2024-02-14,2,Wednesday,TAM,LA 3674,SBCF,SBGR,SBCF-SBGR,11:45,3,-5,Pontual (D15),PONTUAL,0,150
ANAC_002482,2024-02-03,2,Saturday,GLO,G3 2380,SBCF,SBBR,SBCF-SBBR,06:00,9,9,Pontual (D15),PONTUAL,0,162
ANAC_002483,2024-11-22,11,Friday,TAM,LA 3812,SBSV,SBGL,SBSV-SBGL,10:30,14,-8,Pontual (D15),PONTUAL,0,150
ANAC_002484,2024-08-18,8,Sunday,GLO,G3 3876,SBGR,SBBR,SBGR-SBBR,16:45,0,-7,Pontual (D15),PONTUAL,0,138
ANAC_002485,2024-11-12,11,Tuesday,TAM,LA 4906,SBGR,SBBR,SBGR-SBBR,08:00,5,5,Pontual (D15),PONTUAL,0,150
ANAC_002486,2024-12-16,12,Monday,TAM,LA 2943,SBKP,SBCF,SBKP-SBCF,15:30,12,-6,Pontual (D15),PONTUAL,0,150
ANAC_002487,2024-05-05,5,Sunday,AZU,AD 2996,SBBR,SBGR,SBBR-SBGR,21:30,4,-8,Pontual (D15),PONTUAL,0,210
ANAC_002488,2024-09-29,9,Sunday,GLO,G3 1674,SBRF,SBSV,SBRF-SBSV,16:00,-1,13,Pontual (D15),PONTUAL,0,162
ANAC_002489,2024-03-07,3,Thursday,TAM,LA 4732,SBBR,SBPA,SBBR-SBPA,06:30,-4,-9,Pontual (D15),PONTUAL,0,174
ANAC_002490,2024-12-29,12,Sunday,PTB,2Z 3444,SBBR,SBCF,SBBR-SBCF,11:15,-4,0,Pontual (D15),PONTUAL,0,68
ANAC_002491,2024-10-01,10,Tuesday,GLO,G3 3511,SBGR,SBBR,SBGR-SBBR,17:30,-1,-9,Pontual (D15),PONTUAL,0,162
ANAC_002492,2024-05-25,5,Saturday,GLO,G3 4045,SBGR,SBPA,SBGR-SBPA,07:45,8,-11,Pontual (D15),PONTUAL,0,162
ANAC_002493,2024-09-10,9,Tuesday,TAM,LA 3549,SBKP,SBRF,SBKP-SBRF,06:30,-9,9,Pontual (D15),PONTUAL,0,162
ANAC_002494,2024-03-17,3,Sunday,GLO,G3 1909,SBSP,SBRJ,SBSP-SBRJ,08:00,113,113,Atraso Moderado (46-120 min),MANUT,16930,210
ANAC_002495,2024-04-10,4,Wednesday,AZU,AD 4547,SBRF,SBPA,SBRF-SBPA,17:45,141,149,Atraso Severo (> 120 min),MANUT,39380,174
ANAC_002496,2024-04-06,4,Saturday,AZU,AD 3905,SBGR,SBSV,SBGR-SBSV,15:15,-9,1,Pontual (D15),PONTUAL,0,174
ANAC_002497,2024-08-07,8,Wednesday,GLO,G3 2481,SBKP,SBRF,SBKP-SBRF,07:30,80,90,Atraso Moderado (46-120 min),MANUT,13300,186
ANAC_002498,2024-04-22,4,Monday,GLO,G3 3896,SBBR,SBGR,SBBR-SBGR,16:00,0,0,Cancelado,CLIMA,74640,162
ANAC_002499,2024-08-05,8,Monday,TAM,LA 3519,SBKP,SBCF,SBKP-SBCF,09:15,13,7,Pontual (D15),PONTUAL,0,210
ANAC_002500,2024-01-13,1,Saturday,PTB,2Z 4259,SBKP,SBRF,SBKP-SBRF,19:00,10,-8,Pontual (D15),PONTUAL,0,186
ANAC_002501,2024-06-20,6,Thursday,GLO,G3 1456,SBBR,SBSP,SBBR-SBSP,08:15,134,123,Atraso Severo (> 120 min),MANUT,38120,174
ANAC_002502,2024-08-01,8,Thursday,PTB,2Z 1658,SBRF,SBCT,SBRF-SBCT,07:30,87,89,Atraso Moderado (46-120 min),CLIMA,14070,68
ANAC_002503,2024-11-10,11,Sunday,TAM,LA 3910,SBBR,SBGR,SBBR-SBGR,11:30,-6,-1,Pontual (D15),PONTUAL,0,138
ANAC_002504,2024-05-30,5,Thursday,TAM,LA 3628,SBGR,SBSV,SBGR-SBSV,06:00,-9,-8,Pontual (D15),PONTUAL,0,150
ANAC_002505,2024-07-24,7,Wednesday,GLO,G3 3967,SBGR,SBBR,SBGR-SBBR,10:45,9,0,Pontual (D15),PONTUAL,0,174
ANAC_002506,2024-03-09,3,Saturday,GLO,G3 4605,SBKP,SBCF,SBKP-SBCF,09:00,0,0,Cancelado,MANUT,51512,150
ANAC_002507,2024-04-08,4,Monday,AZU,AD 4507,SBGR,SBPA,SBGR-SBPA,21:15,58,52,Atraso Moderado (46-120 min),MANUT,10880,186
ANAC_002508,2024-10-20,10,Sunday,GLO,G3 4922,SBSV,SBSP,SBSV-SBSP,11:45,0,9,Pontual (D15),PONTUAL,0,210
ANAC_002509,2024-06-24,6,Monday,AZU,AD 3480,SBKP,SBRF,SBKP-SBRF,21:30,4,-5,Pontual (D15),PONTUAL,0,186
ANAC_002510,2024-11-19,11,Tuesday,TAM,LA 2427,SBGR,SBSV,SBGR-SBSV,20:45,49,51,Atraso Moderado (46-120 min),MANUT,9890,162
ANAC_002511,2024-09-22,9,Sunday,GLO,G3 4852,SBGL,SBRJ,SBGL-SBRJ,07:45,0,-9,Pontual (D15),PONTUAL,0,138
ANAC_002512,2024-06-30,6,Sunday,TAM,LA 1860,SBKP,SBGL,SBKP-SBGL,21:30,13,7,Pontual (D15),PONTUAL,0,150
ANAC_002513,2024-01-09,1,Tuesday,AZU,AD 3783,SBCF,SBKP,SBCF-SBKP,13:30,-7,7,Pontual (D15),PONTUAL,0,186
ANAC_002514,2024-12-19,12,Thursday,AZU,AD 3134,SBSV,SBCF,SBSV-SBCF,18:45,0,6,Pontual (D15),PONTUAL,0,150
ANAC_002515,2024-01-03,1,Wednesday,GLO,G3 3742,SBRJ,SBSP,SBRJ-SBSP,20:15,94,105,Atraso Moderado (46-120 min),CLIMA,14840,162
ANAC_002516,2024-03-31,3,Sunday,TAM,LA 3552,SBGR,SBPA,SBGR-SBPA,06:45,65,74,Atraso Moderado (46-120 min),CONEX,11650,174
ANAC_002517,2024-11-08,11,Friday,AZU,AD 4997,SBGR,SBBR,SBGR-SBBR,15:30,-3,-9,Pontual (D15),PONTUAL,0,186
ANAC_002518,2024-05-21,5,Tuesday,GLO,G3 4475,SBGR,SBBR,SBGR-SBBR,09:45,-3,1,Pontual (D15),PONTUAL,0,138
ANAC_002519,2024-01-30,1,Tuesday,GLO,G3 3054,SBCF,SBKP,SBCF-SBKP,15:15,94,107,Atraso Moderado (46-120 min),CLIMA,14840,150
ANAC_002520,2024-04-20,4,Saturday,GLO,G3 2928,SBGR,SBSV,SBGR-SBSV,14:45,103,104,Atraso Moderado (46-120 min),MANUT,15830,150
ANAC_002521,2024-11-16,11,Saturday,TAM,LA 3527,SBCT,SBCF,SBCT-SBCF,06:45,4,-9,Pontual (D15),PONTUAL,0,210
ANAC_002522,2024-04-11,4,Thursday,AZU,AD 1497,SBCT,SBSV,SBCT-SBSV,13:15,73,74,Atraso Moderado (46-120 min),CLIMA,12530,186
ANAC_002523,2024-08-08,8,Thursday,TAM,LA 3034,SBKP,SBRF,SBKP-SBRF,10:30,35,36,Atraso Leve (16-45 min),ATC,2975,162
ANAC_002524,2024-02-07,2,Wednesday,TAM,LA 3714,SBPA,SBRJ,SBPA-SBRJ,10:45,0,-11,Pontual (D15),PONTUAL,0,210
ANAC_002525,2024-05-14,5,Tuesday,TAM,LA 3388,SBGR,SBSV,SBGR-SBSV,18:45,36,32,Atraso Leve (16-45 min),ATC,3060,186
ANAC_002526,2024-07-27,7,Saturday,TAM,LA 2782,SBSV,SBGL,SBSV-SBGL,06:45,-4,-8,Pontual (D15),PONTUAL,0,174
ANAC_002527,2024-01-30,1,Tuesday,TAM,LA 2981,SBKP,SBRF,SBKP-SBRF,19:30,92,80,Atraso Moderado (46-120 min),MANUT,14620,210
ANAC_002528,2024-03-11,3,Monday,TAM,LA 3236,SBRJ,SBSP,SBRJ-SBSP,22:30,66,57,Atraso Moderado (46-120 min),CONEX,11760,186
ANAC_002529,2024-10-17,10,Thursday,GLO,G3 4024,SBGR,SBBR,SBGR-SBBR,13:15,4,8,Pontual (D15),PONTUAL,0,174
ANAC_002530,2024-05-11,5,Saturday,GLO,G3 4189,SBGR,SBPA,SBGR-SBPA,11:15,-1,-3,Pontual (D15),PONTUAL,0,210
ANAC_002531,2024-08-18,8,Sunday,TAM,LA 2337,SBGR,SBSV,SBGR-SBSV,20:30,7,10,Pontual (D15),PONTUAL,0,174
ANAC_002532,2024-12-26,12,Thursday,GLO,G3 4371,SBGR,SBSV,SBGR-SBSV,09:15,13,-5,Pontual (D15),PONTUAL,0,174
ANAC_002533,2024-12-19,12,Thursday,TAM,LA 3995,SBBR,SBCF,SBBR-SBCF,12:45,-5,6,Pontual (D15),PONTUAL,0,162
ANAC_002534,2024-07-29,7,Monday,GLO,G3 1986,SBBR,SBCF,SBBR-SBCF,07:30,7,8,Pontual (D15),PONTUAL,0,150
ANAC_002535,2024-01-12,1,Friday,TAM,LA 4810,SBGR,SBKP,SBGR-SBKP,13:00,53,54,Atraso Moderado (46-120 min),ATC,10330,162
ANAC_002536,2024-07-05,7,Friday,PTB,2Z 1543,SBCF,SBKP,SBCF-SBKP,08:15,139,157,Atraso Severo (> 120 min),MANUT,39020,174
ANAC_002537,2024-01-08,1,Monday,AZU,AD 3221,SBGR,SBBR,SBGR-SBBR,20:30,63,65,Atraso Moderado (46-120 min),ATC,11430,210
ANAC_002538,2024-11-27,11,Wednesday,TAM,LA 4177,SBGR,SBPA,SBGR-SBPA,07:45,11,-3,Pontual (D15),PONTUAL,0,186
ANAC_002539,2024-07-18,7,Thursday,GLO,G3 3588,SBRJ,SBSP,SBRJ-SBSP,13:45,30,26,Atraso Leve (16-45 min),CONEX,2550,210
ANAC_002540,2024-06-20,6,Thursday,AZU,AD 3965,SBGR,SBCF,SBGR-SBCF,07:45,0,0,Pontual (D15),PONTUAL,0,162
ANAC_002541,2024-01-29,1,Monday,GLO,G3 3457,SBBR,SBRF,SBBR-SBRF,14:45,24,23,Atraso Leve (16-45 min),CONEX,2040,150
ANAC_002542,2024-03-20,3,Wednesday,TAM,LA 2722,SBGR,SBPA,SBGR-SBPA,10:30,30,33,Atraso Leve (16-45 min),ATC,2550,162
ANAC_002543,2024-12-19,12,Thursday,PTB,2Z 4011,SBSP,SBRJ,SBSP-SBRJ,19:15,14,-4,Pontual (D15),PONTUAL,0,210
ANAC_002544,2024-05-25,5,Saturday,GLO,G3 2116,SBGR,SBSV,SBGR-SBSV,11:45,50,55,Atraso Moderado (46-120 min),CLIMA,10000,210
ANAC_002545,2024-04-18,4,Thursday,TAM,LA 4345,SBKP,SBRF,SBKP-SBRF,14:00,-8,1,Pontual (D15),PONTUAL,0,162
ANAC_002546,2024-12-06,12,Friday,GLO,G3 2268,SBSP,SBRJ,SBSP-SBRJ,15:45,12,-6,Pontual (D15),PONTUAL,0,138
ANAC_002547,2024-05-05,5,Sunday,GLO,G3 1556,SBBR,SBGR,SBBR-SBGR,12:45,13,-7,Pontual (D15),PONTUAL,0,210
ANAC_002548,2024-06-14,6,Friday,GLO,G3 2951,SBBR,SBGR,SBBR-SBGR,10:30,0,3,Pontual (D15),PONTUAL,0,138
ANAC_002549,2024-08-22,8,Thursday,GLO,G3 1574,SBBR,SBCF,SBBR-SBCF,09:15,55,59,Atraso Moderado (46-120 min),CLIMA,10550,138
ANAC_002550,2024-07-04,7,Thursday,GLO,G3 1831,SBGR,SBBR,SBGR-SBBR,21:30,35,31,Atraso Leve (16-45 min),CONEX,2975,138
ANAC_002551,2024-05-20,5,Monday,TAM,LA 2182,SBGR,SBSV,SBGR-SBSV,17:00,-1,2,Pontual (D15),PONTUAL,0,174
ANAC_002552,2024-09-29,9,Sunday,TAM,LA 4738,SBGR,SBBR,SBGR-SBBR,10:15,12,4,Pontual (D15),PONTUAL,0,210
ANAC_002553,2024-08-18,8,Sunday,TAM,LA 3259,SBGR,SBSV,SBGR-SBSV,17:00,19,20,Atraso Leve (16-45 min),CONEX,1615,162
ANAC_002554,2024-09-14,9,Saturday,GLO,G3 1239,SBKP,SBCF,SBKP-SBCF,13:45,-4,0,Pontual (D15),PONTUAL,0,210
ANAC_002555,2024-11-06,11,Wednesday,TAM,LA 2394,SBGR,SBPA,SBGR-SBPA,22:15,-4,7,Pontual (D15),PONTUAL,0,210
ANAC_002556,2024-06-08,6,Saturday,TAM,LA 4520,SBPA,SBGL,SBPA-SBGL,16:00,6,-8,Pontual (D15),PONTUAL,0,150
ANAC_002557,2024-10-11,10,Friday,AZU,AD 2540,SBGR,SBSV,SBGR-SBSV,11:30,128,121,Atraso Severo (> 120 min),CONEX,37040,186
ANAC_002558,2024-08-17,8,Saturday,TAM,LA 3882,SBGR,SBPA,SBGR-SBPA,07:45,22,25,Atraso Leve (16-45 min),CONEX,1870,150
ANAC_002559,2024-08-05,8,Monday,AZU,AD 4489,SBBR,SBGR,SBBR-SBGR,14:15,-2,7,Pontual (D15),PONTUAL,0,186
ANAC_002560,2024-12-03,12,Tuesday,GLO,G3 1871,SBKP,SBCF,SBKP-SBCF,13:00,1,-7,Pontual (D15),PONTUAL,0,162
ANAC_002561,2024-01-30,1,Tuesday,TAM,LA 2999,SBSP,SBRJ,SBSP-SBRJ,07:15,7,-2,Pontual (D15),PONTUAL,0,150
ANAC_002562,2024-04-12,4,Friday,TAM,LA 1255,SBGR,SBRF,SBGR-SBRF,13:00,65,67,Atraso Moderado (46-120 min),CLIMA,11650,162
ANAC_002563,2024-09-16,9,Monday,TAM,LA 1341,SBBR,SBCF,SBBR-SBCF,07:15,51,48,Atraso Moderado (46-120 min),CONEX,10110,174
ANAC_002564,2024-11-21,11,Thursday,GLO,G3 2991,SBCF,SBKP,SBCF-SBKP,22:30,-6,-2,Pontual (D15),PONTUAL,0,162
ANAC_002565,2024-01-10,1,Wednesday,AZU,AD 1245,SBKP,SBGR,SBKP-SBGR,07:45,54,57,Atraso Moderado (46-120 min),ATC,10440,150
ANAC_002566,2024-10-11,10,Friday,AZU,AD 1599,SBKP,SBCF,SBKP-SBCF,14:15,-6,8,Pontual (D15),PONTUAL,0,174
ANAC_002567,2024-01-20,1,Saturday,PTB,2Z 2764,SBRJ,SBSP,SBRJ-SBSP,13:30,5,10,Pontual (D15),PONTUAL,0,138
ANAC_002568,2024-11-16,11,Saturday,AZU,AD 2931,SBGR,SBPA,SBGR-SBPA,21:00,7,-11,Pontual (D15),PONTUAL,0,174
ANAC_002569,2024-01-22,1,Monday,AZU,AD 1265,SBBR,SBGR,SBBR-SBGR,22:00,1,0,Pontual (D15),PONTUAL,0,186
ANAC_002570,2024-09-15,9,Sunday,GLO,G3 3406,SBRJ,SBBR,SBRJ-SBBR,20:15,-5,7,Pontual (D15),PONTUAL,0,162
ANAC_002571,2024-08-26,8,Monday,TAM,LA 3295,SBGR,SBBR,SBGR-SBBR,08:45,1,13,Pontual (D15),PONTUAL,0,210
ANAC_002572,2024-03-04,3,Monday,TAM,LA 1586,SBBR,SBGR,SBBR-SBGR,09:15,50,50,Atraso Moderado (46-120 min),CLIMA,10000,138
ANAC_002573,2024-05-31,5,Friday,TAM,LA 4060,SBKP,SBCF,SBKP-SBCF,15:30,-7,6,Pontual (D15),PONTUAL,0,162
ANAC_002574,2024-12-28,12,Saturday,TAM,LA 3618,SBPA,SBKP,SBPA-SBKP,20:30,31,27,Atraso Leve (16-45 min),SOLO,2635,150
ANAC_002575,2024-06-08,6,Saturday,AZU,AD 2135,SBPA,SBBR,SBPA-SBBR,11:45,13,9,Pontual (D15),PONTUAL,0,186
ANAC_002576,2024-07-05,7,Friday,AZU,AD 2890,SBRJ,SBSP,SBRJ-SBSP,16:00,-8,7,Pontual (D15),PONTUAL,0,138
ANAC_002577,2024-12-28,12,Saturday,TAM,LA 4875,SBGL,SBCF,SBGL-SBCF,12:45,0,0,Pontual (D15),PONTUAL,0,162
ANAC_002578,2024-10-31,10,Thursday,GLO,G3 1361,SBKP,SBRF,SBKP-SBRF,11:00,-5,-11,Pontual (D15),PONTUAL,0,186
ANAC_002579,2024-01-16,1,Tuesday,TAM,LA 2029,SBGR,SBBR,SBGR-SBBR,22:00,29,30,Atraso Leve (16-45 min),ATC,2465,162
ANAC_002580,2024-05-31,5,Friday,PTB,2Z 1159,SBSP,SBRJ,SBSP-SBRJ,16:30,41,35,Atraso Leve (16-45 min),CONEX,3485,68
ANAC_002581,2024-10-10,10,Thursday,GLO,G3 2745,SBCF,SBKP,SBCF-SBKP,19:15,31,34,Atraso Leve (16-45 min),CONEX,2635,210
ANAC_002582,2024-03-30,3,Saturday,GLO,G3 2046,SBGR,SBBR,SBGR-SBBR,20:30,2,0,Pontual (D15),PONTUAL,0,210
ANAC_002583,2024-10-05,10,Saturday,GLO,G3 1723,SBCT,SBPA,SBCT-SBPA,14:00,74,74,Atraso Moderado (46-120 min),CONEX,12640,138
ANAC_002584,2024-06-12,6,Wednesday,TAM,LA 3707,SBRJ,SBSP,SBRJ-SBSP,22:15,6,13,Pontual (D15),PONTUAL,0,150
ANAC_002585,2024-09-15,9,Sunday,TAM,LA 1360,SBGL,SBRJ,SBGL-SBRJ,08:45,1,13,Pontual (D15),PONTUAL,0,210
ANAC_002586,2024-08-21,8,Wednesday,GLO,G3 4060,SBSP,SBRJ,SBSP-SBRJ,09:00,-8,1,Pontual (D15),PONTUAL,0,150
ANAC_002587,2024-12-13,12,Friday,PTB,2Z 2636,SBKP,SBRF,SBKP-SBRF,12:30,0,12,Pontual (D15),PONTUAL,0,138
ANAC_002588,2024-03-24,3,Sunday,GLO,G3 4778,SBCF,SBKP,SBCF-SBKP,08:00,103,109,Atraso Moderado (46-120 min),CLIMA,15830,186
ANAC_002589,2024-09-01,9,Sunday,GLO,G3 3504,SBBR,SBGR,SBBR-SBGR,06:30,0,0,Cancelado,MANUT,65130,150
ANAC_002590,2024-12-05,12,Thursday,TAM,LA 2963,SBKP,SBCF,SBKP-SBCF,15:45,10,13,Pontual (D15),PONTUAL,0,174
ANAC_002591,2024-05-17,5,Friday,TAM,LA 3797,SBBR,SBKP,SBBR-SBKP,22:45,4,-6,Pontual (D15),PONTUAL,0,186
ANAC_002592,2024-12-22,12,Sunday,GLO,G3 2510,SBRF,SBCF,SBRF-SBCF,07:30,-2,1,Pontual (D15),PONTUAL,0,174
ANAC_002593,2024-07-15,7,Monday,AZU,AD 3796,SBGR,SBBR,SBGR-SBBR,13:30,-5,11,Pontual (D15),PONTUAL,0,138
ANAC_002594,2024-03-16,3,Saturday,TAM,LA 4167,SBCF,SBRJ,SBCF-SBRJ,11:00,9,-6,Pontual (D15),PONTUAL,0,174
ANAC_002595,2024-11-12,11,Tuesday,AZU,AD 1641,SBSV,SBGL,SBSV-SBGL,20:30,158,166,Atraso Severo (> 120 min),CLIMA,42440,162
ANAC_002596,2024-03-18,3,Monday,GLO,G3 3573,SBGR,SBSV,SBGR-SBSV,22:30,53,54,Atraso Moderado (46-120 min),ATC,10330,138
ANAC_002597,2024-11-30,11,Saturday,GLO,G3 4359,SBKP,SBCF,SBKP-SBCF,14:00,10,-1,Pontual (D15),PONTUAL,0,210
ANAC_002598,2024-01-13,1,Saturday,AZU,AD 2726,SBSP,SBRJ,SBSP-SBRJ,11:15,-4,-4,Pontual (D15),PONTUAL,0,210
ANAC_002599,2024-03-29,3,Friday,TAM,LA 2772,SBRJ,SBSP,SBRJ-SBSP,07:30,42,38,Atraso Leve (16-45 min),ATC,3570,138
ANAC_002600,2024-10-16,10,Wednesday,TAM,LA 1000,SBSP,SBGR,SBSP-SBGR,14:00,86,84,Atraso Moderado (46-120 min),MANUT,13960,150
ANAC_002601,2024-09-28,9,Saturday,GLO,G3 2688,SBGR,SBBR,SBGR-SBBR,08:30,4,4,Pontual (D15),PONTUAL,0,210
ANAC_002602,2024-09-06,9,Friday,AZU,AD 1822,SBKP,SBRF,SBKP-SBRF,19:00,-5,11,Pontual (D15),PONTUAL,0,186
ANAC_002603,2024-07-29,7,Monday,TAM,LA 4986,SBKP,SBRF,SBKP-SBRF,12:15,11,-11,Pontual (D15),PONTUAL,0,186
ANAC_002604,2024-04-08,4,Monday,GLO,G3 2873,SBCF,SBGL,SBCF-SBGL,13:45,8,0,Pontual (D15),PONTUAL,0,186
ANAC_002605,2024-07-30,7,Tuesday,AZU,AD 1585,SBGR,SBSV,SBGR-SBSV,08:00,19,16,Atraso Leve (16-45 min),CONEX,1615,174
ANAC_002606,2024-07-01,7,Monday,GLO,G3 1360,SBKP,SBCF,SBKP-SBCF,15:15,1,-5,Pontual (D15),PONTUAL,0,138
ANAC_002607,2024-11-18,11,Monday,AZU,AD 4380,SBGR,SBPA,SBGR-SBPA,20:15,12,-6,Pontual (D15),PONTUAL,0,138
ANAC_002608,2024-09-16,9,Monday,GLO,G3 3472,SBCF,SBKP,SBCF-SBKP,10:00,5,-1,Pontual (D15),PONTUAL,0,150
ANAC_002609,2024-05-28,5,Tuesday,TAM,LA 4922,SBRJ,SBSP,SBRJ-SBSP,18:30,58,60,Atraso Moderado (46-120 min),ATC,10880,174
ANAC_002610,2024-12-03,12,Tuesday,GLO,G3 1293,SBGR,SBBR,SBGR-SBBR,08:45,-9,11,Pontual (D15),PONTUAL,0,210
ANAC_002611,2024-01-12,1,Friday,GLO,G3 1524,SBRJ,SBSV,SBRJ-SBSV,19:15,39,40,Atraso Leve (16-45 min),CONEX,3315,210
ANAC_002612,2024-10-30,10,Wednesday,TAM,LA 3967,SBGR,SBPA,SBGR-SBPA,08:30,7,11,Pontual (D15),PONTUAL,0,186
ANAC_002613,2024-12-16,12,Monday,PTB,2Z 1391,SBSV,SBCT,SBSV-SBCT,07:45,-8,-1,Pontual (D15),PONTUAL,0,68
ANAC_002614,2024-12-24,12,Tuesday,AZU,AD 1260,SBBR,SBCF,SBBR-SBCF,22:30,-2,-6,Pontual (D15),PONTUAL,0,162
ANAC_002615,2024-11-07,11,Thursday,TAM,LA 2094,SBBR,SBPA,SBBR-SBPA,20:15,5,-10,Pontual (D15),PONTUAL,0,210
ANAC_002616,2024-04-01,4,Monday,AZU,AD 4666,SBGR,SBPA,SBGR-SBPA,18:00,30,26,Atraso Leve (16-45 min),ATC,2550,150
ANAC_002617,2024-12-17,12,Tuesday,GLO,G3 1284,SBBR,SBCF,SBBR-SBCF,08:30,10,0,Pontual (D15),PONTUAL,0,138
ANAC_002618,2024-02-01,2,Thursday,GLO,G3 3131,SBGR,SBSV,SBGR-SBSV,16:30,4,13,Pontual (D15),PONTUAL,0,174
ANAC_002619,2024-04-15,4,Monday,GLO,G3 1970,SBKP,SBBR,SBKP-SBBR,10:15,7,7,Pontual (D15),PONTUAL,0,150
ANAC_002620,2024-10-25,10,Friday,GLO,G3 1209,SBRJ,SBSP,SBRJ-SBSP,19:45,25,27,Atraso Leve (16-45 min),CONEX,2125,162
ANAC_002621,2024-03-12,3,Tuesday,TAM,LA 4679,SBRJ,SBCT,SBRJ-SBCT,13:30,13,-8,Pontual (D15),PONTUAL,0,150
ANAC_002622,2024-04-01,4,Monday,AZU,AD 2474,SBGR,SBBR,SBGR-SBBR,06:00,-4,0,Pontual (D15),PONTUAL,0,174
ANAC_002623,2024-11-29,11,Friday,AZU,AD 2336,SBGR,SBKP,SBGR-SBKP,19:00,30,31,Atraso Leve (16-45 min),CONEX,2550,210
ANAC_002624,2024-10-28,10,Monday,GLO,G3 3310,SBSP,SBRJ,SBSP-SBRJ,15:15,-6,-10,Pontual (D15),PONTUAL,0,138
ANAC_002625,2024-01-23,1,Tuesday,GLO,G3 1685,SBBR,SBGR,SBBR-SBGR,22:45,-1,-9,Pontual (D15),PONTUAL,0,210
ANAC_002626,2024-06-02,6,Sunday,AZU,AD 3486,SBKP,SBCF,SBKP-SBCF,20:15,79,90,Atraso Moderado (46-120 min),MANUT,13190,210
ANAC_002627,2024-07-18,7,Thursday,TAM,LA 1300,SBCF,SBKP,SBCF-SBKP,18:30,7,12,Pontual (D15),PONTUAL,0,186
ANAC_002628,2024-07-11,7,Thursday,GLO,G3 1328,SBSP,SBRJ,SBSP-SBRJ,21:30,29,32,Atraso Leve (16-45 min),ATC,2465,150
ANAC_002629,2024-06-02,6,Sunday,GLO,G3 3602,SBGR,SBPA,SBGR-SBPA,08:45,0,-7,Pontual (D15),PONTUAL,0,210
ANAC_002630,2024-06-16,6,Sunday,TAM,LA 1564,SBBR,SBCF,SBBR-SBCF,08:15,88,88,Atraso Moderado (46-120 min),CONEX,14180,186
ANAC_002631,2024-10-28,10,Monday,GLO,G3 4059,SBGR,SBPA,SBGR-SBPA,11:15,51,51,Atraso Moderado (46-120 min),MANUT,10110,162
ANAC_002632,2024-03-01,3,Friday,TAM,LA 4614,SBGR,SBBR,SBGR-SBBR,15:30,0,0,Cancelado,CLIMA,44662,150
ANAC_002633,2024-11-15,11,Friday,GLO,G3 4367,SBGR,SBGL,SBGR-SBGL,07:30,35,34,Atraso Leve (16-45 min),SOLO,2975,210
ANAC_002634,2024-04-13,4,Saturday,TAM,LA 2439,SBCF,SBKP,SBCF-SBKP,12:30,1,0,Pontual (D15),PONTUAL,0,138
ANAC_002635,2024-07-20,7,Saturday,TAM,LA 1742,SBGR,SBSV,SBGR-SBSV,11:15,-5,-10,Pontual (D15),PONTUAL,0,138
ANAC_002636,2024-02-24,2,Saturday,GLO,G3 3337,SBBR,SBCF,SBBR-SBCF,21:00,54,50,Atraso Moderado (46-120 min),ATC,10440,162
ANAC_002637,2024-11-29,11,Friday,TAM,LA 1214,SBRF,SBSP,SBRF-SBSP,10:15,6,11,Pontual (D15),PONTUAL,0,138
ANAC_002638,2024-05-10,5,Friday,TAM,LA 2301,SBPA,SBGR,SBPA-SBGR,21:15,11,-9,Pontual (D15),PONTUAL,0,174
ANAC_002639,2024-07-08,7,Monday,TAM,LA 2852,SBBR,SBCF,SBBR-SBCF,17:45,11,-9,Pontual (D15),PONTUAL,0,186
ANAC_002640,2024-10-27,10,Sunday,AZU,AD 2037,SBKP,SBRF,SBKP-SBRF,09:30,12,9,Pontual (D15),PONTUAL,0,210
ANAC_002641,2024-11-17,11,Sunday,GLO,G3 3602,SBCF,SBGR,SBCF-SBGR,06:00,-4,0,Pontual (D15),PONTUAL,0,162
ANAC_002642,2024-04-18,4,Thursday,AZU,AD 3988,SBRF,SBRJ,SBRF-SBRJ,09:45,-6,13,Pontual (D15),PONTUAL,0,150
ANAC_002643,2024-08-10,8,Saturday,TAM,LA 2679,SBGL,SBGR,SBGL-SBGR,15:00,14,-6,Pontual (D15),PONTUAL,0,138
ANAC_002644,2024-12-06,12,Friday,AZU,AD 3954,SBKP,SBCF,SBKP-SBCF,16:00,26,24,Atraso Leve (16-45 min),CONEX,2210,138
ANAC_002645,2024-02-13,2,Tuesday,AZU,AD 1690,SBKP,SBCF,SBKP-SBCF,06:45,34,30,Atraso Leve (16-45 min),ATC,2890,162
ANAC_002646,2024-04-19,4,Friday,GLO,G3 4243,SBCF,SBCT,SBCF-SBCT,11:00,-2,3,Pontual (D15),PONTUAL,0,150
ANAC_002647,2024-09-18,9,Wednesday,AZU,AD 4871,SBPA,SBGR,SBPA-SBGR,08:15,6,1,Pontual (D15),PONTUAL,0,174
ANAC_002648,2024-06-09,6,Sunday,GLO,G3 4203,SBBR,SBSV,SBBR-SBSV,07:00,11,9,Pontual (D15),PONTUAL,0,210
ANAC_002649,2024-09-29,9,Sunday,AZU,AD 3145,SBKP,SBCF,SBKP-SBCF,13:45,3,2,Pontual (D15),PONTUAL,0,150
ANAC_002650,2024-09-02,9,Monday,GLO,G3 1735,SBSP,SBRJ,SBSP-SBRJ,17:30,-8,3,Pontual (D15),PONTUAL,0,138
ANAC_002651,2024-01-03,1,Wednesday,TAM,LA 2040,SBRJ,SBKP,SBRJ-SBKP,10:00,-7,-3,Pontual (D15),PONTUAL,0,162
ANAC_002652,2024-10-04,10,Friday,AZU,AD 3442,SBGR,SBBR,SBGR-SBBR,16:30,10,-2,Pontual (D15),PONTUAL,0,210
ANAC_002653,2024-07-04,7,Thursday,AZU,AD 1911,SBRF,SBPA,SBRF-SBPA,21:15,5,13,Pontual (D15),PONTUAL,0,162
ANAC_002654,2024-02-18,2,Sunday,TAM,LA 2075,SBSP,SBCF,SBSP-SBCF,14:00,5,5,Pontual (D15),PONTUAL,0,138
ANAC_002655,2024-11-24,11,Sunday,AZU,AD 3380,SBSP,SBRJ,SBSP-SBRJ,12:30,28,29,Atraso Leve (16-45 min),CONEX,2380,174
ANAC_002656,2024-11-28,11,Thursday,TAM,LA 3657,SBKP,SBCF,SBKP-SBCF,09:15,6,11,Pontual (D15),PONTUAL,0,210
ANAC_002657,2024-05-26,5,Sunday,GLO,G3 3781,SBBR,SBGR,SBBR-SBGR,13:00,121,125,Atraso Severo (> 120 min),CLIMA,35780,186
ANAC_002658,2024-04-27,4,Saturday,TAM,LA 2404,SBGR,SBBR,SBGR-SBBR,22:45,12,-5,Pontual (D15),PONTUAL,0,174
ANAC_002659,2024-10-09,10,Wednesday,TAM,LA 2617,SBBR,SBGR,SBBR-SBGR,06:30,-6,-3,Pontual (D15),PONTUAL,0,210
ANAC_002660,2024-11-08,11,Friday,TAM,LA 1239,SBKP,SBRF,SBKP-SBRF,22:00,8,9,Pontual (D15),PONTUAL,0,138
ANAC_002661,2024-06-08,6,Saturday,TAM,LA 2555,SBRJ,SBSP,SBRJ-SBSP,10:00,45,46,Atraso Leve (16-45 min),CREW,3825,210
ANAC_002662,2024-04-07,4,Sunday,GLO,G3 3360,SBGR,SBBR,SBGR-SBBR,18:15,51,50,Atraso Moderado (46-120 min),ATC,10110,174
ANAC_002663,2024-07-09,7,Tuesday,GLO,G3 4405,SBCF,SBKP,SBCF-SBKP,11:00,-4,8,Pontual (D15),PONTUAL,0,138
ANAC_002664,2024-10-24,10,Thursday,TAM,LA 4147,SBGL,SBSP,SBGL-SBSP,11:00,-9,-7,Pontual (D15),PONTUAL,0,162
ANAC_002665,2024-11-08,11,Friday,TAM,LA 4518,SBBR,SBCF,SBBR-SBCF,13:00,-9,4,Pontual (D15),PONTUAL,0,186
ANAC_002666,2024-07-27,7,Saturday,PTB,2Z 4227,SBSP,SBRJ,SBSP-SBRJ,13:45,28,27,Atraso Leve (16-45 min),CREW,2380,210
ANAC_002667,2024-10-18,10,Friday,AZU,AD 3040,SBRF,SBSP,SBRF-SBSP,09:45,12,2,Pontual (D15),PONTUAL,0,150
ANAC_002668,2024-04-21,4,Sunday,AZU,AD 4101,SBGR,SBBR,SBGR-SBBR,17:15,25,26,Atraso Leve (16-45 min),CONEX,2125,174
ANAC_002669,2024-08-17,8,Saturday,GLO,G3 1516,SBRJ,SBSP,SBRJ-SBSP,17:45,10,0,Pontual (D15),PONTUAL,0,210
ANAC_002670,2024-01-12,1,Friday,AZU,AD 3043,SBBR,SBCF,SBBR-SBCF,20:15,-8,-4,Pontual (D15),PONTUAL,0,138
ANAC_002671,2024-01-05,1,Friday,GLO,G3 1081,SBGL,SBGR,SBGL-SBGR,22:45,0,1,Pontual (D15),PONTUAL,0,162
ANAC_002672,2024-06-04,6,Tuesday,GLO,G3 2589,SBKP,SBRJ,SBKP-SBRJ,17:15,80,74,Atraso Moderado (46-120 min),MANUT,13300,162
ANAC_002673,2024-07-21,7,Sunday,TAM,LA 3867,SBPA,SBCF,SBPA-SBCF,20:00,32,29,Atraso Leve (16-45 min),CONEX,2720,174
ANAC_002674,2024-03-07,3,Thursday,GLO,G3 1154,SBRJ,SBGL,SBRJ-SBGL,20:00,34,31,Atraso Leve (16-45 min),CONEX,2890,174
ANAC_002675,2024-03-27,3,Wednesday,AZU,AD 4610,SBSV,SBSP,SBSV-SBSP,15:45,0,-2,Pontual (D15),PONTUAL,0,138
ANAC_002676,2024-05-10,5,Friday,GLO,G3 1666,SBRJ,SBSP,SBRJ-SBSP,14:15,-2,-5,Pontual (D15),PONTUAL,0,210
ANAC_002677,2024-02-01,2,Thursday,AZU,AD 2438,SBGR,SBSV,SBGR-SBSV,20:00,-9,5,Pontual (D15),PONTUAL,0,162
ANAC_002678,2024-10-14,10,Monday,GLO,G3 1909,SBSP,SBPA,SBSP-SBPA,08:15,-9,4,Pontual (D15),PONTUAL,0,138
ANAC_002679,2024-05-15,5,Wednesday,GLO,G3 1298,SBBR,SBGR,SBBR-SBGR,11:15,-5,13,Pontual (D15),PONTUAL,0,186
ANAC_002680,2024-02-15,2,Thursday,TAM,LA 4321,SBBR,SBCF,SBBR-SBCF,22:30,-7,-2,Pontual (D15),PONTUAL,0,186
ANAC_002681,2024-11-29,11,Friday,GLO,G3 2760,SBPA,SBCF,SBPA-SBCF,07:15,0,-10,Pontual (D15),PONTUAL,0,162
ANAC_002682,2024-07-01,7,Monday,AZU,AD 2064,SBCF,SBGL,SBCF-SBGL,16:30,0,-6,Pontual (D15),PONTUAL,0,186
ANAC_002683,2024-01-06,1,Saturday,GLO,G3 1343,SBSP,SBRJ,SBSP-SBRJ,11:00,45,49,Atraso Leve (16-45 min),CREW,3825,186
ANAC_002684,2024-06-30,6,Sunday,PTB,2Z 3204,SBGR,SBSV,SBGR-SBSV,14:15,2,-2,Pontual (D15),PONTUAL,0,174
ANAC_002685,2024-08-08,8,Thursday,TAM,LA 3652,SBCF,SBKP,SBCF-SBKP,17:15,12,3,Pontual (D15),PONTUAL,0,174
ANAC_002686,2024-07-15,7,Monday,PTB,2Z 3460,SBKP,SBRF,SBKP-SBRF,15:45,57,62,Atraso Moderado (46-120 min),CONEX,10770,162
ANAC_002687,2024-03-12,3,Tuesday,TAM,LA 2194,SBSP,SBGL,SBSP-SBGL,10:45,74,69,Atraso Moderado (46-120 min),CLIMA,12640,150
ANAC_002688,2024-02-02,2,Friday,GLO,G3 2729,SBRJ,SBSP,SBRJ-SBSP,12:00,-5,10,Pontual (D15),PONTUAL,0,210
ANAC_002689,2024-12-11,12,Wednesday,GLO,G3 3261,SBCF,SBSP,SBCF-SBSP,10:30,163,176,Atraso Severo (> 120 min),MANUT,43340,138
ANAC_002690,2024-12-01,12,Sunday,AZU,AD 3024,SBSV,SBCF,SBSV-SBCF,08:30,-7,13,Pontual (D15),PONTUAL,0,150
ANAC_002691,2024-12-16,12,Monday,AZU,AD 3650,SBCF,SBSP,SBCF-SBSP,20:15,-9,-8,Pontual (D15),PONTUAL,0,162
ANAC_002692,2024-09-06,9,Friday,TAM,LA 3699,SBSV,SBRF,SBSV-SBRF,10:00,-3,0,Pontual (D15),PONTUAL,0,210
ANAC_002693,2024-07-07,7,Sunday,GLO,G3 4616,SBGR,SBSV,SBGR-SBSV,10:45,0,-11,Pontual (D15),PONTUAL,0,210
ANAC_002694,2024-04-21,4,Sunday,GLO,G3 3526,SBRJ,SBSP,SBRJ-SBSP,13:30,131,113,Atraso Severo (> 120 min),MANUT,37580,210
ANAC_002695,2024-05-08,5,Wednesday,PTB,2Z 1895,SBKP,SBCF,SBKP-SBCF,17:00,0,7,Pontual (D15),PONTUAL,0,162
ANAC_002696,2024-10-27,10,Sunday,GLO,G3 4110,SBGR,SBSV,SBGR-SBSV,18:45,-8,-3,Pontual (D15),PONTUAL,0,162
ANAC_002697,2024-11-23,11,Saturday,GLO,G3 1748,SBBR,SBGR,SBBR-SBGR,12:30,-8,7,Pontual (D15),PONTUAL,0,186
ANAC_002698,2024-09-27,9,Friday,GLO,G3 4439,SBGR,SBPA,SBGR-SBPA,17:00,0,2,Pontual (D15),PONTUAL,0,210
ANAC_002699,2024-03-27,3,Wednesday,TAM,LA 2872,SBGR,SBPA,SBGR-SBPA,15:00,0,0,Cancelado,CLIMA,62937,162
ANAC_002700,2024-03-22,3,Friday,TAM,LA 4729,SBCF,SBPA,SBCF-SBPA,14:00,-2,0,Pontual (D15),PONTUAL,0,150
ANAC_002701,2024-11-03,11,Sunday,AZU,AD 4979,SBKP,SBCF,SBKP-SBCF,17:15,77,79,Atraso Moderado (46-120 min),MANUT,12970,162
ANAC_002702,2024-03-26,3,Tuesday,TAM,LA 3734,SBGR,SBKP,SBGR-SBKP,13:00,68,68,Atraso Moderado (46-120 min),CLIMA,11980,150
ANAC_002703,2024-09-04,9,Wednesday,AZU,AD 1800,SBCF,SBKP,SBCF-SBKP,08:15,2,9,Pontual (D15),PONTUAL,0,186
ANAC_002704,2024-09-09,9,Monday,TAM,LA 4413,SBGL,SBCT,SBGL-SBCT,16:15,10,11,Pontual (D15),PONTUAL,0,210
ANAC_002705,2024-01-23,1,Tuesday,TAM,LA 3254,SBCF,SBCT,SBCF-SBCT,22:30,5,-5,Pontual (D15),PONTUAL,0,162
ANAC_002706,2024-03-08,3,Friday,TAM,LA 2771,SBBR,SBCT,SBBR-SBCT,13:45,-4,9,Pontual (D15),PONTUAL,0,174
ANAC_002707,2024-12-24,12,Tuesday,AZU,AD 1598,SBGR,SBBR,SBGR-SBBR,12:45,3,11,Pontual (D15),PONTUAL,0,150
ANAC_002708,2024-01-26,1,Friday,AZU,AD 3546,SBCF,SBKP,SBCF-SBKP,18:30,94,89,Atraso Moderado (46-120 min),CLIMA,14840,138
ANAC_002709,2024-11-13,11,Wednesday,AZU,AD 4855,SBCF,SBPA,SBCF-SBPA,17:45,90,101,Atraso Moderado (46-120 min),CLIMA,14400,150
ANAC_002710,2024-02-13,2,Tuesday,TAM,LA 4654,SBKP,SBRF,SBKP-SBRF,12:00,0,-7,Pontual (D15),PONTUAL,0,138
ANAC_002711,2024-08-10,8,Saturday,TAM,LA 1700,SBBR,SBCF,SBBR-SBCF,14:30,-5,-7,Pontual (D15),PONTUAL,0,186
ANAC_002712,2024-06-11,6,Tuesday,AZU,AD 4120,SBRJ,SBSP,SBRJ-SBSP,12:00,-5,7,Pontual (D15),PONTUAL,0,186
ANAC_002713,2024-01-06,1,Saturday,GLO,G3 4318,SBCF,SBKP,SBCF-SBKP,20:15,4,-3,Pontual (D15),PONTUAL,0,174
ANAC_002714,2024-02-23,2,Friday,TAM,LA 2234,SBGR,SBBR,SBGR-SBBR,11:45,104,97,Atraso Moderado (46-120 min),CLIMA,15940,174
ANAC_002715,2024-05-30,5,Thursday,AZU,AD 3568,SBGR,SBPA,SBGR-SBPA,18:45,47,41,Atraso Moderado (46-120 min),CLIMA,9670,162
ANAC_002716,2024-05-04,5,Saturday,GLO,G3 4388,SBGR,SBPA,SBGR-SBPA,15:15,34,30,Atraso Leve (16-45 min),ATC,2890,150
ANAC_002717,2024-08-14,8,Wednesday,TAM,LA 3930,SBGR,SBPA,SBGR-SBPA,18:15,81,76,Atraso Moderado (46-120 min),CONEX,13410,162
ANAC_002718,2024-05-07,5,Tuesday,AZU,AD 4273,SBBR,SBCF,SBBR-SBCF,10:00,6,0,Pontual (D15),PONTUAL,0,150
ANAC_002719,2024-07-08,7,Monday,GLO,G3 3045,SBCF,SBKP,SBCF-SBKP,21:15,48,47,Atraso Moderado (46-120 min),CLIMA,9780,138
ANAC_002720,2024-01-05,1,Friday,AZU,AD 2885,SBRF,SBGL,SBRF-SBGL,17:15,35,34,Atraso Leve (16-45 min),CONEX,2975,162
ANAC_002721,2024-09-24,9,Tuesday,GLO,G3 1400,SBRJ,SBPA,SBRJ-SBPA,13:30,-4,7,Pontual (D15),PONTUAL,0,210
ANAC_002722,2024-08-30,8,Friday,TAM,LA 4604,SBGR,SBPA,SBGR-SBPA,13:00,-9,7,Pontual (D15),PONTUAL,0,186
ANAC_002723,2024-01-14,1,Sunday,TAM,LA 4878,SBCT,SBRF,SBCT-SBRF,22:45,7,12,Pontual (D15),PONTUAL,0,162
ANAC_002724,2024-12-13,12,Friday,AZU,AD 3611,SBSV,SBKP,SBSV-SBKP,10:30,-6,-6,Pontual (D15),PONTUAL,0,138
ANAC_002725,2024-05-28,5,Tuesday,AZU,AD 3953,SBSV,SBSP,SBSV-SBSP,14:30,-7,1,Pontual (D15),PONTUAL,0,138
ANAC_002726,2024-01-27,1,Saturday,GLO,G3 4128,SBBR,SBGR,SBBR-SBGR,15:00,12,1,Pontual (D15),PONTUAL,0,162
ANAC_002727,2024-03-04,3,Monday,GLO,G3 3452,SBSP,SBRJ,SBSP-SBRJ,09:15,17,17,Atraso Leve (16-45 min),CONEX,1445,174
ANAC_002728,2024-03-16,3,Saturday,TAM,LA 3113,SBCF,SBKP,SBCF-SBKP,17:30,-9,-7,Pontual (D15),PONTUAL,0,150
ANAC_002729,2024-03-30,3,Saturday,GLO,G3 2334,SBBR,SBGR,SBBR-SBGR,06:45,-7,13,Pontual (D15),PONTUAL,0,150
ANAC_002730,2024-01-26,1,Friday,GLO,G3 4685,SBBR,SBGR,SBBR-SBGR,08:45,12,-6,Pontual (D15),PONTUAL,0,186
ANAC_002731,2024-10-28,10,Monday,TAM,LA 2083,SBKP,SBRF,SBKP-SBRF,13:30,-6,3,Pontual (D15),PONTUAL,0,210
ANAC_002732,2024-06-05,6,Wednesday,TAM,LA 2321,SBGR,SBBR,SBGR-SBBR,13:00,46,51,Atraso Moderado (46-120 min),CLIMA,9560,174
ANAC_002733,2024-03-25,3,Monday,GLO,G3 1516,SBGR,SBSV,SBGR-SBSV,10:30,-5,-1,Pontual (D15),PONTUAL,0,162
ANAC_002734,2024-04-28,4,Sunday,TAM,LA 2737,SBGR,SBSV,SBGR-SBSV,14:00,237,227,Atraso Severo (> 120 min),MANUT,56660,150
ANAC_002735,2024-06-03,6,Monday,GLO,G3 4251,SBCT,SBGR,SBCT-SBGR,13:15,8,2,Pontual (D15),PONTUAL,0,150
ANAC_002736,2024-12-14,12,Saturday,TAM,LA 2034,SBRJ,SBSP,SBRJ-SBSP,14:00,0,7,Pontual (D15),PONTUAL,0,186
ANAC_002737,2024-01-27,1,Saturday,GLO,G3 3769,SBRF,SBSV,SBRF-SBSV,20:15,5,7,Pontual (D15),PONTUAL,0,162
ANAC_002738,2024-07-29,7,Monday,TAM,LA 2935,SBKP,SBCT,SBKP-SBCT,16:00,13,-9,Pontual (D15),PONTUAL,0,150
ANAC_002739,2024-08-12,8,Monday,TAM,LA 1053,SBBR,SBSP,SBBR-SBSP,14:15,2,6,Pontual (D15),PONTUAL,0,186
ANAC_002740,2024-08-04,8,Sunday,GLO,G3 2468,SBPA,SBRJ,SBPA-SBRJ,08:45,10,13,Pontual (D15),PONTUAL,0,210
ANAC_002741,2024-09-27,9,Friday,TAM,LA 1424,SBGL,SBPA,SBGL-SBPA,12:45,-3,13,Pontual (D15),PONTUAL,0,162
ANAC_002742,2024-09-19,9,Thursday,TAM,LA 3949,SBCF,SBKP,SBCF-SBKP,17:00,0,0,Cancelado,MANUT,60282,162
ANAC_002743,2024-10-04,10,Friday,TAM,LA 3474,SBKP,SBRF,SBKP-SBRF,08:30,70,65,Atraso Moderado (46-120 min),CLIMA,12200,174
ANAC_002744,2024-08-28,8,Wednesday,GLO,G3 2324,SBRJ,SBSP,SBRJ-SBSP,19:00,7,5,Pontual (D15),PONTUAL,0,150
ANAC_002745,2024-11-28,11,Thursday,GLO,G3 4680,SBGR,SBSV,SBGR-SBSV,21:45,-2,-9,Pontual (D15),PONTUAL,0,174
ANAC_002746,2024-07-10,7,Wednesday,AZU,AD 3792,SBGR,SBPA,SBGR-SBPA,18:15,8,1,Pontual (D15),PONTUAL,0,162
ANAC_002747,2024-05-14,5,Tuesday,GLO,G3 3454,SBSP,SBGR,SBSP-SBGR,17:45,29,32,Atraso Leve (16-45 min),CLIMA,2465,210
ANAC_002748,2024-06-12,6,Wednesday,GLO,G3 4204,SBKP,SBCF,SBKP-SBCF,13:30,39,36,Atraso Leve (16-45 min),CONEX,3315,162
ANAC_002749,2024-02-19,2,Monday,TAM,LA 2068,SBRF,SBSV,SBRF-SBSV,11:30,-6,-3,Pontual (D15),PONTUAL,0,162
ANAC_002750,2024-07-23,7,Tuesday,TAM,LA 1355,SBGR,SBBR,SBGR-SBBR,09:45,44,45,Atraso Leve (16-45 min),ATC,3740,210
ANAC_002751,2024-03-16,3,Saturday,TAM,LA 3060,SBKP,SBRF,SBKP-SBRF,06:45,0,-3,Pontual (D15),PONTUAL,0,150
ANAC_002752,2024-07-11,7,Thursday,GLO,G3 2312,SBBR,SBCF,SBBR-SBCF,08:45,23,25,Atraso Leve (16-45 min),CONEX,1955,210
ANAC_002753,2024-05-05,5,Sunday,TAM,LA 3425,SBCF,SBKP,SBCF-SBKP,09:00,27,30,Atraso Leve (16-45 min),CONEX,2295,186
ANAC_002754,2024-05-15,5,Wednesday,GLO,G3 2196,SBGR,SBPA,SBGR-SBPA,10:00,3,-10,Pontual (D15),PONTUAL,0,186
ANAC_002755,2024-04-05,4,Friday,PTB,2Z 2562,SBBR,SBCT,SBBR-SBCT,21:45,-7,11,Pontual (D15),PONTUAL,0,210
ANAC_002756,2024-03-03,3,Sunday,GLO,G3 4278,SBCF,SBKP,SBCF-SBKP,08:15,34,30,Atraso Leve (16-45 min),CREW,2890,150
ANAC_002757,2024-11-14,11,Thursday,GLO,G3 4150,SBGR,SBBR,SBGR-SBBR,14:00,14,11,Pontual (D15),PONTUAL,0,150
ANAC_002758,2024-03-05,3,Tuesday,TAM,LA 4051,SBGR,SBBR,SBGR-SBBR,09:45,8,-10,Pontual (D15),PONTUAL,0,186
ANAC_002759,2024-06-30,6,Sunday,TAM,LA 3427,SBBR,SBCF,SBBR-SBCF,12:15,84,86,Atraso Moderado (46-120 min),CONEX,13740,210
ANAC_002760,2024-06-22,6,Saturday,TAM,LA 3100,SBGR,SBBR,SBGR-SBBR,15:45,10,-10,Pontual (D15),PONTUAL,0,186
ANAC_002761,2024-05-07,5,Tuesday,TAM,LA 4743,SBRF,SBGL,SBRF-SBGL,08:00,0,4,Pontual (D15),PONTUAL,0,150
ANAC_002762,2024-10-31,10,Thursday,GLO,G3 4349,SBGR,SBPA,SBGR-SBPA,21:30,120,116,Atraso Moderado (46-120 min),MANUT,17700,150
ANAC_002763,2024-09-03,9,Tuesday,TAM,LA 2040,SBRJ,SBBR,SBRJ-SBBR,10:15,-2,9,Pontual (D15),PONTUAL,0,210
ANAC_002764,2024-11-07,11,Thursday,AZU,AD 4810,SBBR,SBGR,SBBR-SBGR,16:45,11,8,Pontual (D15),PONTUAL,0,162
ANAC_002765,2024-04-21,4,Sunday,GLO,G3 1223,SBKP,SBCF,SBKP-SBCF,14:45,4,-11,Pontual (D15),PONTUAL,0,186
ANAC_002766,2024-03-04,3,Monday,AZU,AD 2510,SBGR,SBPA,SBGR-SBPA,11:15,0,-3,Pontual (D15),PONTUAL,0,174
ANAC_002767,2024-03-28,3,Thursday,TAM,LA 1155,SBRJ,SBPA,SBRJ-SBPA,20:15,1,7,Pontual (D15),PONTUAL,0,174
ANAC_002768,2024-08-28,8,Wednesday,TAM,LA 1251,SBBR,SBGR,SBBR-SBGR,18:00,58,63,Atraso Moderado (46-120 min),ATC,10880,150
ANAC_002769,2024-09-07,9,Saturday,AZU,AD 1153,SBBR,SBGR,SBBR-SBGR,06:30,5,6,Pontual (D15),PONTUAL,0,150
ANAC_002770,2024-06-30,6,Sunday,GLO,G3 3831,SBCT,SBSP,SBCT-SBSP,15:45,0,0,Pontual (D15),PONTUAL,0,138
ANAC_002771,2024-07-06,7,Saturday,GLO,G3 4643,SBRJ,SBSP,SBRJ-SBSP,22:00,-8,-11,Pontual (D15),PONTUAL,0,174
ANAC_002772,2024-04-02,4,Tuesday,GLO,G3 3451,SBSV,SBPA,SBSV-SBPA,17:15,63,60,Atraso Moderado (46-120 min),ATC,11430,162
ANAC_002773,2024-09-19,9,Thursday,TAM,LA 3878,SBGR,SBSV,SBGR-SBSV,11:45,3,-10,Pontual (D15),PONTUAL,0,186
ANAC_002774,2024-01-24,1,Wednesday,PTB,2Z 4238,SBSP,SBCT,SBSP-SBCT,17:00,12,3,Pontual (D15),PONTUAL,0,210
ANAC_002775,2024-01-07,1,Sunday,TAM,LA 2358,SBPA,SBBR,SBPA-SBBR,14:30,24,25,Atraso Leve (16-45 min),ATC,2040,210
ANAC_002776,2024-01-21,1,Sunday,GLO,G3 2823,SBSP,SBRJ,SBSP-SBRJ,07:15,-3,10,Pontual (D15),PONTUAL,0,162
ANAC_002777,2024-11-10,11,Sunday,AZU,AD 2566,SBRJ,SBBR,SBRJ-SBBR,16:45,10,-7,Pontual (D15),PONTUAL,0,210
ANAC_002778,2024-07-07,7,Sunday,GLO,G3 4303,SBGR,SBSV,SBGR-SBSV,20:15,-8,-2,Pontual (D15),PONTUAL,0,150
ANAC_002779,2024-02-11,2,Sunday,GLO,G3 1773,SBGR,SBGL,SBGR-SBGL,14:00,1,8,Pontual (D15),PONTUAL,0,210
ANAC_002780,2024-08-21,8,Wednesday,AZU,AD 4970,SBGR,SBPA,SBGR-SBPA,20:30,-2,2,Pontual (D15),PONTUAL,0,174
ANAC_002781,2024-08-18,8,Sunday,GLO,G3 2851,SBKP,SBRF,SBKP-SBRF,22:30,-4,10,Pontual (D15),PONTUAL,0,162
ANAC_002782,2024-07-21,7,Sunday,TAM,LA 4480,SBRJ,SBCT,SBRJ-SBCT,22:15,7,-7,Pontual (D15),PONTUAL,0,138
ANAC_002783,2024-04-27,4,Saturday,TAM,LA 3752,SBSV,SBRF,SBSV-SBRF,14:45,0,3,Pontual (D15),PONTUAL,0,138
ANAC_002784,2024-12-12,12,Thursday,AZU,AD 1899,SBGR,SBBR,SBGR-SBBR,22:15,-8,0,Pontual (D15),PONTUAL,0,150
ANAC_002785,2024-05-20,5,Monday,AZU,AD 4595,SBGL,SBGR,SBGL-SBGR,07:15,26,27,Atraso Leve (16-45 min),ATC,2210,186
ANAC_002786,2024-04-12,4,Friday,GLO,G3 1954,SBKP,SBSP,SBKP-SBSP,16:00,44,47,Atraso Leve (16-45 min),CONEX,3740,174
ANAC_002787,2024-02-08,2,Thursday,AZU,AD 3613,SBSP,SBKP,SBSP-SBKP,21:15,-1,6,Pontual (D15),PONTUAL,0,186
ANAC_002788,2024-06-17,6,Monday,TAM,LA 2943,SBKP,SBCF,SBKP-SBCF,15:15,4,3,Pontual (D15),PONTUAL,0,210
ANAC_002789,2024-12-27,12,Friday,AZU,AD 2403,SBGR,SBSV,SBGR-SBSV,15:45,-8,0,Pontual (D15),PONTUAL,0,210
ANAC_002790,2024-03-12,3,Tuesday,TAM,LA 2948,SBSV,SBSP,SBSV-SBSP,11:15,0,6,Pontual (D15),PONTUAL,0,210
ANAC_002791,2024-02-15,2,Thursday,AZU,AD 1966,SBGL,SBBR,SBGL-SBBR,18:00,11,9,Pontual (D15),PONTUAL,0,138
ANAC_002792,2024-11-27,11,Wednesday,GLO,G3 2468,SBGR,SBSV,SBGR-SBSV,16:45,42,39,Atraso Leve (16-45 min),SOLO,3570,150
ANAC_002793,2024-05-25,5,Saturday,GLO,G3 2384,SBGR,SBSV,SBGR-SBSV,10:30,0,0,Cancelado,MANUT,56438,210
ANAC_002794,2024-09-07,9,Saturday,TAM,LA 1353,SBSV,SBRF,SBSV-SBRF,17:30,96,83,Atraso Moderado (46-120 min),CLIMA,15060,138
ANAC_002795,2024-11-17,11,Sunday,TAM,LA 2995,SBGR,SBPA,SBGR-SBPA,11:45,9,0,Pontual (D15),PONTUAL,0,210
ANAC_002796,2024-12-03,12,Tuesday,TAM,LA 1613,SBGR,SBRJ,SBGR-SBRJ,22:00,0,0,Cancelado,CREW,46524,138
ANAC_002797,2024-05-23,5,Thursday,GLO,G3 3290,SBGR,SBSV,SBGR-SBSV,16:00,6,9,Pontual (D15),PONTUAL,0,138
ANAC_002798,2024-08-30,8,Friday,TAM,LA 2359,SBBR,SBGR,SBBR-SBGR,07:45,131,128,Atraso Severo (> 120 min),MANUT,37580,138
ANAC_002799,2024-07-22,7,Monday,GLO,G3 1221,SBKP,SBGL,SBKP-SBGL,11:15,11,-5,Pontual (D15),PONTUAL,0,174
ANAC_002800,2024-12-15,12,Sunday,GLO,G3 1408,SBCF,SBKP,SBCF-SBKP,06:15,-7,3,Pontual (D15),PONTUAL,0,150
ANAC_002801,2024-10-11,10,Friday,GLO,G3 3727,SBKP,SBRF,SBKP-SBRF,15:45,-9,1,Pontual (D15),PONTUAL,0,174
ANAC_002802,2024-01-06,1,Saturday,TAM,LA 3914,SBGR,SBPA,SBGR-SBPA,10:15,-4,-9,Pontual (D15),PONTUAL,0,138
ANAC_002803,2024-11-26,11,Tuesday,TAM,LA 1938,SBCF,SBGR,SBCF-SBGR,17:45,49,54,Atraso Moderado (46-120 min),ATC,9890,174
ANAC_002804,2024-10-19,10,Saturday,PTB,2Z 3194,SBBR,SBCF,SBBR-SBCF,15:00,-1,-5,Pontual (D15),PONTUAL,0,162
ANAC_002805,2024-12-29,12,Sunday,TAM,LA 2287,SBBR,SBCF,SBBR-SBCF,15:00,8,-6,Pontual (D15),PONTUAL,0,186
ANAC_002806,2024-04-12,4,Friday,TAM,LA 2135,SBSP,SBRJ,SBSP-SBRJ,08:15,6,0,Pontual (D15),PONTUAL,0,162
ANAC_002807,2024-12-14,12,Saturday,GLO,G3 1971,SBKP,SBCF,SBKP-SBCF,22:00,65,62,Atraso Moderado (46-120 min),CONEX,11650,138
ANAC_002808,2024-10-28,10,Monday,GLO,G3 4705,SBGR,SBPA,SBGR-SBPA,08:00,5,0,Pontual (D15),PONTUAL,0,162
ANAC_002809,2024-12-08,12,Sunday,GLO,G3 2806,SBKP,SBGL,SBKP-SBGL,09:30,-9,3,Pontual (D15),PONTUAL,0,150
ANAC_002810,2024-11-26,11,Tuesday,TAM,LA 3203,SBSP,SBGR,SBSP-SBGR,16:00,11,-3,Pontual (D15),PONTUAL,0,174
ANAC_002811,2024-03-09,3,Saturday,AZU,AD 4368,SBGR,SBSV,SBGR-SBSV,19:15,-4,0,Pontual (D15),PONTUAL,0,150
ANAC_002812,2024-10-13,10,Sunday,GLO,G3 2564,SBCF,SBKP,SBCF-SBKP,11:45,102,113,Atraso Moderado (46-120 min),CLIMA,15720,138
ANAC_002813,2024-11-27,11,Wednesday,TAM,LA 3880,SBBR,SBGR,SBBR-SBGR,15:30,-5,5,Pontual (D15),PONTUAL,0,210
ANAC_002814,2024-11-11,11,Monday,AZU,AD 1961,SBCF,SBKP,SBCF-SBKP,07:30,0,0,Cancelado,CLIMA,76028,150
ANAC_002815,2024-12-14,12,Saturday,GLO,G3 2078,SBBR,SBCF,SBBR-SBCF,07:15,14,12,Pontual (D15),PONTUAL,0,174
ANAC_002816,2024-11-27,11,Wednesday,AZU,AD 2171,SBGR,SBBR,SBGR-SBBR,22:45,11,5,Pontual (D15),PONTUAL,0,174
ANAC_002817,2024-08-14,8,Wednesday,PTB,2Z 4302,SBCF,SBKP,SBCF-SBKP,17:15,11,-1,Pontual (D15),PONTUAL,0,68
ANAC_002818,2024-01-12,1,Friday,TAM,LA 4518,SBKP,SBRF,SBKP-SBRF,20:00,12,6,Pontual (D15),PONTUAL,0,138
ANAC_002819,2024-06-03,6,Monday,GLO,G3 1635,SBRJ,SBSP,SBRJ-SBSP,06:30,3,11,Pontual (D15),PONTUAL,0,210
ANAC_002820,2024-06-01,6,Saturday,GLO,G3 4731,SBGR,SBPA,SBGR-SBPA,10:00,95,95,Atraso Moderado (46-120 min),CONEX,14950,162
ANAC_002821,2024-09-08,9,Sunday,GLO,G3 1172,SBCF,SBKP,SBCF-SBKP,12:30,10,-6,Pontual (D15),PONTUAL,0,186
ANAC_002822,2024-07-29,7,Monday,GLO,G3 1987,SBGR,SBPA,SBGR-SBPA,20:30,10,-7,Pontual (D15),PONTUAL,0,150
ANAC_002823,2024-04-03,4,Wednesday,GLO,G3 2578,SBGR,SBBR,SBGR-SBBR,07:00,99,112,Atraso Moderado (46-120 min),CLIMA,15390,162
ANAC_002824,2024-02-27,2,Tuesday,GLO,G3 1905,SBBR,SBCT,SBBR-SBCT,21:45,-2,13,Pontual (D15),PONTUAL,0,162
ANAC_002825,2024-08-24,8,Saturday,GLO,G3 1176,SBBR,SBGR,SBBR-SBGR,08:15,-7,8,Pontual (D15),PONTUAL,0,174
ANAC_002826,2024-03-24,3,Sunday,TAM,LA 1801,SBBR,SBCF,SBBR-SBCF,19:00,0,0,Pontual (D15),PONTUAL,0,138
ANAC_002827,2024-10-26,10,Saturday,AZU,AD 1065,SBGR,SBPA,SBGR-SBPA,10:15,132,128,Atraso Severo (> 120 min),MANUT,37760,150
ANAC_002828,2024-01-31,1,Wednesday,GLO,G3 3993,SBKP,SBRF,SBKP-SBRF,08:15,58,51,Atraso Moderado (46-120 min),ATC,10880,138
ANAC_002829,2024-02-23,2,Friday,AZU,AD 3826,SBKP,SBCF,SBKP-SBCF,14:00,9,0,Pontual (D15),PONTUAL,0,186
ANAC_002830,2024-02-05,2,Monday,TAM,LA 3773,SBBR,SBGR,SBBR-SBGR,14:00,20,19,Atraso Leve (16-45 min),ATC,1700,210
ANAC_002831,2024-01-15,1,Monday,GLO,G3 1861,SBBR,SBGR,SBBR-SBGR,06:30,7,-6,Pontual (D15),PONTUAL,0,150
ANAC_002832,2024-01-16,1,Tuesday,GLO,G3 4546,SBRJ,SBSP,SBRJ-SBSP,15:15,-2,2,Pontual (D15),PONTUAL,0,186
ANAC_002833,2024-09-29,9,Sunday,GLO,G3 3219,SBKP,SBCF,SBKP-SBCF,06:00,0,0,Cancelado,CLIMA,60032,138
ANAC_002834,2024-08-09,8,Friday,GLO,G3 3263,SBGR,SBSV,SBGR-SBSV,12:30,8,-9,Pontual (D15),PONTUAL,0,138
ANAC_002835,2024-05-02,5,Thursday,TAM,LA 3930,SBPA,SBSP,SBPA-SBSP,11:45,0,0,Pontual (D15),PONTUAL,0,162
ANAC_002836,2024-06-30,6,Sunday,TAM,LA 2443,SBKP,SBCF,SBKP-SBCF,09:00,19,16,Atraso Leve (16-45 min),SOLO,1615,186
ANAC_002837,2024-05-15,5,Wednesday,AZU,AD 1424,SBBR,SBCF,SBBR-SBCF,15:45,-4,4,Pontual (D15),PONTUAL,0,162
ANAC_002838,2024-01-30,1,Tuesday,TAM,LA 4271,SBCF,SBKP,SBCF-SBKP,12:30,0,0,Pontual (D15),PONTUAL,0,186
ANAC_002839,2024-03-20,3,Wednesday,GLO,G3 2287,SBKP,SBCF,SBKP-SBCF,18:15,2,-7,Pontual (D15),PONTUAL,0,186
ANAC_002840,2024-10-23,10,Wednesday,PTB,2Z 4771,SBGR,SBPA,SBGR-SBPA,10:45,-1,6,Pontual (D15),PONTUAL,0,138
ANAC_002841,2024-04-04,4,Thursday,GLO,G3 1425,SBGR,SBBR,SBGR-SBBR,13:45,69,75,Atraso Moderado (46-120 min),MANUT,12090,174
ANAC_002842,2024-10-28,10,Monday,TAM,LA 3027,SBGL,SBCT,SBGL-SBCT,19:00,44,45,Atraso Leve (16-45 min),ATC,3740,150
ANAC_002843,2024-06-10,6,Monday,GLO,G3 4715,SBGR,SBSV,SBGR-SBSV,13:00,43,38,Atraso Leve (16-45 min),ATC,3655,162
ANAC_002844,2024-01-12,1,Friday,GLO,G3 2119,SBGR,SBPA,SBGR-SBPA,18:30,48,42,Atraso Moderado (46-120 min),SOLO,9780,162
ANAC_002845,2024-11-17,11,Sunday,GLO,G3 1076,SBSV,SBCT,SBSV-SBCT,13:45,13,12,Pontual (D15),PONTUAL,0,138
ANAC_002846,2024-12-24,12,Tuesday,TAM,LA 2089,SBSP,SBRJ,SBSP-SBRJ,12:45,0,0,Cancelado,CREW,67317,138
ANAC_002847,2024-10-23,10,Wednesday,GLO,G3 3489,SBGR,SBPA,SBGR-SBPA,06:45,49,43,Atraso Moderado (46-120 min),ATC,9890,150
ANAC_002848,2024-01-04,1,Thursday,GLO,G3 3785,SBGR,SBBR,SBGR-SBBR,16:30,6,-5,Pontual (D15),PONTUAL,0,186
ANAC_002849,2024-07-23,7,Tuesday,GLO,G3 3643,SBSP,SBRJ,SBSP-SBRJ,06:30,8,3,Pontual (D15),PONTUAL,0,150
ANAC_002850,2024-01-24,1,Wednesday,GLO,G3 3631,SBBR,SBCF,SBBR-SBCF,12:15,-6,0,Pontual (D15),PONTUAL,0,174
ANAC_002851,2024-03-02,3,Saturday,GLO,G3 4107,SBBR,SBGR,SBBR-SBGR,13:00,9,-11,Pontual (D15),PONTUAL,0,150
ANAC_002852,2024-03-13,3,Wednesday,GLO,G3 1818,SBBR,SBGR,SBBR-SBGR,16:30,6,10,Pontual (D15),PONTUAL,0,138
ANAC_002853,2024-02-06,2,Tuesday,TAM,LA 4958,SBKP,SBRF,SBKP-SBRF,11:30,6,-2,Pontual (D15),PONTUAL,0,138
ANAC_002854,2024-02-18,2,Sunday,TAM,LA 4662,SBPA,SBKP,SBPA-SBKP,07:45,-3,9,Pontual (D15),PONTUAL,0,210
ANAC_002855,2024-10-24,10,Thursday,GLO,G3 4034,SBKP,SBCF,SBKP-SBCF,20:30,-4,3,Pontual (D15),PONTUAL,0,186
ANAC_002856,2024-03-08,3,Friday,TAM,LA 4355,SBBR,SBSP,SBBR-SBSP,22:00,-2,-4,Pontual (D15),PONTUAL,0,138
ANAC_002857,2024-03-15,3,Friday,AZU,AD 1484,SBSP,SBRJ,SBSP-SBRJ,18:30,4,4,Pontual (D15),PONTUAL,0,186
ANAC_002858,2024-06-23,6,Sunday,AZU,AD 1755,SBKP,SBBR,SBKP-SBBR,09:30,0,-9,Pontual (D15),PONTUAL,0,210
ANAC_002859,2024-03-29,3,Friday,TAM,LA 3301,SBSP,SBKP,SBSP-SBKP,17:00,-2,1,Pontual (D15),PONTUAL,0,138
ANAC_002860,2024-08-11,8,Sunday,GLO,G3 1513,SBBR,SBCF,SBBR-SBCF,19:30,47,50,Atraso Moderado (46-120 min),ATC,9670,150
ANAC_002861,2024-01-18,1,Thursday,TAM,LA 1263,SBGL,SBRJ,SBGL-SBRJ,07:45,6,-2,Pontual (D15),PONTUAL,0,210
ANAC_002862,2024-09-25,9,Wednesday,AZU,AD 1439,SBBR,SBGR,SBBR-SBGR,21:15,10,-4,Pontual (D15),PONTUAL,0,174
ANAC_002863,2024-10-16,10,Wednesday,AZU,AD 2716,SBKP,SBBR,SBKP-SBBR,20:30,91,83,Atraso Moderado (46-120 min),MANUT,14510,210
ANAC_002864,2024-06-29,6,Saturday,GLO,G3 4309,SBSP,SBRJ,SBSP-SBRJ,11:15,5,0,Pontual (D15),PONTUAL,0,150
ANAC_002865,2024-09-11,9,Wednesday,GLO,G3 2017,SBCF,SBCT,SBCF-SBCT,20:00,-6,5,Pontual (D15),PONTUAL,0,138
ANAC_002866,2024-01-22,1,Monday,GLO,G3 2381,SBGR,SBSV,SBGR-SBSV,19:45,3,-10,Pontual (D15),PONTUAL,0,162
ANAC_002867,2024-07-29,7,Monday,TAM,LA 1334,SBPA,SBSV,SBPA-SBSV,14:30,4,-11,Pontual (D15),PONTUAL,0,150
ANAC_002868,2024-02-23,2,Friday,AZU,AD 3558,SBKP,SBRF,SBKP-SBRF,15:00,6,6,Pontual (D15),PONTUAL,0,174
ANAC_002869,2024-05-18,5,Saturday,TAM,LA 3485,SBRJ,SBSP,SBRJ-SBSP,06:45,-7,-6,Pontual (D15),PONTUAL,0,138
ANAC_002870,2024-03-09,3,Saturday,TAM,LA 3615,SBRJ,SBRF,SBRJ-SBRF,19:00,12,6,Pontual (D15),PONTUAL,0,138
ANAC_002871,2024-09-21,9,Saturday,AZU,AD 3496,SBGR,SBSV,SBGR-SBSV,10:45,4,-11,Pontual (D15),PONTUAL,0,162
ANAC_002872,2024-09-10,9,Tuesday,AZU,AD 2401,SBGR,SBSV,SBGR-SBSV,07:30,80,71,Atraso Moderado (46-120 min),CLIMA,13300,162
ANAC_002873,2024-09-18,9,Wednesday,GLO,G3 4412,SBGR,SBPA,SBGR-SBPA,06:15,105,118,Atraso Moderado (46-120 min),CONEX,16050,150
ANAC_002874,2024-07-17,7,Wednesday,GLO,G3 1268,SBGR,SBPA,SBGR-SBPA,10:30,6,1,Pontual (D15),PONTUAL,0,210
ANAC_002875,2024-02-22,2,Thursday,GLO,G3 3383,SBSV,SBCF,SBSV-SBCF,12:15,7,7,Pontual (D15),PONTUAL,0,186
ANAC_002876,2024-12-06,12,Friday,GLO,G3 4790,SBRJ,SBSP,SBRJ-SBSP,11:45,6,2,Pontual (D15),PONTUAL,0,162
ANAC_002877,2024-01-17,1,Wednesday,TAM,LA 3088,SBKP,SBCF,SBKP-SBCF,10:45,11,6,Pontual (D15),PONTUAL,0,138
ANAC_002878,2024-06-08,6,Saturday,TAM,LA 4190,SBGR,SBBR,SBGR-SBBR,15:15,8,7,Pontual (D15),PONTUAL,0,174
ANAC_002879,2024-04-17,4,Wednesday,TAM,LA 1620,SBKP,SBRJ,SBKP-SBRJ,22:30,0,0,Cancelado,CLIMA,46641,162
ANAC_002880,2024-07-08,7,Monday,AZU,AD 3439,SBGR,SBPA,SBGR-SBPA,17:00,56,52,Atraso Moderado (46-120 min),ATC,10660,138
ANAC_002881,2024-02-11,2,Sunday,GLO,G3 3835,SBBR,SBGR,SBBR-SBGR,15:45,-2,12,Pontual (D15),PONTUAL,0,186
ANAC_002882,2024-01-08,1,Monday,AZU,AD 3091,SBGR,SBSV,SBGR-SBSV,18:00,29,29,Atraso Leve (16-45 min),CONEX,2465,174
ANAC_002883,2024-07-14,7,Sunday,GLO,G3 3271,SBGR,SBSV,SBGR-SBSV,22:30,62,67,Atraso Moderado (46-120 min),CONEX,11320,174
ANAC_002884,2024-04-24,4,Wednesday,TAM,LA 3287,SBCF,SBKP,SBCF-SBKP,07:45,77,75,Atraso Moderado (46-120 min),CLIMA,12970,150
ANAC_002885,2024-08-15,8,Thursday,GLO,G3 1648,SBSP,SBRJ,SBSP-SBRJ,22:45,-3,-8,Pontual (D15),PONTUAL,0,174
ANAC_002886,2024-04-06,4,Saturday,AZU,AD 4021,SBBR,SBGR,SBBR-SBGR,09:30,14,-8,Pontual (D15),PONTUAL,0,162
ANAC_002887,2024-05-29,5,Wednesday,AZU,AD 4760,SBGR,SBSV,SBGR-SBSV,13:15,83,85,Atraso Moderado (46-120 min),CLIMA,13630,150
ANAC_002888,2024-02-04,2,Sunday,TAM,LA 2465,SBCF,SBKP,SBCF-SBKP,13:15,-5,-1,Pontual (D15),PONTUAL,0,174
ANAC_002889,2024-04-04,4,Thursday,GLO,G3 1482,SBCF,SBKP,SBCF-SBKP,12:45,10,11,Pontual (D15),PONTUAL,0,210
ANAC_002890,2024-10-31,10,Thursday,AZU,AD 4393,SBSP,SBRJ,SBSP-SBRJ,21:45,123,111,Atraso Severo (> 120 min),MANUT,36140,174
ANAC_002891,2024-08-01,8,Thursday,AZU,AD 2383,SBRJ,SBSP,SBRJ-SBSP,13:00,6,-11,Pontual (D15),PONTUAL,0,174
ANAC_002892,2024-05-20,5,Monday,AZU,AD 3320,SBBR,SBCF,SBBR-SBCF,12:00,3,-10,Pontual (D15),PONTUAL,0,186
ANAC_002893,2024-03-10,3,Sunday,GLO,G3 4138,SBBR,SBCF,SBBR-SBCF,10:30,0,13,Pontual (D15),PONTUAL,0,150
ANAC_002894,2024-04-16,4,Tuesday,TAM,LA 3780,SBCF,SBRF,SBCF-SBRF,16:45,2,1,Pontual (D15),PONTUAL,0,174
ANAC_002895,2024-03-12,3,Tuesday,TAM,LA 3485,SBKP,SBCF,SBKP-SBCF,10:00,35,38,Atraso Leve (16-45 min),CONEX,2975,138
ANAC_002896,2024-09-17,9,Tuesday,TAM,LA 4242,SBKP,SBRF,SBKP-SBRF,20:00,26,25,Atraso Leve (16-45 min),ATC,2210,174
ANAC_002897,2024-01-06,1,Saturday,TAM,LA 1708,SBGR,SBPA,SBGR-SBPA,09:00,99,107,Atraso Moderado (46-120 min),CLIMA,15390,150
ANAC_002898,2024-11-20,11,Wednesday,GLO,G3 1005,SBGR,SBSV,SBGR-SBSV,20:30,51,50,Atraso Moderado (46-120 min),CONEX,10110,210
ANAC_002899,2024-07-23,7,Tuesday,GLO,G3 1896,SBKP,SBRF,SBKP-SBRF,22:30,5,6,Pontual (D15),PONTUAL,0,138
ANAC_002900,2024-04-11,4,Thursday,TAM,LA 3822,SBGR,SBSV,SBGR-SBSV,15:30,30,34,Atraso Leve (16-45 min),ATC,2550,138
ANAC_002901,2024-07-27,7,Saturday,TAM,LA 2500,SBCT,SBGR,SBCT-SBGR,22:30,-4,5,Pontual (D15),PONTUAL,0,174
ANAC_002902,2024-07-08,7,Monday,PTB,2Z 1328,SBCF,SBKP,SBCF-SBKP,07:30,6,12,Pontual (D15),PONTUAL,0,68
ANAC_002903,2024-12-30,12,Monday,GLO,G3 1631,SBGR,SBBR,SBGR-SBBR,09:30,4,11,Pontual (D15),PONTUAL,0,138
ANAC_002904,2024-07-21,7,Sunday,TAM,LA 3507,SBSP,SBSV,SBSP-SBSV,11:30,-8,9,Pontual (D15),PONTUAL,0,186
ANAC_002905,2024-02-28,2,Wednesday,GLO,G3 2508,SBGR,SBSV,SBGR-SBSV,20:00,20,20,Atraso Leve (16-45 min),MANUT,1700,138
ANAC_002906,2024-04-28,4,Sunday,GLO,G3 2728,SBBR,SBGR,SBBR-SBGR,07:45,10,-11,Pontual (D15),PONTUAL,0,210
ANAC_002907,2024-06-18,6,Tuesday,AZU,AD 4523,SBRF,SBCT,SBRF-SBCT,14:45,-8,10,Pontual (D15),PONTUAL,0,174
ANAC_002908,2024-05-15,5,Wednesday,GLO,G3 4117,SBGR,SBBR,SBGR-SBBR,10:45,33,32,Atraso Leve (16-45 min),CONEX,2805,150
ANAC_002909,2024-04-08,4,Monday,TAM,LA 1107,SBSP,SBRJ,SBSP-SBRJ,22:30,74,68,Atraso Moderado (46-120 min),CLIMA,12640,210
ANAC_002910,2024-05-24,5,Friday,TAM,LA 3068,SBGL,SBPA,SBGL-SBPA,16:15,10,-7,Pontual (D15),PONTUAL,0,150
ANAC_002911,2024-01-05,1,Friday,AZU,AD 3180,SBRF,SBCT,SBRF-SBCT,07:45,11,12,Pontual (D15),PONTUAL,0,210
ANAC_002912,2024-05-01,5,Wednesday,GLO,G3 1131,SBRF,SBGR,SBRF-SBGR,07:15,13,2,Pontual (D15),PONTUAL,0,162
ANAC_002913,2024-01-05,1,Friday,AZU,AD 4609,SBCF,SBRF,SBCF-SBRF,19:45,79,83,Atraso Moderado (46-120 min),MANUT,13190,150
ANAC_002914,2024-04-08,4,Monday,AZU,AD 2463,SBSP,SBKP,SBSP-SBKP,13:30,0,-2,Pontual (D15),PONTUAL,0,174
ANAC_002915,2024-01-20,1,Saturday,TAM,LA 3992,SBBR,SBGR,SBBR-SBGR,08:00,50,48,Atraso Moderado (46-120 min),CONEX,10000,138
ANAC_002916,2024-09-27,9,Friday,AZU,AD 2924,SBRJ,SBSP,SBRJ-SBSP,18:45,12,4,Pontual (D15),PONTUAL,0,210
ANAC_002917,2024-11-11,11,Monday,TAM,LA 3523,SBSV,SBCT,SBSV-SBCT,06:45,1,-10,Pontual (D15),PONTUAL,0,186
ANAC_002918,2024-07-07,7,Sunday,TAM,LA 3394,SBSP,SBRJ,SBSP-SBRJ,06:15,26,24,Atraso Leve (16-45 min),CONEX,2210,162
ANAC_002919,2024-03-27,3,Wednesday,GLO,G3 2130,SBBR,SBGR,SBBR-SBGR,10:00,3,13,Pontual (D15),PONTUAL,0,138
ANAC_002920,2024-07-18,7,Thursday,GLO,G3 2702,SBRJ,SBSP,SBRJ-SBSP,12:00,-3,-11,Pontual (D15),PONTUAL,0,186
ANAC_002921,2024-12-29,12,Sunday,TAM,LA 2562,SBBR,SBCF,SBBR-SBCF,15:45,-2,-8,Pontual (D15),PONTUAL,0,174
ANAC_002922,2024-09-08,9,Sunday,TAM,LA 2948,SBCF,SBKP,SBCF-SBKP,13:15,14,-5,Pontual (D15),PONTUAL,0,150
ANAC_002923,2024-02-28,2,Wednesday,AZU,AD 3634,SBRJ,SBSP,SBRJ-SBSP,06:15,-2,-5,Pontual (D15),PONTUAL,0,162
ANAC_002924,2024-05-14,5,Tuesday,TAM,LA 1115,SBBR,SBCF,SBBR-SBCF,18:45,67,66,Atraso Moderado (46-120 min),CLIMA,11870,210
ANAC_002925,2024-09-28,9,Saturday,TAM,LA 1813,SBGR,SBSV,SBGR-SBSV,10:00,168,161,Atraso Severo (> 120 min),MANUT,44240,138
ANAC_002926,2024-04-09,4,Tuesday,GLO,G3 4128,SBCF,SBKP,SBCF-SBKP,20:30,10,-7,Pontual (D15),PONTUAL,0,138
ANAC_002927,2024-04-23,4,Tuesday,AZU,AD 1299,SBGR,SBSV,SBGR-SBSV,14:45,-3,4,Pontual (D15),PONTUAL,0,162
ANAC_002928,2024-06-09,6,Sunday,GLO,G3 1089,SBGR,SBCF,SBGR-SBCF,19:15,28,27,Atraso Leve (16-45 min),CREW,2380,138
ANAC_002929,2024-03-12,3,Tuesday,AZU,AD 1504,SBRJ,SBSP,SBRJ-SBSP,07:45,14,-1,Pontual (D15),PONTUAL,0,150
ANAC_002930,2024-07-09,7,Tuesday,GLO,G3 4781,SBRJ,SBSP,SBRJ-SBSP,22:45,13,1,Pontual (D15),PONTUAL,0,162
ANAC_002931,2024-09-26,9,Thursday,TAM,LA 3175,SBGR,SBPA,SBGR-SBPA,19:00,6,0,Pontual (D15),PONTUAL,0,162
ANAC_002932,2024-09-12,9,Thursday,GLO,G3 1205,SBRF,SBPA,SBRF-SBPA,15:45,12,2,Pontual (D15),PONTUAL,0,186
ANAC_002933,2024-05-27,5,Monday,TAM,LA 2471,SBSP,SBCF,SBSP-SBCF,14:15,4,-2,Pontual (D15),PONTUAL,0,138
ANAC_002934,2024-06-25,6,Tuesday,GLO,G3 4641,SBGR,SBGL,SBGR-SBGL,19:45,57,65,Atraso Moderado (46-120 min),SOLO,10770,174
ANAC_002935,2024-01-18,1,Thursday,AZU,AD 2395,SBGR,SBPA,SBGR-SBPA,11:30,10,3,Pontual (D15),PONTUAL,0,162
ANAC_002936,2024-02-24,2,Saturday,AZU,AD 2096,SBSP,SBCF,SBSP-SBCF,12:30,48,49,Atraso Moderado (46-120 min),CONEX,9780,162
ANAC_002937,2024-06-29,6,Saturday,AZU,AD 3974,SBSP,SBRJ,SBSP-SBRJ,09:30,62,62,Atraso Moderado (46-120 min),ATC,11320,186
ANAC_002938,2024-03-19,3,Tuesday,GLO,G3 2408,SBGR,SBBR,SBGR-SBBR,16:15,9,6,Pontual (D15),PONTUAL,0,210
ANAC_002939,2024-07-21,7,Sunday,TAM,LA 3218,SBCT,SBGR,SBCT-SBGR,06:00,-1,-8,Pontual (D15),PONTUAL,0,210
ANAC_002940,2024-05-19,5,Sunday,AZU,AD 4828,SBKP,SBRF,SBKP-SBRF,12:45,8,6,Pontual (D15),PONTUAL,0,162
ANAC_002941,2024-07-05,7,Friday,TAM,LA 4177,SBSP,SBCT,SBSP-SBCT,10:45,84,84,Atraso Moderado (46-120 min),CLIMA,13740,174
ANAC_002942,2024-10-15,10,Tuesday,AZU,AD 1050,SBKP,SBCF,SBKP-SBCF,19:30,32,36,Atraso Leve (16-45 min),CONEX,2720,150
ANAC_002943,2024-08-18,8,Sunday,TAM,LA 2627,SBKP,SBRF,SBKP-SBRF,20:15,2,-7,Pontual (D15),PONTUAL,0,138
ANAC_002944,2024-08-14,8,Wednesday,GLO,G3 2319,SBKP,SBSV,SBKP-SBSV,14:45,9,0,Pontual (D15),PONTUAL,0,150
ANAC_002945,2024-02-27,2,Tuesday,AZU,AD 4452,SBGR,SBBR,SBGR-SBBR,11:30,10,7,Pontual (D15),PONTUAL,0,186
ANAC_002946,2024-05-20,5,Monday,PTB,2Z 1378,SBRF,SBGR,SBRF-SBGR,08:00,46,42,Atraso Moderado (46-120 min),ATC,9560,186
ANAC_002947,2024-04-22,4,Monday,TAM,LA 4910,SBGR,SBBR,SBGR-SBBR,08:00,18,17,Atraso Leve (16-45 min),CONEX,1530,186
ANAC_002948,2024-12-16,12,Monday,GLO,G3 2907,SBGR,SBSV,SBGR-SBSV,13:30,77,80,Atraso Moderado (46-120 min),CLIMA,12970,210
ANAC_002949,2024-10-30,10,Wednesday,TAM,LA 1179,SBSP,SBCT,SBSP-SBCT,14:45,-7,12,Pontual (D15),PONTUAL,0,150
ANAC_002950,2024-06-25,6,Tuesday,TAM,LA 4294,SBSP,SBRJ,SBSP-SBRJ,13:30,-6,-1,Pontual (D15),PONTUAL,0,162
ANAC_002951,2024-07-10,7,Wednesday,TAM,LA 2765,SBGR,SBRJ,SBGR-SBRJ,19:15,52,56,Atraso Moderado (46-120 min),ATC,10220,138
ANAC_002952,2024-07-18,7,Thursday,GLO,G3 1525,SBRF,SBKP,SBRF-SBKP,22:30,7,-1,Pontual (D15),PONTUAL,0,162
ANAC_002953,2024-09-21,9,Saturday,PTB,2Z 2939,SBKP,SBGR,SBKP-SBGR,14:45,9,-8,Pontual (D15),PONTUAL,0,138
ANAC_002954,2024-01-09,1,Tuesday,TAM,LA 1024,SBGL,SBBR,SBGL-SBBR,08:45,0,0,Pontual (D15),PONTUAL,0,150
ANAC_002955,2024-03-07,3,Thursday,GLO,G3 1055,SBCF,SBKP,SBCF-SBKP,06:45,0,-8,Pontual (D15),PONTUAL,0,210
ANAC_002956,2024-04-24,4,Wednesday,AZU,AD 1592,SBRJ,SBSV,SBRJ-SBSV,06:30,9,-2,Pontual (D15),PONTUAL,0,138
ANAC_002957,2024-01-20,1,Saturday,TAM,LA 4353,SBSP,SBRJ,SBSP-SBRJ,19:15,9,6,Pontual (D15),PONTUAL,0,186
ANAC_002958,2024-09-08,9,Sunday,GLO,G3 4067,SBGR,SBSV,SBGR-SBSV,13:00,28,32,Atraso Leve (16-45 min),CONEX,2380,150
ANAC_002959,2024-05-07,5,Tuesday,TAM,LA 4849,SBCF,SBCT,SBCF-SBCT,12:15,43,37,Atraso Leve (16-45 min),CLIMA,3655,162
ANAC_002960,2024-02-17,2,Saturday,GLO,G3 1432,SBKP,SBRF,SBKP-SBRF,18:15,-7,12,Pontual (D15),PONTUAL,0,210
ANAC_002961,2024-03-13,3,Wednesday,GLO,G3 1498,SBKP,SBRF,SBKP-SBRF,22:15,-2,2,Pontual (D15),PONTUAL,0,162
ANAC_002962,2024-06-08,6,Saturday,GLO,G3 3744,SBCF,SBCT,SBCF-SBCT,20:15,-8,12,Pontual (D15),PONTUAL,0,174
ANAC_002963,2024-06-10,6,Monday,PTB,2Z 4231,SBCT,SBPA,SBCT-SBPA,12:45,-6,1,Pontual (D15),PONTUAL,0,138
ANAC_002964,2024-09-08,9,Sunday,AZU,AD 1859,SBBR,SBCF,SBBR-SBCF,17:00,13,7,Pontual (D15),PONTUAL,0,138
ANAC_002965,2024-07-28,7,Sunday,PTB,2Z 2855,SBGR,SBPA,SBGR-SBPA,16:00,11,-6,Pontual (D15),PONTUAL,0,68
ANAC_002966,2024-04-29,4,Monday,AZU,AD 1485,SBSP,SBRJ,SBSP-SBRJ,15:15,-4,0,Pontual (D15),PONTUAL,0,138
ANAC_002967,2024-04-17,4,Wednesday,TAM,LA 4950,SBRJ,SBSP,SBRJ-SBSP,19:15,61,60,Atraso Moderado (46-120 min),CONEX,11210,174
ANAC_002968,2024-01-19,1,Friday,GLO,G3 4242,SBGR,SBSV,SBGR-SBSV,10:30,-4,4,Pontual (D15),PONTUAL,0,138
ANAC_002969,2024-09-08,9,Sunday,TAM,LA 3239,SBCF,SBKP,SBCF-SBKP,14:30,2,4,Pontual (D15),PONTUAL,0,174
ANAC_002970,2024-05-11,5,Saturday,PTB,2Z 4647,SBBR,SBCF,SBBR-SBCF,07:45,102,94,Atraso Moderado (46-120 min),MANUT,15720,174
ANAC_002971,2024-10-04,10,Friday,GLO,G3 1574,SBCF,SBSV,SBCF-SBSV,16:30,-6,6,Pontual (D15),PONTUAL,0,138
ANAC_002972,2024-05-28,5,Tuesday,GLO,G3 2520,SBCT,SBGR,SBCT-SBGR,18:45,103,110,Atraso Moderado (46-120 min),CLIMA,15830,162
ANAC_002973,2024-08-22,8,Thursday,AZU,AD 2106,SBBR,SBGR,SBBR-SBGR,22:15,106,95,Atraso Moderado (46-120 min),MANUT,16160,174
ANAC_002974,2024-05-13,5,Monday,TAM,LA 4192,SBGR,SBRJ,SBGR-SBRJ,19:45,103,90,Atraso Moderado (46-120 min),CLIMA,15830,162
ANAC_002975,2024-07-29,7,Monday,PTB,2Z 4305,SBCF,SBKP,SBCF-SBKP,18:45,-6,-7,Pontual (D15),PONTUAL,0,174
ANAC_002976,2024-09-06,9,Friday,GLO,G3 3408,SBSP,SBCF,SBSP-SBCF,21:15,13,5,Pontual (D15),PONTUAL,0,186
ANAC_002977,2024-01-04,1,Thursday,GLO,G3 2065,SBGL,SBSP,SBGL-SBSP,12:45,-7,7,Pontual (D15),PONTUAL,0,162
ANAC_002978,2024-12-07,12,Saturday,AZU,AD 4239,SBGR,SBSV,SBGR-SBSV,06:30,-6,4,Pontual (D15),PONTUAL,0,174
ANAC_002979,2024-09-02,9,Monday,GLO,G3 4570,SBCF,SBCT,SBCF-SBCT,09:45,3,-7,Pontual (D15),PONTUAL,0,174
ANAC_002980,2024-06-17,6,Monday,GLO,G3 3332,SBSP,SBRJ,SBSP-SBRJ,21:30,91,86,Atraso Moderado (46-120 min),CLIMA,14510,150
ANAC_002981,2024-06-29,6,Saturday,GLO,G3 4269,SBKP,SBCF,SBKP-SBCF,18:00,62,57,Atraso Moderado (46-120 min),MANUT,11320,162
ANAC_002982,2024-11-27,11,Wednesday,TAM,LA 4982,SBKP,SBRF,SBKP-SBRF,19:15,10,-2,Pontual (D15),PONTUAL,0,174
ANAC_002983,2024-02-14,2,Wednesday,GLO,G3 4719,SBCF,SBSV,SBCF-SBSV,08:15,-8,-5,Pontual (D15),PONTUAL,0,150
ANAC_002984,2024-02-23,2,Friday,AZU,AD 2827,SBBR,SBGR,SBBR-SBGR,07:00,-6,5,Pontual (D15),PONTUAL,0,138
ANAC_002985,2024-12-12,12,Thursday,TAM,LA 4344,SBGR,SBBR,SBGR-SBBR,09:00,81,75,Atraso Moderado (46-120 min),MANUT,13410,138
ANAC_002986,2024-10-13,10,Sunday,TAM,LA 1397,SBSV,SBGL,SBSV-SBGL,14:30,13,10,Pontual (D15),PONTUAL,0,150
ANAC_002987,2024-07-15,7,Monday,AZU,AD 3377,SBBR,SBGR,SBBR-SBGR,17:15,60,60,Atraso Moderado (46-120 min),CLIMA,11100,210
ANAC_002988,2024-11-11,11,Monday,GLO,G3 1780,SBBR,SBCF,SBBR-SBCF,07:15,36,39,Atraso Leve (16-45 min),CREW,3060,150
ANAC_002989,2024-03-21,3,Thursday,TAM,LA 4094,SBKP,SBRF,SBKP-SBRF,20:45,-8,-9,Pontual (D15),PONTUAL,0,186
ANAC_002990,2024-10-24,10,Thursday,GLO,G3 1120,SBBR,SBGR,SBBR-SBGR,15:45,1,-8,Pontual (D15),PONTUAL,0,174
ANAC_002991,2024-06-10,6,Monday,GLO,G3 1474,SBBR,SBGR,SBBR-SBGR,22:45,1,-10,Pontual (D15),PONTUAL,0,186
ANAC_002992,2024-02-14,2,Wednesday,GLO,G3 3714,SBGR,SBSV,SBGR-SBSV,13:45,55,61,Atraso Moderado (46-120 min),CREW,10550,174
ANAC_002993,2024-03-22,3,Friday,GLO,G3 3154,SBBR,SBKP,SBBR-SBKP,11:45,6,-11,Pontual (D15),PONTUAL,0,210
ANAC_002994,2024-10-23,10,Wednesday,TAM,LA 4715,SBKP,SBRF,SBKP-SBRF,18:45,56,54,Atraso Moderado (46-120 min),CLIMA,10660,150
ANAC_002995,2024-07-20,7,Saturday,GLO,G3 3390,SBGR,SBBR,SBGR-SBBR,09:00,7,-11,Pontual (D15),PONTUAL,0,162
ANAC_002996,2024-08-07,8,Wednesday,TAM,LA 2552,SBGR,SBPA,SBGR-SBPA,21:45,94,85,Atraso Moderado (46-120 min),CLIMA,14840,162
ANAC_002997,2024-09-05,9,Thursday,AZU,AD 2553,SBBR,SBGR,SBBR-SBGR,18:15,-5,-2,Pontual (D15),PONTUAL,0,210
ANAC_002998,2024-11-26,11,Tuesday,GLO,G3 3675,SBSP,SBSV,SBSP-SBSV,15:15,51,45,Atraso Moderado (46-120 min),ATC,10110,210
ANAC_002999,2024-08-25,8,Sunday,PTB,2Z 4056,SBGR,SBPA,SBGR-SBPA,10:00,-8,8,Pontual (D15),PONTUAL,0,186
ANAC_003000,2024-08-13,8,Tuesday,TAM,LA 2035,SBGR,SBBR,SBGR-SBBR,06:15,4,13,Pontual (D15),PONTUAL,0,174
ANAC_003001,2024-03-09,3,Saturday,GLO,G3 1785,SBSP,SBRJ,SBSP-SBRJ,16:00,5,-10,Pontual (D15),PONTUAL,0,150
ANAC_003002,2024-08-23,8,Friday,PTB,2Z 3075,SBKP,SBRF,SBKP-SBRF,14:15,10,0,Pontual (D15),PONTUAL,0,68
ANAC_003003,2024-03-14,3,Thursday,GLO,G3 1033,SBBR,SBCF,SBBR-SBCF,07:45,45,48,Atraso Leve (16-45 min),SOLO,3825,150
ANAC_003004,2024-03-11,3,Monday,GLO,G3 1462,SBGR,SBSV,SBGR-SBSV,19:15,9,-2,Pontual (D15),PONTUAL,0,174
ANAC_003005,2024-09-14,9,Saturday,TAM,LA 3362,SBGL,SBRJ,SBGL-SBRJ,09:00,4,6,Pontual (D15),PONTUAL,0,150
ANAC_003006,2024-08-28,8,Wednesday,GLO,G3 2227,SBRJ,SBSP,SBRJ-SBSP,21:30,-9,12,Pontual (D15),PONTUAL,0,174
ANAC_003007,2024-10-10,10,Thursday,AZU,AD 4346,SBKP,SBGR,SBKP-SBGR,16:15,0,0,Cancelado,CLIMA,42575,186
ANAC_003008,2024-01-19,1,Friday,AZU,AD 3283,SBSP,SBRJ,SBSP-SBRJ,11:30,-9,-10,Pontual (D15),PONTUAL,0,150
ANAC_003009,2024-09-22,9,Sunday,TAM,LA 2923,SBRJ,SBSP,SBRJ-SBSP,10:00,2,0,Pontual (D15),PONTUAL,0,138
ANAC_003010,2024-01-26,1,Friday,AZU,AD 1063,SBRF,SBPA,SBRF-SBPA,15:00,0,9,Pontual (D15),PONTUAL,0,150
ANAC_003011,2024-08-19,8,Monday,AZU,AD 2496,SBCT,SBGL,SBCT-SBGL,06:45,9,8,Pontual (D15),PONTUAL,0,150
ANAC_003012,2024-02-26,2,Monday,AZU,AD 4193,SBCF,SBKP,SBCF-SBKP,09:00,54,48,Atraso Moderado (46-120 min),ATC,10440,186
ANAC_003013,2024-04-07,4,Sunday,GLO,G3 4279,SBBR,SBGR,SBBR-SBGR,22:45,0,-1,Pontual (D15),PONTUAL,0,186
ANAC_003014,2024-04-30,4,Tuesday,TAM,LA 4280,SBKP,SBRF,SBKP-SBRF,21:00,-7,-8,Pontual (D15),PONTUAL,0,174
ANAC_003015,2024-08-30,8,Friday,GLO,G3 1230,SBSP,SBRF,SBSP-SBRF,14:45,32,27,Atraso Leve (16-45 min),SOLO,2720,162
ANAC_003016,2024-05-07,5,Tuesday,GLO,G3 4331,SBSV,SBBR,SBSV-SBBR,15:15,51,45,Atraso Moderado (46-120 min),ATC,10110,174
ANAC_003017,2024-05-12,5,Sunday,GLO,G3 4755,SBRJ,SBSP,SBRJ-SBSP,12:00,121,129,Atraso Severo (> 120 min),CLIMA,35780,162
ANAC_003018,2024-09-06,9,Friday,TAM,LA 1854,SBCF,SBKP,SBCF-SBKP,17:45,35,33,Atraso Leve (16-45 min),CONEX,2975,186
ANAC_003019,2024-12-30,12,Monday,PTB,2Z 3585,SBGR,SBPA,SBGR-SBPA,08:45,-1,7,Pontual (D15),PONTUAL,0,210
ANAC_003020,2024-04-12,4,Friday,TAM,LA 4115,SBCT,SBSP,SBCT-SBSP,08:15,11,13,Pontual (D15),PONTUAL,0,174
ANAC_003021,2024-05-05,5,Sunday,GLO,G3 1361,SBSP,SBRJ,SBSP-SBRJ,13:00,6,11,Pontual (D15),PONTUAL,0,210
ANAC_003022,2024-08-18,8,Sunday,AZU,AD 4170,SBRJ,SBBR,SBRJ-SBBR,14:15,1,9,Pontual (D15),PONTUAL,0,186
ANAC_003023,2024-12-26,12,Thursday,GLO,G3 3217,SBKP,SBRF,SBKP-SBRF,17:00,147,141,Atraso Severo (> 120 min),MANUT,40460,162
ANAC_003024,2024-06-20,6,Thursday,TAM,LA 4957,SBBR,SBCF,SBBR-SBCF,17:00,10,2,Pontual (D15),PONTUAL,0,162
ANAC_003025,2024-10-08,10,Tuesday,GLO,G3 1581,SBSP,SBRJ,SBSP-SBRJ,16:45,13,-6,Pontual (D15),PONTUAL,0,150
ANAC_003026,2024-12-11,12,Wednesday,GLO,G3 1790,SBGR,SBSV,SBGR-SBSV,11:45,7,12,Pontual (D15),PONTUAL,0,138
ANAC_003027,2024-12-17,12,Tuesday,TAM,LA 4245,SBRJ,SBSV,SBRJ-SBSV,14:15,12,1,Pontual (D15),PONTUAL,0,150
ANAC_003028,2024-06-15,6,Saturday,GLO,G3 4954,SBGL,SBKP,SBGL-SBKP,11:30,11,-7,Pontual (D15),PONTUAL,0,186
ANAC_003029,2024-07-31,7,Wednesday,TAM,LA 3141,SBGR,SBBR,SBGR-SBBR,09:00,10,8,Pontual (D15),PONTUAL,0,174
ANAC_003030,2024-11-28,11,Thursday,GLO,G3 4009,SBPA,SBSP,SBPA-SBSP,19:45,1,-8,Pontual (D15),PONTUAL,0,150
ANAC_003031,2024-01-04,1,Thursday,TAM,LA 1545,SBRF,SBSV,SBRF-SBSV,19:45,10,-1,Pontual (D15),PONTUAL,0,150
ANAC_003032,2024-10-04,10,Friday,GLO,G3 4468,SBBR,SBRJ,SBBR-SBRJ,11:30,1,9,Pontual (D15),PONTUAL,0,162
ANAC_003033,2024-03-06,3,Wednesday,GLO,G3 1081,SBSP,SBRJ,SBSP-SBRJ,08:45,-7,-8,Pontual (D15),PONTUAL,0,150
ANAC_003034,2024-06-30,6,Sunday,GLO,G3 1690,SBGR,SBPA,SBGR-SBPA,08:15,75,83,Atraso Moderado (46-120 min),CONEX,12750,162
ANAC_003035,2024-07-05,7,Friday,TAM,LA 2865,SBRJ,SBRF,SBRJ-SBRF,06:00,82,74,Atraso Moderado (46-120 min),CLIMA,13520,138
ANAC_003036,2024-11-28,11,Thursday,AZU,AD 3535,SBKP,SBCF,SBKP-SBCF,21:30,114,121,Atraso Moderado (46-120 min),CLIMA,17040,186
ANAC_003037,2024-07-11,7,Thursday,TAM,LA 3440,SBKP,SBRF,SBKP-SBRF,13:00,-8,10,Pontual (D15),PONTUAL,0,174
ANAC_003038,2024-04-03,4,Wednesday,TAM,LA 4567,SBGR,SBSV,SBGR-SBSV,09:45,28,27,Atraso Leve (16-45 min),ATC,2380,150
ANAC_003039,2024-04-22,4,Monday,GLO,G3 3701,SBBR,SBCT,SBBR-SBCT,12:15,58,60,Atraso Moderado (46-120 min),CLIMA,10880,186
ANAC_003040,2024-04-11,4,Thursday,TAM,LA 2881,SBGR,SBBR,SBGR-SBBR,18:00,12,4,Pontual (D15),PONTUAL,0,186
ANAC_003041,2024-03-02,3,Saturday,TAM,LA 2275,SBRF,SBPA,SBRF-SBPA,19:45,0,10,Pontual (D15),PONTUAL,0,150
ANAC_003042,2024-09-12,9,Thursday,TAM,LA 1675,SBCF,SBKP,SBCF-SBKP,11:15,-6,4,Pontual (D15),PONTUAL,0,150
ANAC_003043,2024-03-02,3,Saturday,TAM,LA 3200,SBRJ,SBSP,SBRJ-SBSP,22:45,14,9,Pontual (D15),PONTUAL,0,162
ANAC_003044,2024-03-04,3,Monday,GLO,G3 3647,SBBR,SBCF,SBBR-SBCF,20:00,-1,10,Pontual (D15),PONTUAL,0,210
ANAC_003045,2024-02-08,2,Thursday,AZU,AD 1506,SBSP,SBRJ,SBSP-SBRJ,20:00,-9,-11,Pontual (D15),PONTUAL,0,150
ANAC_003046,2024-04-25,4,Thursday,GLO,G3 3397,SBGR,SBSV,SBGR-SBSV,14:15,52,59,Atraso Moderado (46-120 min),CONEX,10220,162
ANAC_003047,2024-08-30,8,Friday,TAM,LA 2208,SBSP,SBRF,SBSP-SBRF,08:00,7,8,Pontual (D15),PONTUAL,0,210
ANAC_003048,2024-09-19,9,Thursday,TAM,LA 4354,SBSP,SBRJ,SBSP-SBRJ,11:00,-9,3,Pontual (D15),PONTUAL,0,150
ANAC_003049,2024-12-24,12,Tuesday,TAM,LA 4535,SBRJ,SBRF,SBRJ-SBRF,16:30,44,46,Atraso Leve (16-45 min),CONEX,3740,150
ANAC_003050,2024-03-10,3,Sunday,GLO,G3 1647,SBRF,SBRJ,SBRF-SBRJ,16:30,6,-2,Pontual (D15),PONTUAL,0,186
ANAC_003051,2024-05-24,5,Friday,TAM,LA 2020,SBGR,SBPA,SBGR-SBPA,12:00,-3,3,Pontual (D15),PONTUAL,0,162
ANAC_003052,2024-06-03,6,Monday,GLO,G3 3916,SBBR,SBGR,SBBR-SBGR,09:15,-5,-7,Pontual (D15),PONTUAL,0,186
ANAC_003053,2024-04-30,4,Tuesday,TAM,LA 1912,SBCF,SBKP,SBCF-SBKP,06:45,-2,-3,Pontual (D15),PONTUAL,0,210
ANAC_003054,2024-05-29,5,Wednesday,GLO,G3 1921,SBBR,SBGR,SBBR-SBGR,15:15,12,-8,Pontual (D15),PONTUAL,0,174
ANAC_003055,2024-01-06,1,Saturday,TAM,LA 3837,SBGR,SBSV,SBGR-SBSV,15:30,62,54,Atraso Moderado (46-120 min),CLIMA,11320,138
ANAC_003056,2024-12-17,12,Tuesday,GLO,G3 3403,SBGL,SBKP,SBGL-SBKP,08:45,17,15,Atraso Leve (16-45 min),CONEX,1445,150
ANAC_003057,2024-09-09,9,Monday,PTB,2Z 3186,SBGL,SBSP,SBGL-SBSP,20:45,-5,-5,Pontual (D15),PONTUAL,0,162
ANAC_003058,2024-01-30,1,Tuesday,AZU,AD 2031,SBKP,SBRF,SBKP-SBRF,14:45,-2,13,Pontual (D15),PONTUAL,0,162
ANAC_003059,2024-07-25,7,Thursday,GLO,G3 4648,SBBR,SBCT,SBBR-SBCT,12:15,-5,-9,Pontual (D15),PONTUAL,0,174
ANAC_003060,2024-02-12,2,Monday,AZU,AD 1928,SBGL,SBBR,SBGL-SBBR,11:15,9,6,Pontual (D15),PONTUAL,0,138
ANAC_003061,2024-11-03,11,Sunday,GLO,G3 2277,SBCF,SBKP,SBCF-SBKP,22:30,76,67,Atraso Moderado (46-120 min),CONEX,12860,186
ANAC_003062,2024-01-03,1,Wednesday,AZU,AD 2805,SBGR,SBSV,SBGR-SBSV,18:00,9,5,Pontual (D15),PONTUAL,0,210
ANAC_003063,2024-01-10,1,Wednesday,AZU,AD 3944,SBKP,SBRJ,SBKP-SBRJ,17:00,74,73,Atraso Moderado (46-120 min),CONEX,12640,162
ANAC_003064,2024-12-14,12,Saturday,TAM,LA 4233,SBGR,SBBR,SBGR-SBBR,12:15,1,1,Pontual (D15),PONTUAL,0,150
ANAC_003065,2024-12-18,12,Wednesday,TAM,LA 1152,SBGL,SBBR,SBGL-SBBR,22:30,2,-5,Pontual (D15),PONTUAL,0,210
ANAC_003066,2024-05-25,5,Saturday,GLO,G3 4317,SBGR,SBSV,SBGR-SBSV,11:30,9,-7,Pontual (D15),PONTUAL,0,210
ANAC_003067,2024-11-14,11,Thursday,AZU,AD 2616,SBKP,SBRF,SBKP-SBRF,09:00,1,7,Pontual (D15),PONTUAL,0,138
ANAC_003068,2024-07-02,7,Tuesday,GLO,G3 1892,SBCT,SBRJ,SBCT-SBRJ,14:45,-6,6,Pontual (D15),PONTUAL,0,138
ANAC_003069,2024-07-25,7,Thursday,TAM,LA 4277,SBKP,SBCF,SBKP-SBCF,10:00,-7,10,Pontual (D15),PONTUAL,0,174
ANAC_003070,2024-03-08,3,Friday,TAM,LA 4073,SBKP,SBCF,SBKP-SBCF,16:00,-2,-2,Pontual (D15),PONTUAL,0,138
ANAC_003071,2024-01-20,1,Saturday,TAM,LA 2724,SBCF,SBGR,SBCF-SBGR,10:15,14,1,Pontual (D15),PONTUAL,0,186
ANAC_003072,2024-08-19,8,Monday,TAM,LA 2550,SBGR,SBSV,SBGR-SBSV,14:45,173,160,Atraso Severo (> 120 min),CONEX,45140,210
ANAC_003073,2024-10-05,10,Saturday,GLO,G3 3884,SBKP,SBSP,SBKP-SBSP,06:30,52,59,Atraso Moderado (46-120 min),CLIMA,10220,186
ANAC_003074,2024-09-05,9,Thursday,GLO,G3 2950,SBKP,SBBR,SBKP-SBBR,15:45,27,26,Atraso Leve (16-45 min),CONEX,2295,138
ANAC_003075,2024-09-15,9,Sunday,TAM,LA 3404,SBKP,SBRF,SBKP-SBRF,17:00,2,-9,Pontual (D15),PONTUAL,0,138
ANAC_003076,2024-09-14,9,Saturday,AZU,AD 2402,SBRF,SBGL,SBRF-SBGL,11:00,0,13,Pontual (D15),PONTUAL,0,150
ANAC_003077,2024-10-19,10,Saturday,GLO,G3 4304,SBRJ,SBSP,SBRJ-SBSP,07:45,1,-3,Pontual (D15),PONTUAL,0,186
ANAC_003078,2024-09-10,9,Tuesday,GLO,G3 2707,SBGR,SBBR,SBGR-SBBR,09:15,41,46,Atraso Leve (16-45 min),ATC,3485,150
ANAC_003079,2024-05-22,5,Wednesday,AZU,AD 3039,SBSV,SBCT,SBSV-SBCT,19:00,5,-1,Pontual (D15),PONTUAL,0,150
ANAC_003080,2024-02-17,2,Saturday,GLO,G3 2229,SBRJ,SBKP,SBRJ-SBKP,21:15,33,29,Atraso Leve (16-45 min),CONEX,2805,174
ANAC_003081,2024-10-14,10,Monday,PTB,2Z 1640,SBSP,SBRJ,SBSP-SBRJ,07:30,1,5,Pontual (D15),PONTUAL,0,138
ANAC_003082,2024-03-04,3,Monday,TAM,LA 4074,SBCF,SBSV,SBCF-SBSV,13:45,8,-2,Pontual (D15),PONTUAL,0,186
ANAC_003083,2024-06-12,6,Wednesday,TAM,LA 2331,SBCF,SBKP,SBCF-SBKP,16:45,0,0,Cancelado,CREW,48420,174
ANAC_003084,2024-04-10,4,Wednesday,AZU,AD 4398,SBCF,SBKP,SBCF-SBKP,17:15,2,2,Pontual (D15),PONTUAL,0,210
ANAC_003085,2024-03-05,3,Tuesday,AZU,AD 2486,SBGR,SBPA,SBGR-SBPA,18:45,84,96,Atraso Moderado (46-120 min),CLIMA,13740,186
ANAC_003086,2024-02-04,2,Sunday,TAM,LA 4292,SBPA,SBCF,SBPA-SBCF,09:00,14,9,Pontual (D15),PONTUAL,0,186
ANAC_003087,2024-11-10,11,Sunday,TAM,LA 1758,SBGR,SBBR,SBGR-SBBR,13:30,2,-2,Pontual (D15),PONTUAL,0,150
ANAC_003088,2024-07-13,7,Saturday,GLO,G3 3009,SBGR,SBPA,SBGR-SBPA,19:45,37,37,Atraso Leve (16-45 min),CLIMA,3145,138
ANAC_003089,2024-07-06,7,Saturday,AZU,AD 3657,SBGL,SBSP,SBGL-SBSP,08:00,-9,4,Pontual (D15),PONTUAL,0,210
ANAC_003090,2024-06-30,6,Sunday,GLO,G3 3843,SBCT,SBKP,SBCT-SBKP,21:00,0,9,Pontual (D15),PONTUAL,0,186
ANAC_003091,2024-02-29,2,Thursday,AZU,AD 3992,SBKP,SBCF,SBKP-SBCF,20:00,14,4,Pontual (D15),PONTUAL,0,150
ANAC_003092,2024-02-15,2,Thursday,GLO,G3 4218,SBBR,SBCF,SBBR-SBCF,15:00,6,-1,Pontual (D15),PONTUAL,0,186
ANAC_003093,2024-04-27,4,Saturday,AZU,AD 3038,SBKP,SBRF,SBKP-SBRF,21:15,7,-11,Pontual (D15),PONTUAL,0,210
ANAC_003094,2024-10-10,10,Thursday,GLO,G3 3558,SBGR,SBBR,SBGR-SBBR,14:15,0,-9,Pontual (D15),PONTUAL,0,150
ANAC_003095,2024-07-25,7,Thursday,TAM,LA 1324,SBRJ,SBKP,SBRJ-SBKP,13:30,-9,2,Pontual (D15),PONTUAL,0,138
ANAC_003096,2024-10-17,10,Thursday,TAM,LA 1626,SBBR,SBPA,SBBR-SBPA,14:45,-1,12,Pontual (D15),PONTUAL,0,138
ANAC_003097,2024-08-05,8,Monday,TAM,LA 4693,SBRF,SBGR,SBRF-SBGR,09:45,-5,-8,Pontual (D15),PONTUAL,0,186
ANAC_003098,2024-09-15,9,Sunday,TAM,LA 2527,SBBR,SBCF,SBBR-SBCF,09:00,1,-4,Pontual (D15),PONTUAL,0,138
ANAC_003099,2024-11-30,11,Saturday,TAM,LA 2518,SBBR,SBSV,SBBR-SBSV,12:45,10,-6,Pontual (D15),PONTUAL,0,162
ANAC_003100,2024-04-14,4,Sunday,GLO,G3 1513,SBKP,SBRF,SBKP-SBRF,20:15,-4,-9,Pontual (D15),PONTUAL,0,162
ANAC_003101,2024-05-21,5,Tuesday,GLO,G3 4456,SBCF,SBKP,SBCF-SBKP,13:30,38,40,Atraso Leve (16-45 min),ATC,3230,210
ANAC_003102,2024-10-15,10,Tuesday,AZU,AD 1166,SBSP,SBRJ,SBSP-SBRJ,20:15,-9,-6,Pontual (D15),PONTUAL,0,138
ANAC_003103,2024-07-05,7,Friday,TAM,LA 1665,SBPA,SBBR,SBPA-SBBR,18:30,12,0,Pontual (D15),PONTUAL,0,186
ANAC_003104,2024-11-05,11,Tuesday,GLO,G3 2035,SBBR,SBCF,SBBR-SBCF,11:15,8,-3,Pontual (D15),PONTUAL,0,138
ANAC_003105,2024-05-14,5,Tuesday,TAM,LA 4005,SBCF,SBKP,SBCF-SBKP,20:30,164,170,Atraso Severo (> 120 min),MANUT,43520,162
ANAC_003106,2024-05-11,5,Saturday,GLO,G3 4943,SBGL,SBBR,SBGL-SBBR,21:15,5,-2,Pontual (D15),PONTUAL,0,150
ANAC_003107,2024-06-12,6,Wednesday,GLO,G3 2833,SBGR,SBBR,SBGR-SBBR,15:30,74,83,Atraso Moderado (46-120 min),CONEX,12640,174
ANAC_003108,2024-09-01,9,Sunday,PTB,2Z 4413,SBKP,SBCF,SBKP-SBCF,13:00,14,0,Pontual (D15),PONTUAL,0,162
ANAC_003109,2024-10-07,10,Monday,TAM,LA 4931,SBBR,SBGR,SBBR-SBGR,21:30,-4,9,Pontual (D15),PONTUAL,0,162
ANAC_003110,2024-11-07,11,Thursday,TAM,LA 1061,SBGR,SBSV,SBGR-SBSV,22:45,67,69,Atraso Moderado (46-120 min),CLIMA,11870,186
ANAC_003111,2024-09-04,9,Wednesday,GLO,G3 4011,SBGR,SBSV,SBGR-SBSV,06:30,1,-10,Pontual (D15),PONTUAL,0,150
ANAC_003112,2024-10-12,10,Saturday,TAM,LA 4061,SBCT,SBGL,SBCT-SBGL,12:30,8,-11,Pontual (D15),PONTUAL,0,162
ANAC_003113,2024-12-12,12,Thursday,GLO,G3 3414,SBBR,SBCF,SBBR-SBCF,20:30,55,63,Atraso Moderado (46-120 min),ATC,10550,210
ANAC_003114,2024-08-08,8,Thursday,GLO,G3 2533,SBPA,SBRJ,SBPA-SBRJ,16:00,-1,7,Pontual (D15),PONTUAL,0,174
ANAC_003115,2024-01-19,1,Friday,TAM,LA 2698,SBGR,SBBR,SBGR-SBBR,16:15,18,18,Atraso Leve (16-45 min),ATC,1530,150
ANAC_003116,2024-11-10,11,Sunday,TAM,LA 3517,SBSP,SBCF,SBSP-SBCF,06:15,12,4,Pontual (D15),PONTUAL,0,150
ANAC_003117,2024-09-19,9,Thursday,GLO,G3 4151,SBGR,SBSV,SBGR-SBSV,17:30,7,2,Pontual (D15),PONTUAL,0,210
ANAC_003118,2024-01-25,1,Thursday,TAM,LA 2631,SBGR,SBSV,SBGR-SBSV,19:15,12,-11,Pontual (D15),PONTUAL,0,150
ANAC_003119,2024-05-29,5,Wednesday,GLO,G3 1166,SBCF,SBKP,SBCF-SBKP,19:45,104,116,Atraso Moderado (46-120 min),MANUT,15940,186
ANAC_003120,2024-04-25,4,Thursday,GLO,G3 3952,SBGL,SBBR,SBGL-SBBR,21:00,12,10,Pontual (D15),PONTUAL,0,138
ANAC_003121,2024-06-15,6,Saturday,TAM,LA 3299,SBRJ,SBSP,SBRJ-SBSP,17:00,19,19,Atraso Leve (16-45 min),CONEX,1615,162
ANAC_003122,2024-10-09,10,Wednesday,GLO,G3 2573,SBCF,SBKP,SBCF-SBKP,20:00,52,46,Atraso Moderado (46-120 min),ATC,10220,138
ANAC_003123,2024-03-16,3,Saturday,AZU,AD 2737,SBGR,SBSV,SBGR-SBSV,13:30,0,10,Pontual (D15),PONTUAL,0,138
ANAC_003124,2024-06-25,6,Tuesday,PTB,2Z 2309,SBBR,SBGR,SBBR-SBGR,20:15,41,41,Atraso Leve (16-45 min),CONEX,3485,174
ANAC_003125,2024-01-28,1,Sunday,TAM,LA 1464,SBRJ,SBRF,SBRJ-SBRF,06:45,-1,13,Pontual (D15),PONTUAL,0,174
ANAC_003126,2024-02-06,2,Tuesday,TAM,LA 4641,SBRF,SBKP,SBRF-SBKP,12:15,5,5,Pontual (D15),PONTUAL,0,138
ANAC_003127,2024-02-05,2,Monday,AZU,AD 4275,SBGR,SBPA,SBGR-SBPA,22:15,7,2,Pontual (D15),PONTUAL,0,174
ANAC_003128,2024-09-14,9,Saturday,TAM,LA 4300,SBGR,SBSP,SBGR-SBSP,07:45,110,97,Atraso Moderado (46-120 min),CLIMA,16600,174
ANAC_003129,2024-03-25,3,Monday,AZU,AD 4628,SBGR,SBPA,SBGR-SBPA,17:15,-6,12,Pontual (D15),PONTUAL,0,186
ANAC_003130,2024-03-11,3,Monday,PTB,2Z 3184,SBPA,SBCT,SBPA-SBCT,20:15,156,175,Atraso Severo (> 120 min),MANUT,42080,68
ANAC_003131,2024-12-13,12,Friday,GLO,G3 1946,SBGR,SBBR,SBGR-SBBR,11:30,-5,10,Pontual (D15),PONTUAL,0,150
ANAC_003132,2024-04-28,4,Sunday,AZU,AD 4859,SBKP,SBCF,SBKP-SBCF,15:15,9,7,Pontual (D15),PONTUAL,0,150
ANAC_003133,2024-02-21,2,Wednesday,GLO,G3 2034,SBBR,SBGR,SBBR-SBGR,17:15,-3,9,Pontual (D15),PONTUAL,0,210
ANAC_003134,2024-05-10,5,Friday,TAM,LA 1285,SBSV,SBCF,SBSV-SBCF,19:15,17,18,Atraso Leve (16-45 min),SOLO,1445,138
ANAC_003135,2024-11-26,11,Tuesday,AZU,AD 1127,SBCF,SBKP,SBCF-SBKP,18:45,-1,-10,Pontual (D15),PONTUAL,0,186
ANAC_003136,2024-08-29,8,Thursday,TAM,LA 2445,SBCT,SBKP,SBCT-SBKP,09:15,20,20,Atraso Leve (16-45 min),ATC,1700,210
ANAC_003137,2024-04-09,4,Tuesday,TAM,LA 1786,SBGR,SBSV,SBGR-SBSV,14:30,0,6,Pontual (D15),PONTUAL,0,138
ANAC_003138,2024-02-24,2,Saturday,GLO,G3 3787,SBGR,SBPA,SBGR-SBPA,20:45,74,82,Atraso Moderado (46-120 min),MANUT,12640,186
ANAC_003139,2024-05-20,5,Monday,TAM,LA 1791,SBRJ,SBSP,SBRJ-SBSP,22:45,12,-11,Pontual (D15),PONTUAL,0,150
ANAC_003140,2024-09-14,9,Saturday,AZU,AD 4993,SBRJ,SBGR,SBRJ-SBGR,18:30,-4,6,Pontual (D15),PONTUAL,0,186
ANAC_003141,2024-09-27,9,Friday,TAM,LA 1235,SBBR,SBCF,SBBR-SBCF,15:00,-9,13,Pontual (D15),PONTUAL,0,186
ANAC_003142,2024-12-12,12,Thursday,TAM,LA 1569,SBRJ,SBSP,SBRJ-SBSP,07:00,8,13,Pontual (D15),PONTUAL,0,162
ANAC_003143,2024-05-04,5,Saturday,TAM,LA 4884,SBSP,SBGR,SBSP-SBGR,13:00,9,-2,Pontual (D15),PONTUAL,0,186
ANAC_003144,2024-07-10,7,Wednesday,AZU,AD 2082,SBBR,SBGR,SBBR-SBGR,13:00,-1,-4,Pontual (D15),PONTUAL,0,138
ANAC_003145,2024-09-18,9,Wednesday,AZU,AD 2276,SBBR,SBCF,SBBR-SBCF,09:30,11,13,Pontual (D15),PONTUAL,0,150
ANAC_003146,2024-07-07,7,Sunday,TAM,LA 1922,SBRJ,SBSP,SBRJ-SBSP,10:30,-6,-7,Pontual (D15),PONTUAL,0,150
ANAC_003147,2024-12-10,12,Tuesday,TAM,LA 3486,SBBR,SBGR,SBBR-SBGR,16:45,69,76,Atraso Moderado (46-120 min),CONEX,12090,186
ANAC_003148,2024-07-30,7,Tuesday,GLO,G3 4028,SBRJ,SBSP,SBRJ-SBSP,18:00,31,34,Atraso Leve (16-45 min),ATC,2635,210
ANAC_003149,2024-01-06,1,Saturday,GLO,G3 4563,SBCF,SBKP,SBCF-SBKP,06:45,26,26,Atraso Leve (16-45 min),SOLO,2210,210
ANAC_003150,2024-07-02,7,Tuesday,TAM,LA 1916,SBPA,SBGR,SBPA-SBGR,16:45,3,5,Pontual (D15),PONTUAL,0,186
ANAC_003151,2024-10-04,10,Friday,GLO,G3 4968,SBSP,SBCT,SBSP-SBCT,17:45,-9,13,Pontual (D15),PONTUAL,0,162
ANAC_003152,2024-06-11,6,Tuesday,TAM,LA 2462,SBKP,SBGL,SBKP-SBGL,17:45,8,-10,Pontual (D15),PONTUAL,0,210
ANAC_003153,2024-09-16,9,Monday,GLO,G3 3090,SBGR,SBPA,SBGR-SBPA,11:30,-6,0,Pontual (D15),PONTUAL,0,186
ANAC_003154,2024-03-17,3,Sunday,AZU,AD 4756,SBGR,SBSV,SBGR-SBSV,21:30,8,-10,Pontual (D15),PONTUAL,0,210
ANAC_003155,2024-04-24,4,Wednesday,AZU,AD 1328,SBRJ,SBSP,SBRJ-SBSP,09:00,-8,2,Pontual (D15),PONTUAL,0,150
ANAC_003156,2024-11-27,11,Wednesday,TAM,LA 2999,SBKP,SBCF,SBKP-SBCF,22:30,109,123,Atraso Moderado (46-120 min),CLIMA,16490,162
ANAC_003157,2024-09-22,9,Sunday,GLO,G3 2694,SBSP,SBRJ,SBSP-SBRJ,18:00,35,33,Atraso Leve (16-45 min),CREW,2975,210
ANAC_003158,2024-06-13,6,Thursday,TAM,LA 1298,SBGR,SBBR,SBGR-SBBR,07:15,30,27,Atraso Leve (16-45 min),ATC,2550,138
ANAC_003159,2024-01-24,1,Wednesday,GLO,G3 1190,SBRF,SBBR,SBRF-SBBR,07:15,-3,2,Pontual (D15),PONTUAL,0,186
ANAC_003160,2024-03-08,3,Friday,GLO,G3 2555,SBBR,SBCF,SBBR-SBCF,15:45,27,30,Atraso Leve (16-45 min),ATC,2295,174
ANAC_003161,2024-07-17,7,Wednesday,GLO,G3 2975,SBKP,SBRF,SBKP-SBRF,08:30,80,78,Atraso Moderado (46-120 min),CLIMA,13300,138
ANAC_003162,2024-07-10,7,Wednesday,GLO,G3 1184,SBSP,SBRJ,SBSP-SBRJ,12:30,-8,-8,Pontual (D15),PONTUAL,0,138
ANAC_003163,2024-08-11,8,Sunday,TAM,LA 3157,SBCF,SBKP,SBCF-SBKP,07:15,0,12,Pontual (D15),PONTUAL,0,210
ANAC_003164,2024-06-22,6,Saturday,PTB,2Z 2684,SBCF,SBKP,SBCF-SBKP,11:00,5,1,Pontual (D15),PONTUAL,0,186
ANAC_003165,2024-03-14,3,Thursday,AZU,AD 3083,SBRJ,SBSP,SBRJ-SBSP,15:00,0,-1,Pontual (D15),PONTUAL,0,210
ANAC_003166,2024-08-12,8,Monday,TAM,LA 4500,SBBR,SBCF,SBBR-SBCF,10:30,-5,-2,Pontual (D15),PONTUAL,0,210
ANAC_003167,2024-02-08,2,Thursday,TAM,LA 3761,SBCF,SBKP,SBCF-SBKP,21:15,0,0,Cancelado,CLIMA,76157,174
ANAC_003168,2024-05-18,5,Saturday,GLO,G3 2147,SBKP,SBRF,SBKP-SBRF,06:45,5,0,Pontual (D15),PONTUAL,0,162
ANAC_003169,2024-04-09,4,Tuesday,TAM,LA 4998,SBKP,SBCF,SBKP-SBCF,13:00,-1,6,Pontual (D15),PONTUAL,0,138
ANAC_003170,2024-12-08,12,Sunday,PTB,2Z 4835,SBGR,SBPA,SBGR-SBPA,11:00,3,6,Pontual (D15),PONTUAL,0,186
ANAC_003171,2024-03-03,3,Sunday,AZU,AD 2033,SBSP,SBRJ,SBSP-SBRJ,07:00,13,13,Pontual (D15),PONTUAL,0,150
ANAC_003172,2024-01-07,1,Sunday,TAM,LA 1357,SBBR,SBGR,SBBR-SBGR,13:15,0,-2,Pontual (D15),PONTUAL,0,138
ANAC_003173,2024-09-10,9,Tuesday,TAM,LA 4002,SBGR,SBPA,SBGR-SBPA,18:45,59,52,Atraso Moderado (46-120 min),ATC,10990,210
ANAC_003174,2024-09-24,9,Tuesday,GLO,G3 3766,SBRJ,SBGR,SBRJ-SBGR,12:15,6,-8,Pontual (D15),PONTUAL,0,162
ANAC_003175,2024-12-23,12,Monday,TAM,LA 3626,SBPA,SBRF,SBPA-SBRF,22:30,35,33,Atraso Leve (16-45 min),CLIMA,2975,162
ANAC_003176,2024-11-24,11,Sunday,TAM,LA 4771,SBKP,SBCF,SBKP-SBCF,08:45,12,3,Pontual (D15),PONTUAL,0,210
ANAC_003177,2024-07-08,7,Monday,GLO,G3 4513,SBKP,SBCT,SBKP-SBCT,10:15,4,2,Pontual (D15),PONTUAL,0,210
ANAC_003178,2024-10-25,10,Friday,TAM,LA 4783,SBGR,SBSV,SBGR-SBSV,10:00,-1,-9,Pontual (D15),PONTUAL,0,162
ANAC_003179,2024-09-14,9,Saturday,GLO,G3 3316,SBBR,SBSV,SBBR-SBSV,08:45,4,10,Pontual (D15),PONTUAL,0,210
ANAC_003180,2024-11-09,11,Saturday,AZU,AD 1960,SBGR,SBPA,SBGR-SBPA,11:45,10,-11,Pontual (D15),PONTUAL,0,162
ANAC_003181,2024-03-09,3,Saturday,TAM,LA 2620,SBRF,SBBR,SBRF-SBBR,15:30,1,12,Pontual (D15),PONTUAL,0,162
ANAC_003182,2024-12-26,12,Thursday,AZU,AD 1037,SBKP,SBRF,SBKP-SBRF,09:45,8,7,Pontual (D15),PONTUAL,0,186
ANAC_003183,2024-04-28,4,Sunday,GLO,G3 3591,SBGR,SBBR,SBGR-SBBR,08:45,3,-3,Pontual (D15),PONTUAL,0,162
ANAC_003184,2024-03-21,3,Thursday,GLO,G3 4544,SBBR,SBGR,SBBR-SBGR,22:15,0,-10,Pontual (D15),PONTUAL,0,162
ANAC_003185,2024-06-06,6,Thursday,AZU,AD 2088,SBBR,SBGR,SBBR-SBGR,06:45,3,8,Pontual (D15),PONTUAL,0,174
ANAC_003186,2024-06-09,6,Sunday,AZU,AD 2595,SBRF,SBSV,SBRF-SBSV,18:45,-2,12,Pontual (D15),PONTUAL,0,150
ANAC_003187,2024-05-22,5,Wednesday,AZU,AD 3827,SBGR,SBBR,SBGR-SBBR,08:30,60,59,Atraso Moderado (46-120 min),ATC,11100,150
ANAC_003188,2024-02-03,2,Saturday,TAM,LA 3131,SBSP,SBCF,SBSP-SBCF,12:45,2,7,Pontual (D15),PONTUAL,0,186
ANAC_003189,2024-09-08,9,Sunday,GLO,G3 2952,SBCF,SBKP,SBCF-SBKP,14:15,-6,6,Pontual (D15),PONTUAL,0,138
ANAC_003190,2024-06-06,6,Thursday,AZU,AD 1152,SBSV,SBRF,SBSV-SBRF,20:15,17,16,Atraso Leve (16-45 min),CONEX,1445,138
ANAC_003191,2024-08-19,8,Monday,TAM,LA 3774,SBCT,SBKP,SBCT-SBKP,20:00,-5,-3,Pontual (D15),PONTUAL,0,210
ANAC_003192,2024-04-20,4,Saturday,GLO,G3 1800,SBGR,SBSV,SBGR-SBSV,07:15,110,126,Atraso Moderado (46-120 min),CLIMA,16600,186
ANAC_003193,2024-03-23,3,Saturday,TAM,LA 2698,SBGR,SBBR,SBGR-SBBR,14:00,0,-7,Pontual (D15),PONTUAL,0,186
ANAC_003194,2024-11-23,11,Saturday,PTB,2Z 1636,SBSV,SBRF,SBSV-SBRF,08:15,17,17,Atraso Leve (16-45 min),CONEX,1445,68
ANAC_003195,2024-04-22,4,Monday,TAM,LA 3998,SBGR,SBBR,SBGR-SBBR,17:45,0,0,Cancelado,CREW,76382,150
ANAC_003196,2024-08-20,8,Tuesday,TAM,LA 3731,SBBR,SBSP,SBBR-SBSP,15:15,3,-11,Pontual (D15),PONTUAL,0,186
ANAC_003197,2024-12-21,12,Saturday,TAM,LA 1547,SBPA,SBCT,SBPA-SBCT,16:00,-3,-8,Pontual (D15),PONTUAL,0,162
ANAC_003198,2024-07-03,7,Wednesday,GLO,G3 1344,SBRF,SBRJ,SBRF-SBRJ,18:45,-7,2,Pontual (D15),PONTUAL,0,210
ANAC_003199,2024-04-17,4,Wednesday,AZU,AD 1771,SBRJ,SBSP,SBRJ-SBSP,22:00,-4,12,Pontual (D15),PONTUAL,0,150
ANAC_003200,2024-02-26,2,Monday,TAM,LA 3971,SBBR,SBGR,SBBR-SBGR,22:30,4,-11,Pontual (D15),PONTUAL,0,186
ANAC_003201,2024-12-19,12,Thursday,GLO,G3 4345,SBGR,SBCT,SBGR-SBCT,22:15,61,57,Atraso Moderado (46-120 min),ATC,11210,138
ANAC_003202,2024-04-23,4,Tuesday,AZU,AD 3032,SBKP,SBRF,SBKP-SBRF,21:45,10,3,Pontual (D15),PONTUAL,0,138
ANAC_003203,2024-11-21,11,Thursday,GLO,G3 2418,SBRF,SBSP,SBRF-SBSP,11:00,-8,-4,Pontual (D15),PONTUAL,0,210
ANAC_003204,2024-09-20,9,Friday,TAM,LA 4835,SBGR,SBPA,SBGR-SBPA,08:00,38,35,Atraso Leve (16-45 min),CONEX,3230,186
ANAC_003205,2024-07-15,7,Monday,TAM,LA 3787,SBRF,SBGR,SBRF-SBGR,09:15,5,-3,Pontual (D15),PONTUAL,0,162
ANAC_003206,2024-06-03,6,Monday,TAM,LA 3206,SBSP,SBRJ,SBSP-SBRJ,10:30,0,0,Cancelado,CLIMA,71324,162
ANAC_003207,2024-04-24,4,Wednesday,AZU,AD 3743,SBGR,SBPA,SBGR-SBPA,11:00,24,27,Atraso Leve (16-45 min),SOLO,2040,210
ANAC_003208,2024-07-02,7,Tuesday,AZU,AD 3974,SBBR,SBCF,SBBR-SBCF,16:30,0,6,Pontual (D15),PONTUAL,0,186
ANAC_003209,2024-06-08,6,Saturday,GLO,G3 1509,SBCF,SBGR,SBCF-SBGR,13:15,-7,-5,Pontual (D15),PONTUAL,0,210
ANAC_003210,2024-06-19,6,Wednesday,GLO,G3 2508,SBGR,SBBR,SBGR-SBBR,18:15,-1,-8,Pontual (D15),PONTUAL,0,138
ANAC_003211,2024-09-22,9,Sunday,TAM,LA 4198,SBKP,SBRF,SBKP-SBRF,09:45,6,-6,Pontual (D15),PONTUAL,0,186
ANAC_003212,2024-12-04,12,Wednesday,AZU,AD 4216,SBRJ,SBBR,SBRJ-SBBR,19:45,33,28,Atraso Leve (16-45 min),CONEX,2805,162
ANAC_003213,2024-04-18,4,Thursday,TAM,LA 3145,SBKP,SBCF,SBKP-SBCF,18:30,82,94,Atraso Moderado (46-120 min),CLIMA,13520,162
ANAC_003214,2024-10-21,10,Monday,AZU,AD 2314,SBGR,SBBR,SBGR-SBBR,17:30,-9,-8,Pontual (D15),PONTUAL,0,162
ANAC_003215,2024-08-25,8,Sunday,TAM,LA 4477,SBGR,SBPA,SBGR-SBPA,15:30,16,14,Atraso Leve (16-45 min),CONEX,1360,162
ANAC_003216,2024-08-03,8,Saturday,GLO,G3 3199,SBGR,SBSV,SBGR-SBSV,12:45,19,17,Atraso Leve (16-45 min),CONEX,1615,162
ANAC_003217,2024-07-05,7,Friday,GLO,G3 3269,SBSP,SBRJ,SBSP-SBRJ,08:45,3,-10,Pontual (D15),PONTUAL,0,138
ANAC_003218,2024-03-03,3,Sunday,PTB,2Z 1963,SBGR,SBCT,SBGR-SBCT,18:30,0,-6,Pontual (D15),PONTUAL,0,162
ANAC_003219,2024-09-22,9,Sunday,GLO,G3 2930,SBGR,SBSV,SBGR-SBSV,08:30,-2,0,Pontual (D15),PONTUAL,0,150
ANAC_003220,2024-10-10,10,Thursday,TAM,LA 1926,SBGR,SBBR,SBGR-SBBR,14:15,17,17,Atraso Leve (16-45 min),CONEX,1445,162
ANAC_003221,2024-10-25,10,Friday,TAM,LA 4633,SBGR,SBPA,SBGR-SBPA,18:15,14,10,Pontual (D15),PONTUAL,0,210
ANAC_003222,2024-08-19,8,Monday,TAM,LA 1987,SBGR,SBPA,SBGR-SBPA,07:30,-3,-2,Pontual (D15),PONTUAL,0,174
ANAC_003223,2024-12-11,12,Wednesday,GLO,G3 1383,SBBR,SBGR,SBBR-SBGR,18:30,10,-9,Pontual (D15),PONTUAL,0,150
ANAC_003224,2024-08-29,8,Thursday,TAM,LA 3359,SBGR,SBPA,SBGR-SBPA,14:30,0,0,Cancelado,CREW,55575,162
ANAC_003225,2024-05-08,5,Wednesday,TAM,LA 2687,SBGR,SBPA,SBGR-SBPA,21:15,13,12,Pontual (D15),PONTUAL,0,162
ANAC_003226,2024-10-11,10,Friday,GLO,G3 2225,SBGR,SBKP,SBGR-SBKP,16:45,14,0,Pontual (D15),PONTUAL,0,150
ANAC_003227,2024-12-02,12,Monday,GLO,G3 4063,SBCF,SBRJ,SBCF-SBRJ,18:15,2,3,Pontual (D15),PONTUAL,0,210
ANAC_003228,2024-09-09,9,Monday,TAM,LA 1649,SBBR,SBGR,SBBR-SBGR,10:15,0,5,Pontual (D15),PONTUAL,0,162
ANAC_003229,2024-07-31,7,Wednesday,GLO,G3 2865,SBBR,SBCF,SBBR-SBCF,15:45,0,-10,Pontual (D15),PONTUAL,0,174
ANAC_003230,2024-04-22,4,Monday,GLO,G3 3323,SBCF,SBKP,SBCF-SBKP,17:30,3,-11,Pontual (D15),PONTUAL,0,162
ANAC_003231,2024-08-29,8,Thursday,AZU,AD 1281,SBGR,SBPA,SBGR-SBPA,09:30,4,-11,Pontual (D15),PONTUAL,0,162
ANAC_003232,2024-12-12,12,Thursday,GLO,G3 4142,SBGR,SBPA,SBGR-SBPA,09:30,116,128,Atraso Moderado (46-120 min),CLIMA,17260,210
ANAC_003233,2024-09-15,9,Sunday,GLO,G3 1878,SBBR,SBCF,SBBR-SBCF,22:15,0,0,Cancelado,CREW,47003,186
ANAC_003234,2024-12-25,12,Wednesday,TAM,LA 3404,SBPA,SBBR,SBPA-SBBR,12:00,0,1,Pontual (D15),PONTUAL,0,162
ANAC_003235,2024-01-09,1,Tuesday,GLO,G3 3365,SBSP,SBRJ,SBSP-SBRJ,21:45,59,56,Atraso Moderado (46-120 min),ATC,10990,210
ANAC_003236,2024-02-19,2,Monday,TAM,LA 1690,SBSP,SBRJ,SBSP-SBRJ,17:45,5,2,Pontual (D15),PONTUAL,0,210
ANAC_003237,2024-09-21,9,Saturday,PTB,2Z 1216,SBCF,SBKP,SBCF-SBKP,13:15,17,15,Atraso Leve (16-45 min),SOLO,1445,68
ANAC_003238,2024-03-11,3,Monday,AZU,AD 4269,SBSP,SBCT,SBSP-SBCT,14:00,4,3,Pontual (D15),PONTUAL,0,174
ANAC_003239,2024-08-19,8,Monday,AZU,AD 2371,SBGR,SBPA,SBGR-SBPA,14:45,16,15,Atraso Leve (16-45 min),CLIMA,1360,186
ANAC_003240,2024-11-12,11,Tuesday,AZU,AD 3334,SBBR,SBCF,SBBR-SBCF,14:30,3,-8,Pontual (D15),PONTUAL,0,162
ANAC_003241,2024-08-05,8,Monday,TAM,LA 1656,SBSP,SBRJ,SBSP-SBRJ,16:15,13,10,Pontual (D15),PONTUAL,0,174
ANAC_003242,2024-05-15,5,Wednesday,TAM,LA 1387,SBGR,SBBR,SBGR-SBBR,15:45,8,-9,Pontual (D15),PONTUAL,0,138
ANAC_003243,2024-08-24,8,Saturday,GLO,G3 2008,SBKP,SBRF,SBKP-SBRF,21:15,17,19,Atraso Leve (16-45 min),ATC,1445,186
ANAC_003244,2024-03-26,3,Tuesday,TAM,LA 3825,SBBR,SBGR,SBBR-SBGR,15:00,-7,-4,Pontual (D15),PONTUAL,0,174
ANAC_003245,2024-08-23,8,Friday,GLO,G3 1092,SBRJ,SBSP,SBRJ-SBSP,12:45,1,4,Pontual (D15),PONTUAL,0,210
ANAC_003246,2024-12-20,12,Friday,TAM,LA 4831,SBKP,SBBR,SBKP-SBBR,11:00,2,-5,Pontual (D15),PONTUAL,0,210
ANAC_003247,2024-10-31,10,Thursday,GLO,G3 1139,SBKP,SBRF,SBKP-SBRF,18:45,91,80,Atraso Moderado (46-120 min),CONEX,14510,210
ANAC_003248,2024-03-14,3,Thursday,AZU,AD 3726,SBPA,SBSP,SBPA-SBSP,13:15,-8,9,Pontual (D15),PONTUAL,0,186
ANAC_003249,2024-04-25,4,Thursday,GLO,G3 3768,SBCF,SBCT,SBCF-SBCT,11:15,9,4,Pontual (D15),PONTUAL,0,150
ANAC_003250,2024-09-22,9,Sunday,GLO,G3 2565,SBKP,SBRF,SBKP-SBRF,17:45,16,16,Atraso Leve (16-45 min),CONEX,1360,186
ANAC_003251,2024-11-12,11,Tuesday,GLO,G3 2293,SBBR,SBCF,SBBR-SBCF,15:00,58,55,Atraso Moderado (46-120 min),ATC,10880,162
ANAC_003252,2024-06-24,6,Monday,GLO,G3 3909,SBGR,SBSV,SBGR-SBSV,22:45,2,-11,Pontual (D15),PONTUAL,0,162
ANAC_003253,2024-12-09,12,Monday,GLO,G3 1968,SBRJ,SBSP,SBRJ-SBSP,06:30,10,13,Pontual (D15),PONTUAL,0,210
ANAC_003254,2024-04-14,4,Sunday,GLO,G3 2965,SBGL,SBCF,SBGL-SBCF,06:15,-2,4,Pontual (D15),PONTUAL,0,186
ANAC_003255,2024-07-03,7,Wednesday,AZU,AD 1685,SBKP,SBRF,SBKP-SBRF,14:00,3,11,Pontual (D15),PONTUAL,0,150
ANAC_003256,2024-02-27,2,Tuesday,GLO,G3 1857,SBKP,SBRF,SBKP-SBRF,12:30,0,3,Pontual (D15),PONTUAL,0,138
ANAC_003257,2024-06-13,6,Thursday,AZU,AD 2290,SBSP,SBRJ,SBSP-SBRJ,16:30,18,15,Atraso Leve (16-45 min),ATC,1530,186
ANAC_003258,2024-03-27,3,Wednesday,GLO,G3 4611,SBGR,SBPA,SBGR-SBPA,17:45,0,0,Cancelado,CLIMA,73979,162
ANAC_003259,2024-01-05,1,Friday,TAM,LA 1854,SBKP,SBRF,SBKP-SBRF,18:15,-9,11,Pontual (D15),PONTUAL,0,162
ANAC_003260,2024-12-21,12,Saturday,GLO,G3 1478,SBBR,SBGR,SBBR-SBGR,09:15,-2,-5,Pontual (D15),PONTUAL,0,150
ANAC_003261,2024-04-05,4,Friday,GLO,G3 4148,SBGR,SBPA,SBGR-SBPA,06:45,40,36,Atraso Leve (16-45 min),ATC,3400,150
ANAC_003262,2024-01-05,1,Friday,GLO,G3 4563,SBGR,SBBR,SBGR-SBBR,09:30,2,-8,Pontual (D15),PONTUAL,0,186
ANAC_003263,2024-11-15,11,Friday,GLO,G3 1024,SBKP,SBRF,SBKP-SBRF,17:00,39,33,Atraso Leve (16-45 min),CONEX,3315,186
ANAC_003264,2024-07-31,7,Wednesday,TAM,LA 3266,SBGR,SBPA,SBGR-SBPA,15:15,0,0,Cancelado,MANUT,60159,210
ANAC_003265,2024-03-03,3,Sunday,TAM,LA 3514,SBKP,SBSP,SBKP-SBSP,15:15,3,10,Pontual (D15),PONTUAL,0,162
ANAC_003266,2024-04-17,4,Wednesday,GLO,G3 4557,SBPA,SBCF,SBPA-SBCF,19:30,6,5,Pontual (D15),PONTUAL,0,150
ANAC_003267,2024-10-18,10,Friday,TAM,LA 4829,SBSP,SBRJ,SBSP-SBRJ,19:15,38,37,Atraso Leve (16-45 min),CONEX,3230,210
ANAC_003268,2024-12-25,12,Wednesday,GLO,G3 4190,SBGR,SBSV,SBGR-SBSV,14:30,57,50,Atraso Moderado (46-120 min),ATC,10770,150
ANAC_003269,2024-02-26,2,Monday,GLO,G3 2619,SBKP,SBCF,SBKP-SBCF,14:30,0,11,Pontual (D15),PONTUAL,0,186
ANAC_003270,2024-10-13,10,Sunday,GLO,G3 4772,SBCF,SBKP,SBCF-SBKP,08:15,30,32,Atraso Leve (16-45 min),ATC,2550,138
ANAC_003271,2024-03-11,3,Monday,TAM,LA 1255,SBKP,SBCF,SBKP-SBCF,19:15,42,39,Atraso Leve (16-45 min),ATC,3570,210
ANAC_003272,2024-05-24,5,Friday,TAM,LA 2918,SBSV,SBGL,SBSV-SBGL,13:00,47,42,Atraso Moderado (46-120 min),ATC,9670,186
ANAC_003273,2024-07-19,7,Friday,GLO,G3 2977,SBGR,SBSV,SBGR-SBSV,14:15,-2,9,Pontual (D15),PONTUAL,0,150
ANAC_003274,2024-06-27,6,Thursday,GLO,G3 3626,SBGR,SBPA,SBGR-SBPA,15:00,3,-4,Pontual (D15),PONTUAL,0,174
ANAC_003275,2024-10-30,10,Wednesday,GLO,G3 1886,SBRJ,SBSP,SBRJ-SBSP,18:30,-5,6,Pontual (D15),PONTUAL,0,174
ANAC_003276,2024-11-08,11,Friday,AZU,AD 3174,SBGL,SBSV,SBGL-SBSV,14:00,7,-1,Pontual (D15),PONTUAL,0,138
ANAC_003277,2024-06-05,6,Wednesday,TAM,LA 1447,SBRF,SBBR,SBRF-SBBR,19:15,-8,-2,Pontual (D15),PONTUAL,0,138
ANAC_003278,2024-04-19,4,Friday,PTB,2Z 1116,SBGR,SBPA,SBGR-SBPA,06:30,73,67,Atraso Moderado (46-120 min),CONEX,12530,138
ANAC_003279,2024-10-04,10,Friday,GLO,G3 2347,SBGR,SBBR,SBGR-SBBR,19:15,141,141,Atraso Severo (> 120 min),CONEX,39380,210
ANAC_003280,2024-09-17,9,Tuesday,GLO,G3 1071,SBKP,SBCF,SBKP-SBCF,19:30,0,0,Cancelado,CLIMA,57815,210
ANAC_003281,2024-09-22,9,Sunday,TAM,LA 3781,SBBR,SBGR,SBBR-SBGR,18:15,20,22,Atraso Leve (16-45 min),CONEX,1700,162
ANAC_003282,2024-04-07,4,Sunday,GLO,G3 4550,SBCF,SBGR,SBCF-SBGR,14:45,2,5,Pontual (D15),PONTUAL,0,210
ANAC_003283,2024-01-17,1,Wednesday,GLO,G3 4788,SBGL,SBCT,SBGL-SBCT,15:45,-6,-4,Pontual (D15),PONTUAL,0,138
ANAC_003284,2024-11-01,11,Friday,GLO,G3 4688,SBKP,SBSP,SBKP-SBSP,09:15,10,-3,Pontual (D15),PONTUAL,0,174
ANAC_003285,2024-04-19,4,Friday,TAM,LA 3648,SBKP,SBRF,SBKP-SBRF,13:15,4,13,Pontual (D15),PONTUAL,0,150
ANAC_003286,2024-06-27,6,Thursday,AZU,AD 3837,SBGR,SBSV,SBGR-SBSV,13:00,63,56,Atraso Moderado (46-120 min),CONEX,11430,162
ANAC_003287,2024-08-15,8,Thursday,AZU,AD 4954,SBBR,SBCF,SBBR-SBCF,10:30,8,-4,Pontual (D15),PONTUAL,0,210
ANAC_003288,2024-08-09,8,Friday,GLO,G3 1342,SBKP,SBGR,SBKP-SBGR,21:00,14,11,Pontual (D15),PONTUAL,0,210
ANAC_003289,2024-06-27,6,Thursday,GLO,G3 3797,SBSP,SBRJ,SBSP-SBRJ,17:30,128,123,Atraso Severo (> 120 min),MANUT,37040,210
ANAC_003290,2024-11-04,11,Monday,AZU,AD 4651,SBCF,SBKP,SBCF-SBKP,06:45,70,78,Atraso Moderado (46-120 min),CLIMA,12200,186
ANAC_003291,2024-09-24,9,Tuesday,TAM,LA 1233,SBGR,SBBR,SBGR-SBBR,12:00,12,-7,Pontual (D15),PONTUAL,0,210
ANAC_003292,2024-10-25,10,Friday,TAM,LA 1274,SBCF,SBKP,SBCF-SBKP,17:15,0,11,Pontual (D15),PONTUAL,0,138
ANAC_003293,2024-01-27,1,Saturday,TAM,LA 4030,SBBR,SBCF,SBBR-SBCF,20:30,-5,12,Pontual (D15),PONTUAL,0,150
ANAC_003294,2024-02-18,2,Sunday,TAM,LA 1874,SBRJ,SBSP,SBRJ-SBSP,07:30,13,3,Pontual (D15),PONTUAL,0,162
ANAC_003295,2024-10-08,10,Tuesday,TAM,LA 4389,SBGR,SBBR,SBGR-SBBR,15:15,95,84,Atraso Moderado (46-120 min),CONEX,14950,138
ANAC_003296,2024-11-12,11,Tuesday,AZU,AD 4433,SBGR,SBPA,SBGR-SBPA,12:00,12,7,Pontual (D15),PONTUAL,0,162
ANAC_003297,2024-08-29,8,Thursday,AZU,AD 2024,SBBR,SBCF,SBBR-SBCF,16:00,-7,-8,Pontual (D15),PONTUAL,0,150
ANAC_003298,2024-10-13,10,Sunday,TAM,LA 3157,SBSP,SBRJ,SBSP-SBRJ,09:00,-1,5,Pontual (D15),PONTUAL,0,186
ANAC_003299,2024-07-25,7,Thursday,GLO,G3 2053,SBGR,SBPA,SBGR-SBPA,09:30,130,114,Atraso Severo (> 120 min),CLIMA,37400,162
ANAC_003300,2024-06-09,6,Sunday,TAM,LA 4876,SBGL,SBSP,SBGL-SBSP,15:15,13,-6,Pontual (D15),PONTUAL,0,174
ANAC_003301,2024-03-03,3,Sunday,TAM,LA 2529,SBGR,SBPA,SBGR-SBPA,22:00,-1,0,Pontual (D15),PONTUAL,0,174
ANAC_003302,2024-10-27,10,Sunday,TAM,LA 3300,SBGL,SBSP,SBGL-SBSP,08:30,20,22,Atraso Leve (16-45 min),CONEX,1700,162
ANAC_003303,2024-07-23,7,Tuesday,GLO,G3 2483,SBBR,SBGR,SBBR-SBGR,13:45,-3,6,Pontual (D15),PONTUAL,0,138
ANAC_003304,2024-09-16,9,Monday,TAM,LA 2093,SBPA,SBSV,SBPA-SBSV,06:15,8,6,Pontual (D15),PONTUAL,0,186
ANAC_003305,2024-12-05,12,Thursday,AZU,AD 4922,SBCT,SBGL,SBCT-SBGL,22:30,12,11,Pontual (D15),PONTUAL,0,210
ANAC_003306,2024-01-04,1,Thursday,TAM,LA 2353,SBBR,SBCF,SBBR-SBCF,07:00,2,2,Pontual (D15),PONTUAL,0,210
ANAC_003307,2024-04-08,4,Monday,GLO,G3 4753,SBGR,SBSV,SBGR-SBSV,09:30,-1,0,Pontual (D15),PONTUAL,0,138
ANAC_003308,2024-02-20,2,Tuesday,GLO,G3 1680,SBBR,SBCF,SBBR-SBCF,21:30,-6,-3,Pontual (D15),PONTUAL,0,210
ANAC_003309,2024-11-19,11,Tuesday,AZU,AD 3900,SBPA,SBSV,SBPA-SBSV,10:00,0,0,Cancelado,MANUT,58138,150
ANAC_003310,2024-10-08,10,Tuesday,GLO,G3 1308,SBRF,SBBR,SBRF-SBBR,09:15,-3,-8,Pontual (D15),PONTUAL,0,138
ANAC_003311,2024-03-11,3,Monday,GLO,G3 3571,SBCT,SBKP,SBCT-SBKP,19:00,31,31,Atraso Leve (16-45 min),CONEX,2635,138
ANAC_003312,2024-03-27,3,Wednesday,TAM,LA 4938,SBBR,SBGR,SBBR-SBGR,15:00,-1,8,Pontual (D15),PONTUAL,0,174
ANAC_003313,2024-06-30,6,Sunday,AZU,AD 2308,SBCF,SBKP,SBCF-SBKP,16:00,-9,10,Pontual (D15),PONTUAL,0,162
ANAC_003314,2024-03-18,3,Monday,GLO,G3 1832,SBKP,SBCF,SBKP-SBCF,11:00,17,17,Atraso Leve (16-45 min),ATC,1445,162
ANAC_003315,2024-01-11,1,Thursday,TAM,LA 3566,SBRJ,SBSP,SBRJ-SBSP,15:00,-9,6,Pontual (D15),PONTUAL,0,138
ANAC_003316,2024-02-13,2,Tuesday,GLO,G3 4931,SBRF,SBGL,SBRF-SBGL,17:30,141,138,Atraso Severo (> 120 min),CLIMA,39380,138
ANAC_003317,2024-10-30,10,Wednesday,AZU,AD 4576,SBBR,SBSV,SBBR-SBSV,12:15,2,7,Pontual (D15),PONTUAL,0,174
ANAC_003318,2024-01-08,1,Monday,TAM,LA 3715,SBKP,SBRF,SBKP-SBRF,17:15,-7,-9,Pontual (D15),PONTUAL,0,162
ANAC_003319,2024-02-16,2,Friday,TAM,LA 3157,SBRF,SBGL,SBRF-SBGL,08:45,-8,12,Pontual (D15),PONTUAL,0,138
ANAC_003320,2024-08-18,8,Sunday,GLO,G3 2032,SBRJ,SBSP,SBRJ-SBSP,18:45,28,25,Atraso Leve (16-45 min),ATC,2380,174
ANAC_003321,2024-02-16,2,Friday,TAM,LA 1797,SBGR,SBBR,SBGR-SBBR,07:00,0,0,Cancelado,CLIMA,72911,210
ANAC_003322,2024-03-21,3,Thursday,GLO,G3 1940,SBCF,SBKP,SBCF-SBKP,10:15,11,5,Pontual (D15),PONTUAL,0,210
ANAC_003323,2024-06-20,6,Thursday,GLO,G3 4436,SBRJ,SBSP,SBRJ-SBSP,12:30,17,14,Atraso Leve (16-45 min),CONEX,1445,150
ANAC_003324,2024-01-30,1,Tuesday,GLO,G3 3594,SBGR,SBSV,SBGR-SBSV,12:45,50,51,Atraso Moderado (46-120 min),CONEX,10000,186
ANAC_003325,2024-04-21,4,Sunday,GLO,G3 3615,SBGR,SBRJ,SBGR-SBRJ,07:00,0,-5,Pontual (D15),PONTUAL,0,162
ANAC_003326,2024-08-29,8,Thursday,TAM,LA 3078,SBBR,SBGR,SBBR-SBGR,14:00,0,0,Cancelado,CLIMA,75205,186
ANAC_003327,2024-02-04,2,Sunday,GLO,G3 4481,SBKP,SBRF,SBKP-SBRF,21:15,-9,3,Pontual (D15),PONTUAL,0,186
ANAC_003328,2024-01-12,1,Friday,TAM,LA 1017,SBBR,SBGR,SBBR-SBGR,08:45,-5,-4,Pontual (D15),PONTUAL,0,210
ANAC_003329,2024-12-26,12,Thursday,GLO,G3 3532,SBBR,SBCT,SBBR-SBCT,06:45,85,85,Atraso Moderado (46-120 min),CONEX,13850,162
ANAC_003330,2024-10-08,10,Tuesday,TAM,LA 3810,SBKP,SBCF,SBKP-SBCF,16:45,4,1,Pontual (D15),PONTUAL,0,138
ANAC_003331,2024-11-09,11,Saturday,GLO,G3 1756,SBBR,SBCF,SBBR-SBCF,09:00,89,93,Atraso Moderado (46-120 min),CONEX,14290,162
ANAC_003332,2024-09-22,9,Sunday,GLO,G3 1275,SBRJ,SBSP,SBRJ-SBSP,19:15,13,3,Pontual (D15),PONTUAL,0,162
ANAC_003333,2024-05-26,5,Sunday,GLO,G3 1509,SBRJ,SBSP,SBRJ-SBSP,17:45,44,49,Atraso Leve (16-45 min),ATC,3740,210
ANAC_003334,2024-01-26,1,Friday,AZU,AD 1299,SBCT,SBGL,SBCT-SBGL,14:30,0,10,Pontual (D15),PONTUAL,0,162
ANAC_003335,2024-09-14,9,Saturday,TAM,LA 3951,SBGR,SBPA,SBGR-SBPA,13:30,8,-1,Pontual (D15),PONTUAL,0,162
ANAC_003336,2024-10-05,10,Saturday,TAM,LA 3259,SBKP,SBRF,SBKP-SBRF,08:00,38,33,Atraso Leve (16-45 min),CONEX,3230,186
ANAC_003337,2024-07-07,7,Sunday,TAM,LA 3376,SBBR,SBGR,SBBR-SBGR,07:30,-8,3,Pontual (D15),PONTUAL,0,186
ANAC_003338,2024-08-29,8,Thursday,GLO,G3 2359,SBBR,SBCF,SBBR-SBCF,17:15,21,19,Atraso Leve (16-45 min),CONEX,1785,174
ANAC_003339,2024-04-08,4,Monday,TAM,LA 2930,SBBR,SBGR,SBBR-SBGR,11:00,14,-7,Pontual (D15),PONTUAL,0,162
ANAC_003340,2024-05-10,5,Friday,GLO,G3 4735,SBGR,SBSV,SBGR-SBSV,21:15,4,-5,Pontual (D15),PONTUAL,0,174
ANAC_003341,2024-09-14,9,Saturday,AZU,AD 2673,SBGR,SBPA,SBGR-SBPA,20:00,59,53,Atraso Moderado (46-120 min),CLIMA,10990,186
ANAC_003342,2024-07-01,7,Monday,TAM,LA 2235,SBCT,SBPA,SBCT-SBPA,06:15,-4,7,Pontual (D15),PONTUAL,0,162
ANAC_003343,2024-07-23,7,Tuesday,TAM,LA 1538,SBCT,SBRF,SBCT-SBRF,08:00,81,92,Atraso Moderado (46-120 min),MANUT,13410,138
ANAC_003344,2024-06-19,6,Wednesday,TAM,LA 4509,SBGR,SBPA,SBGR-SBPA,10:00,13,-3,Pontual (D15),PONTUAL,0,138
ANAC_003345,2024-08-22,8,Thursday,AZU,AD 2241,SBBR,SBGR,SBBR-SBGR,15:00,0,-7,Pontual (D15),PONTUAL,0,210
ANAC_003346,2024-03-16,3,Saturday,PTB,2Z 4573,SBCF,SBCT,SBCF-SBCT,20:15,63,69,Atraso Moderado (46-120 min),ATC,11430,186
ANAC_003347,2024-10-06,10,Sunday,GLO,G3 1534,SBGR,SBKP,SBGR-SBKP,15:15,-7,-7,Pontual (D15),PONTUAL,0,150
ANAC_003348,2024-08-17,8,Saturday,GLO,G3 1754,SBKP,SBCF,SBKP-SBCF,21:30,10,3,Pontual (D15),PONTUAL,0,162
ANAC_003349,2024-05-27,5,Monday,GLO,G3 4694,SBGR,SBSV,SBGR-SBSV,10:30,4,11,Pontual (D15),PONTUAL,0,186
ANAC_003350,2024-03-25,3,Monday,TAM,LA 1933,SBKP,SBCF,SBKP-SBCF,17:45,76,66,Atraso Moderado (46-120 min),CLIMA,12860,210
ANAC_003351,2024-04-23,4,Tuesday,AZU,AD 2529,SBSP,SBRJ,SBSP-SBRJ,07:00,21,19,Atraso Leve (16-45 min),CONEX,1785,210
ANAC_003352,2024-09-21,9,Saturday,AZU,AD 1081,SBGR,SBPA,SBGR-SBPA,17:45,12,1,Pontual (D15),PONTUAL,0,186
ANAC_003353,2024-09-13,9,Friday,GLO,G3 2888,SBSV,SBGL,SBSV-SBGL,11:00,8,9,Pontual (D15),PONTUAL,0,138
ANAC_003354,2024-12-11,12,Wednesday,AZU,AD 4634,SBKP,SBCF,SBKP-SBCF,06:15,-7,-3,Pontual (D15),PONTUAL,0,174
ANAC_003355,2024-12-21,12,Saturday,GLO,G3 2494,SBKP,SBCT,SBKP-SBCT,10:15,2,12,Pontual (D15),PONTUAL,0,210
ANAC_003356,2024-11-06,11,Wednesday,GLO,G3 1934,SBCF,SBGL,SBCF-SBGL,20:45,-1,1,Pontual (D15),PONTUAL,0,186
ANAC_003357,2024-09-23,9,Monday,AZU,AD 2346,SBGR,SBPA,SBGR-SBPA,16:00,6,-10,Pontual (D15),PONTUAL,0,186
ANAC_003358,2024-06-26,6,Wednesday,TAM,LA 4745,SBCF,SBCT,SBCF-SBCT,14:15,-7,-11,Pontual (D15),PONTUAL,0,162
ANAC_003359,2024-05-07,5,Tuesday,GLO,G3 1265,SBBR,SBCF,SBBR-SBCF,09:15,83,80,Atraso Moderado (46-120 min),CLIMA,13630,150
ANAC_003360,2024-03-16,3,Saturday,GLO,G3 2023,SBSP,SBRJ,SBSP-SBRJ,21:30,41,41,Atraso Leve (16-45 min),CONEX,3485,162
ANAC_003361,2024-07-16,7,Tuesday,AZU,AD 3155,SBBR,SBGR,SBBR-SBGR,16:45,-9,3,Pontual (D15),PONTUAL,0,174
ANAC_003362,2024-06-25,6,Tuesday,PTB,2Z 4871,SBBR,SBGR,SBBR-SBGR,13:30,5,13,Pontual (D15),PONTUAL,0,174
ANAC_003363,2024-02-20,2,Tuesday,TAM,LA 1491,SBGR,SBPA,SBGR-SBPA,16:30,0,9,Pontual (D15),PONTUAL,0,162
ANAC_003364,2024-04-12,4,Friday,GLO,G3 4184,SBBR,SBCF,SBBR-SBCF,20:00,5,11,Pontual (D15),PONTUAL,0,162
ANAC_003365,2024-08-09,8,Friday,AZU,AD 1319,SBBR,SBGR,SBBR-SBGR,17:00,-9,-7,Pontual (D15),PONTUAL,0,162
ANAC_003366,2024-08-16,8,Friday,AZU,AD 4061,SBKP,SBCF,SBKP-SBCF,21:45,10,3,Pontual (D15),PONTUAL,0,186
ANAC_003367,2024-08-19,8,Monday,AZU,AD 3824,SBBR,SBGR,SBBR-SBGR,08:00,63,71,Atraso Moderado (46-120 min),CONEX,11430,210
ANAC_003368,2024-10-11,10,Friday,TAM,LA 3829,SBKP,SBRJ,SBKP-SBRJ,13:00,118,105,Atraso Moderado (46-120 min),CONEX,17480,150
ANAC_003369,2024-05-30,5,Thursday,TAM,LA 3084,SBCF,SBKP,SBCF-SBKP,18:45,24,26,Atraso Leve (16-45 min),CONEX,2040,162
ANAC_003370,2024-04-11,4,Thursday,TAM,LA 3355,SBCF,SBKP,SBCF-SBKP,16:30,-1,-10,Pontual (D15),PONTUAL,0,162
ANAC_003371,2024-08-06,8,Tuesday,TAM,LA 4642,SBBR,SBCF,SBBR-SBCF,20:00,47,39,Atraso Moderado (46-120 min),SOLO,9670,174
ANAC_003372,2024-04-25,4,Thursday,AZU,AD 1143,SBGR,SBSP,SBGR-SBSP,20:45,11,-2,Pontual (D15),PONTUAL,0,162
ANAC_003373,2024-01-16,1,Tuesday,TAM,LA 2117,SBSV,SBBR,SBSV-SBBR,18:45,7,-8,Pontual (D15),PONTUAL,0,162
ANAC_003374,2024-08-06,8,Tuesday,GLO,G3 2120,SBGR,SBSV,SBGR-SBSV,11:00,11,-1,Pontual (D15),PONTUAL,0,162
ANAC_003375,2024-02-16,2,Friday,TAM,LA 1228,SBKP,SBRF,SBKP-SBRF,21:30,-1,-1,Pontual (D15),PONTUAL,0,174
ANAC_003376,2024-06-27,6,Thursday,GLO,G3 4042,SBBR,SBGR,SBBR-SBGR,13:15,0,-11,Pontual (D15),PONTUAL,0,162
ANAC_003377,2024-09-02,9,Monday,AZU,AD 1991,SBKP,SBRF,SBKP-SBRF,21:45,9,-7,Pontual (D15),PONTUAL,0,174
ANAC_003378,2024-02-11,2,Sunday,PTB,2Z 4724,SBGL,SBSP,SBGL-SBSP,14:15,1,-1,Pontual (D15),PONTUAL,0,162
ANAC_003379,2024-02-13,2,Tuesday,AZU,AD 3436,SBRJ,SBPA,SBRJ-SBPA,20:45,4,-7,Pontual (D15),PONTUAL,0,162
ANAC_003380,2024-07-20,7,Saturday,PTB,2Z 2626,SBBR,SBCF,SBBR-SBCF,18:00,6,9,Pontual (D15),PONTUAL,0,162
ANAC_003381,2024-08-05,8,Monday,TAM,LA 2416,SBKP,SBRF,SBKP-SBRF,07:00,-9,3,Pontual (D15),PONTUAL,0,186
ANAC_003382,2024-06-30,6,Sunday,TAM,LA 4010,SBCT,SBBR,SBCT-SBBR,22:00,2,-10,Pontual (D15),PONTUAL,0,138
ANAC_003383,2024-11-13,11,Wednesday,GLO,G3 3882,SBRF,SBCT,SBRF-SBCT,11:30,4,5,Pontual (D15),PONTUAL,0,210
ANAC_003384,2024-12-21,12,Saturday,TAM,LA 4812,SBBR,SBGR,SBBR-SBGR,12:45,14,9,Pontual (D15),PONTUAL,0,150
ANAC_003385,2024-12-04,12,Wednesday,TAM,LA 1901,SBGR,SBBR,SBGR-SBBR,15:45,7,0,Pontual (D15),PONTUAL,0,162
ANAC_003386,2024-11-29,11,Friday,GLO,G3 1150,SBCF,SBKP,SBCF-SBKP,07:00,60,59,Atraso Moderado (46-120 min),SOLO,11100,210
ANAC_003387,2024-05-14,5,Tuesday,AZU,AD 4599,SBRF,SBCT,SBRF-SBCT,14:15,9,8,Pontual (D15),PONTUAL,0,174
ANAC_003388,2024-06-17,6,Monday,TAM,LA 1363,SBBR,SBCF,SBBR-SBCF,13:30,2,7,Pontual (D15),PONTUAL,0,186
ANAC_003389,2024-05-25,5,Saturday,GLO,G3 4306,SBCT,SBCF,SBCT-SBCF,19:30,9,-8,Pontual (D15),PONTUAL,0,186
ANAC_003390,2024-07-11,7,Thursday,TAM,LA 1809,SBGR,SBSV,SBGR-SBSV,18:15,45,40,Atraso Leve (16-45 min),CLIMA,3825,210
ANAC_003391,2024-02-06,2,Tuesday,AZU,AD 2510,SBGR,SBBR,SBGR-SBBR,08:30,52,57,Atraso Moderado (46-120 min),CREW,10220,150
ANAC_003392,2024-11-14,11,Thursday,TAM,LA 4371,SBCF,SBKP,SBCF-SBKP,15:00,27,26,Atraso Leve (16-45 min),ATC,2295,186
ANAC_003393,2024-02-06,2,Tuesday,GLO,G3 1883,SBPA,SBCF,SBPA-SBCF,12:15,64,57,Atraso Moderado (46-120 min),CLIMA,11540,162
ANAC_003394,2024-06-02,6,Sunday,AZU,AD 4117,SBGR,SBBR,SBGR-SBBR,09:30,91,95,Atraso Moderado (46-120 min),CONEX,14510,150
ANAC_003395,2024-12-29,12,Sunday,PTB,2Z 1468,SBKP,SBRF,SBKP-SBRF,19:30,8,-3,Pontual (D15),PONTUAL,0,68
ANAC_003396,2024-11-06,11,Wednesday,AZU,AD 1717,SBGR,SBSV,SBGR-SBSV,22:15,2,1,Pontual (D15),PONTUAL,0,162
ANAC_003397,2024-08-02,8,Friday,GLO,G3 4272,SBCF,SBGL,SBCF-SBGL,14:45,12,-8,Pontual (D15),PONTUAL,0,150
ANAC_003398,2024-07-06,7,Saturday,GLO,G3 2056,SBGR,SBBR,SBGR-SBBR,16:45,14,-9,Pontual (D15),PONTUAL,0,210
ANAC_003399,2024-07-21,7,Sunday,GLO,G3 3240,SBSP,SBPA,SBSP-SBPA,14:00,-2,8,Pontual (D15),PONTUAL,0,174
ANAC_003400,2024-05-04,5,Saturday,GLO,G3 3066,SBGR,SBPA,SBGR-SBPA,14:15,4,4,Pontual (D15),PONTUAL,0,138
ANAC_003401,2024-11-15,11,Friday,GLO,G3 4664,SBCF,SBKP,SBCF-SBKP,22:15,39,42,Atraso Leve (16-45 min),SOLO,3315,186
ANAC_003402,2024-05-15,5,Wednesday,GLO,G3 1436,SBKP,SBCF,SBKP-SBCF,14:45,2,8,Pontual (D15),PONTUAL,0,174
ANAC_003403,2024-10-15,10,Tuesday,TAM,LA 4665,SBRJ,SBSP,SBRJ-SBSP,08:00,5,7,Pontual (D15),PONTUAL,0,210
ANAC_003404,2024-12-04,12,Wednesday,TAM,LA 2941,SBCF,SBKP,SBCF-SBKP,20:15,79,81,Atraso Moderado (46-120 min),CONEX,13190,150
ANAC_003405,2024-07-23,7,Tuesday,TAM,LA 3482,SBKP,SBCF,SBKP-SBCF,22:15,3,10,Pontual (D15),PONTUAL,0,174
ANAC_003406,2024-07-01,7,Monday,TAM,LA 3529,SBSV,SBCF,SBSV-SBCF,06:00,123,130,Atraso Severo (> 120 min),CONEX,36140,174
ANAC_003407,2024-12-02,12,Monday,GLO,G3 3268,SBKP,SBCF,SBKP-SBCF,16:15,3,-6,Pontual (D15),PONTUAL,0,186
ANAC_003408,2024-06-08,6,Saturday,TAM,LA 3275,SBKP,SBRF,SBKP-SBRF,22:30,12,-11,Pontual (D15),PONTUAL,0,150
ANAC_003409,2024-04-17,4,Wednesday,TAM,LA 3558,SBKP,SBSP,SBKP-SBSP,13:30,0,-6,Pontual (D15),PONTUAL,0,138
ANAC_003410,2024-01-23,1,Tuesday,GLO,G3 3645,SBRJ,SBSV,SBRJ-SBSV,17:00,5,8,Pontual (D15),PONTUAL,0,210
ANAC_003411,2024-12-10,12,Tuesday,GLO,G3 1958,SBCF,SBBR,SBCF-SBBR,07:45,30,27,Atraso Leve (16-45 min),CONEX,2550,210
ANAC_003412,2024-11-01,11,Friday,GLO,G3 4169,SBGR,SBPA,SBGR-SBPA,17:15,10,5,Pontual (D15),PONTUAL,0,150
ANAC_003413,2024-01-25,1,Thursday,AZU,AD 2991,SBGR,SBSV,SBGR-SBSV,06:15,84,76,Atraso Moderado (46-120 min),CONEX,13740,138
ANAC_003414,2024-05-16,5,Thursday,AZU,AD 4210,SBKP,SBCF,SBKP-SBCF,09:30,5,12,Pontual (D15),PONTUAL,0,174
ANAC_003415,2024-05-26,5,Sunday,GLO,G3 2397,SBGR,SBBR,SBGR-SBBR,21:15,-5,6,Pontual (D15),PONTUAL,0,210
ANAC_003416,2024-06-03,6,Monday,GLO,G3 2013,SBRJ,SBSP,SBRJ-SBSP,18:45,7,-6,Pontual (D15),PONTUAL,0,186
ANAC_003417,2024-10-05,10,Saturday,AZU,AD 1791,SBCF,SBKP,SBCF-SBKP,12:30,1,-8,Pontual (D15),PONTUAL,0,174
ANAC_003418,2024-10-29,10,Tuesday,GLO,G3 4424,SBCF,SBCT,SBCF-SBCT,07:30,92,80,Atraso Moderado (46-120 min),MANUT,14620,186
ANAC_003419,2024-10-11,10,Friday,GLO,G3 3702,SBGR,SBPA,SBGR-SBPA,15:45,12,12,Pontual (D15),PONTUAL,0,150
ANAC_003420,2024-04-14,4,Sunday,GLO,G3 2956,SBGR,SBPA,SBGR-SBPA,14:00,1,-2,Pontual (D15),PONTUAL,0,210
ANAC_003421,2024-04-28,4,Sunday,TAM,LA 3441,SBGR,SBPA,SBGR-SBPA,16:15,2,6,Pontual (D15),PONTUAL,0,150
ANAC_003422,2024-07-16,7,Tuesday,TAM,LA 2181,SBBR,SBGR,SBBR-SBGR,06:15,12,7,Pontual (D15),PONTUAL,0,150
ANAC_003423,2024-11-01,11,Friday,TAM,LA 2579,SBSP,SBBR,SBSP-SBBR,09:30,11,0,Pontual (D15),PONTUAL,0,150
ANAC_003424,2024-01-25,1,Thursday,PTB,2Z 2680,SBSP,SBRJ,SBSP-SBRJ,09:00,6,-6,Pontual (D15),PONTUAL,0,68
ANAC_003425,2024-01-22,1,Monday,TAM,LA 1696,SBBR,SBGR,SBBR-SBGR,21:00,-4,5,Pontual (D15),PONTUAL,0,186
ANAC_003426,2024-11-28,11,Thursday,GLO,G3 3196,SBGR,SBBR,SBGR-SBBR,20:00,100,114,Atraso Moderado (46-120 min),CLIMA,15500,186
ANAC_003427,2024-07-05,7,Friday,TAM,LA 3132,SBBR,SBGR,SBBR-SBGR,08:30,8,-1,Pontual (D15),PONTUAL,0,150
ANAC_003428,2024-09-20,9,Friday,AZU,AD 2561,SBKP,SBRJ,SBKP-SBRJ,07:30,47,50,Atraso Moderado (46-120 min),CONEX,9670,138
ANAC_003429,2024-01-18,1,Thursday,TAM,LA 3479,SBKP,SBCT,SBKP-SBCT,12:30,13,-1,Pontual (D15),PONTUAL,0,162
ANAC_003430,2024-03-21,3,Thursday,GLO,G3 2929,SBRJ,SBSP,SBRJ-SBSP,06:00,31,34,Atraso Leve (16-45 min),CONEX,2635,210
ANAC_003431,2024-12-12,12,Thursday,GLO,G3 1805,SBCF,SBKP,SBCF-SBKP,08:00,3,8,Pontual (D15),PONTUAL,0,162
ANAC_003432,2024-10-30,10,Wednesday,AZU,AD 4765,SBGR,SBPA,SBGR-SBPA,14:30,-7,2,Pontual (D15),PONTUAL,0,210
ANAC_003433,2024-06-21,6,Friday,GLO,G3 2224,SBSP,SBRJ,SBSP-SBRJ,06:30,48,41,Atraso Moderado (46-120 min),CLIMA,9780,210
ANAC_003434,2024-10-11,10,Friday,AZU,AD 1332,SBPA,SBRJ,SBPA-SBRJ,18:00,13,-4,Pontual (D15),PONTUAL,0,174
ANAC_003435,2024-12-19,12,Thursday,TAM,LA 3328,SBCF,SBKP,SBCF-SBKP,21:15,119,127,Atraso Moderado (46-120 min),CLIMA,17590,138
ANAC_003436,2024-05-19,5,Sunday,GLO,G3 3160,SBRJ,SBSP,SBRJ-SBSP,22:30,-8,-4,Pontual (D15),PONTUAL,0,186
ANAC_003437,2024-10-08,10,Tuesday,PTB,2Z 2758,SBKP,SBCF,SBKP-SBCF,10:45,83,82,Atraso Moderado (46-120 min),CLIMA,13630,68
ANAC_003438,2024-10-09,10,Wednesday,GLO,G3 1330,SBGR,SBBR,SBGR-SBBR,21:00,3,0,Pontual (D15),PONTUAL,0,162
ANAC_003439,2024-09-22,9,Sunday,TAM,LA 3940,SBBR,SBGR,SBBR-SBGR,16:30,0,6,Pontual (D15),PONTUAL,0,162
ANAC_003440,2024-05-25,5,Saturday,TAM,LA 2595,SBCF,SBKP,SBCF-SBKP,08:30,87,82,Atraso Moderado (46-120 min),CLIMA,14070,210
ANAC_003441,2024-03-12,3,Tuesday,TAM,LA 1106,SBSP,SBKP,SBSP-SBKP,17:00,29,25,Atraso Leve (16-45 min),CONEX,2465,210
ANAC_003442,2024-05-29,5,Wednesday,AZU,AD 3410,SBCF,SBKP,SBCF-SBKP,12:45,13,-11,Pontual (D15),PONTUAL,0,138
ANAC_003443,2024-10-24,10,Thursday,TAM,LA 2671,SBRJ,SBSP,SBRJ-SBSP,10:00,-6,-11,Pontual (D15),PONTUAL,0,186
ANAC_003444,2024-01-14,1,Sunday,AZU,AD 4674,SBBR,SBGR,SBBR-SBGR,06:00,18,18,Atraso Leve (16-45 min),ATC,1530,174
ANAC_003445,2024-07-09,7,Tuesday,TAM,LA 3553,SBRF,SBCF,SBRF-SBCF,12:00,8,-6,Pontual (D15),PONTUAL,0,162
ANAC_003446,2024-05-05,5,Sunday,GLO,G3 4054,SBSP,SBRJ,SBSP-SBRJ,18:00,103,101,Atraso Moderado (46-120 min),CLIMA,15830,162
ANAC_003447,2024-08-28,8,Wednesday,AZU,AD 1327,SBCT,SBSV,SBCT-SBSV,20:30,0,0,Cancelado,CLIMA,71096,138
ANAC_003448,2024-05-09,5,Thursday,GLO,G3 4544,SBKP,SBRF,SBKP-SBRF,07:45,-1,0,Pontual (D15),PONTUAL,0,162
ANAC_003449,2024-10-25,10,Friday,AZU,AD 2867,SBGR,SBBR,SBGR-SBBR,06:45,41,46,Atraso Leve (16-45 min),CONEX,3485,150
ANAC_003450,2024-07-08,7,Monday,TAM,LA 4143,SBGR,SBBR,SBGR-SBBR,16:15,27,23,Atraso Leve (16-45 min),CREW,2295,210
ANAC_003451,2024-03-31,3,Sunday,TAM,LA 4819,SBSP,SBRJ,SBSP-SBRJ,18:45,42,38,Atraso Leve (16-45 min),CREW,3570,174
ANAC_003452,2024-10-30,10,Wednesday,GLO,G3 3127,SBGR,SBBR,SBGR-SBBR,10:30,-9,9,Pontual (D15),PONTUAL,0,186
ANAC_003453,2024-06-25,6,Tuesday,TAM,LA 3942,SBKP,SBCF,SBKP-SBCF,22:30,1,-9,Pontual (D15),PONTUAL,0,174
ANAC_003454,2024-02-02,2,Friday,GLO,G3 4428,SBCF,SBKP,SBCF-SBKP,08:00,118,107,Atraso Moderado (46-120 min),CLIMA,17480,138
ANAC_003455,2024-01-15,1,Monday,GLO,G3 4069,SBGR,SBSV,SBGR-SBSV,08:00,7,2,Pontual (D15),PONTUAL,0,174
ANAC_003456,2024-03-16,3,Saturday,TAM,LA 3281,SBGR,SBBR,SBGR-SBBR,22:15,51,58,Atraso Moderado (46-120 min),ATC,10110,162
ANAC_003457,2024-06-23,6,Sunday,TAM,LA 4916,SBRJ,SBKP,SBRJ-SBKP,21:15,3,12,Pontual (D15),PONTUAL,0,186
ANAC_003458,2024-11-18,11,Monday,GLO,G3 4297,SBBR,SBSV,SBBR-SBSV,11:00,0,-3,Pontual (D15),PONTUAL,0,162
ANAC_003459,2024-11-28,11,Thursday,AZU,AD 4903,SBSP,SBRJ,SBSP-SBRJ,14:30,22,19,Atraso Leve (16-45 min),ATC,1870,174
ANAC_003460,2024-09-05,9,Thursday,TAM,LA 3339,SBBR,SBCF,SBBR-SBCF,16:30,3,1,Pontual (D15),PONTUAL,0,210
ANAC_003461,2024-03-20,3,Wednesday,GLO,G3 2093,SBGL,SBPA,SBGL-SBPA,16:00,-3,2,Pontual (D15),PONTUAL,0,150
ANAC_003462,2024-07-07,7,Sunday,GLO,G3 4732,SBGR,SBBR,SBGR-SBBR,09:30,4,9,Pontual (D15),PONTUAL,0,138
ANAC_003463,2024-10-16,10,Wednesday,AZU,AD 4446,SBKP,SBRF,SBKP-SBRF,15:00,-9,0,Pontual (D15),PONTUAL,0,186
ANAC_003464,2024-11-22,11,Friday,GLO,G3 3363,SBGR,SBSV,SBGR-SBSV,06:15,-7,-11,Pontual (D15),PONTUAL,0,162
ANAC_003465,2024-02-16,2,Friday,PTB,2Z 1792,SBKP,SBCF,SBKP-SBCF,13:00,24,26,Atraso Leve (16-45 min),CONEX,2040,138
ANAC_003466,2024-12-18,12,Wednesday,GLO,G3 1257,SBSP,SBRJ,SBSP-SBRJ,18:00,-6,11,Pontual (D15),PONTUAL,0,210
ANAC_003467,2024-02-29,2,Thursday,AZU,AD 3950,SBGR,SBBR,SBGR-SBBR,19:00,58,50,Atraso Moderado (46-120 min),SOLO,10880,138
ANAC_003468,2024-10-16,10,Wednesday,PTB,2Z 2411,SBBR,SBGR,SBBR-SBGR,11:15,51,50,Atraso Moderado (46-120 min),CONEX,10110,138
ANAC_003469,2024-09-09,9,Monday,GLO,G3 1416,SBGR,SBPA,SBGR-SBPA,22:00,2,-6,Pontual (D15),PONTUAL,0,174
ANAC_003470,2024-09-10,9,Tuesday,TAM,LA 4911,SBGR,SBPA,SBGR-SBPA,17:45,11,2,Pontual (D15),PONTUAL,0,174
ANAC_003471,2024-02-21,2,Wednesday,GLO,G3 3328,SBSP,SBRJ,SBSP-SBRJ,16:15,6,9,Pontual (D15),PONTUAL,0,162
ANAC_003472,2024-04-28,4,Sunday,TAM,LA 2193,SBSV,SBGL,SBSV-SBGL,14:00,10,5,Pontual (D15),PONTUAL,0,174
ANAC_003473,2024-12-04,12,Wednesday,AZU,AD 2921,SBCT,SBRJ,SBCT-SBRJ,10:45,-4,2,Pontual (D15),PONTUAL,0,138
ANAC_003474,2024-03-05,3,Tuesday,GLO,G3 1090,SBBR,SBGR,SBBR-SBGR,15:45,14,8,Pontual (D15),PONTUAL,0,210
ANAC_003475,2024-08-25,8,Sunday,GLO,G3 2248,SBKP,SBRF,SBKP-SBRF,16:00,8,5,Pontual (D15),PONTUAL,0,174
ANAC_003476,2024-05-30,5,Thursday,AZU,AD 4128,SBPA,SBKP,SBPA-SBKP,09:00,50,45,Atraso Moderado (46-120 min),ATC,10000,186
ANAC_003477,2024-09-18,9,Wednesday,AZU,AD 2549,SBBR,SBGR,SBBR-SBGR,15:00,-4,9,Pontual (D15),PONTUAL,0,138
ANAC_003478,2024-12-14,12,Saturday,AZU,AD 1171,SBGR,SBSV,SBGR-SBSV,14:00,21,21,Atraso Leve (16-45 min),SOLO,1785,150
ANAC_003479,2024-10-25,10,Friday,GLO,G3 4137,SBBR,SBGL,SBBR-SBGL,18:15,3,-4,Pontual (D15),PONTUAL,0,138
ANAC_003480,2024-10-22,10,Tuesday,TAM,LA 1596,SBBR,SBRJ,SBBR-SBRJ,18:30,54,50,Atraso Moderado (46-120 min),ATC,10440,174
ANAC_003481,2024-11-09,11,Saturday,GLO,G3 3344,SBCF,SBKP,SBCF-SBKP,09:15,44,39,Atraso Leve (16-45 min),CREW,3740,186
ANAC_003482,2024-10-21,10,Monday,TAM,LA 2244,SBCF,SBKP,SBCF-SBKP,11:15,-1,-4,Pontual (D15),PONTUAL,0,150
ANAC_003483,2024-05-02,5,Thursday,TAM,LA 3438,SBBR,SBCF,SBBR-SBCF,12:15,-2,-10,Pontual (D15),PONTUAL,0,186
ANAC_003484,2024-09-12,9,Thursday,TAM,LA 4764,SBKP,SBRF,SBKP-SBRF,08:30,14,13,Pontual (D15),PONTUAL,0,162
ANAC_003485,2024-04-19,4,Friday,GLO,G3 2966,SBSP,SBCT,SBSP-SBCT,11:00,13,-2,Pontual (D15),PONTUAL,0,186
ANAC_003486,2024-03-17,3,Sunday,GLO,G3 1766,SBBR,SBGR,SBBR-SBGR,20:00,30,29,Atraso Leve (16-45 min),CONEX,2550,162
ANAC_003487,2024-08-23,8,Friday,GLO,G3 1810,SBGR,SBSV,SBGR-SBSV,16:30,-4,-11,Pontual (D15),PONTUAL,0,210
ANAC_003488,2024-09-06,9,Friday,GLO,G3 3722,SBSP,SBRF,SBSP-SBRF,07:00,57,57,Atraso Moderado (46-120 min),CLIMA,10770,210
ANAC_003489,2024-01-06,1,Saturday,AZU,AD 3638,SBBR,SBCT,SBBR-SBCT,13:15,12,4,Pontual (D15),PONTUAL,0,150
ANAC_003490,2024-11-13,11,Wednesday,AZU,AD 2815,SBSP,SBRJ,SBSP-SBRJ,08:15,-1,-8,Pontual (D15),PONTUAL,0,210
ANAC_003491,2024-05-26,5,Sunday,TAM,LA 4509,SBGL,SBKP,SBGL-SBKP,20:45,11,-4,Pontual (D15),PONTUAL,0,186
ANAC_003492,2024-12-11,12,Wednesday,AZU,AD 4316,SBRF,SBSV,SBRF-SBSV,07:00,6,-11,Pontual (D15),PONTUAL,0,162
ANAC_003493,2024-07-21,7,Sunday,TAM,LA 1611,SBGR,SBPA,SBGR-SBPA,11:00,118,117,Atraso Moderado (46-120 min),CLIMA,17480,186
ANAC_003494,2024-05-15,5,Wednesday,GLO,G3 3526,SBBR,SBGR,SBBR-SBGR,18:15,0,0,Cancelado,CLIMA,69538,186
ANAC_003495,2024-09-07,9,Saturday,GLO,G3 4493,SBGR,SBPA,SBGR-SBPA,12:30,80,83,Atraso Moderado (46-120 min),CLIMA,13300,150
ANAC_003496,2024-07-06,7,Saturday,AZU,AD 2336,SBGR,SBBR,SBGR-SBBR,08:15,14,9,Pontual (D15),PONTUAL,0,138
ANAC_003497,2024-10-13,10,Sunday,AZU,AD 4752,SBSV,SBCT,SBSV-SBCT,14:30,-7,12,Pontual (D15),PONTUAL,0,138
ANAC_003498,2024-01-28,1,Sunday,AZU,AD 3155,SBKP,SBCF,SBKP-SBCF,11:45,13,-6,Pontual (D15),PONTUAL,0,150
ANAC_003499,2024-07-04,7,Thursday,AZU,AD 1413,SBBR,SBCF,SBBR-SBCF,12:00,72,62,Atraso Moderado (46-120 min),CLIMA,12420,150
ANAC_003500,2024-02-16,2,Friday,PTB,2Z 4606,SBSP,SBGR,SBSP-SBGR,18:45,12,4,Pontual (D15),PONTUAL,0,186
ANAC_003501,2024-09-11,9,Wednesday,TAM,LA 2514,SBKP,SBCF,SBKP-SBCF,21:45,14,-9,Pontual (D15),PONTUAL,0,210
ANAC_003502,2024-01-04,1,Thursday,GLO,G3 2930,SBGR,SBSV,SBGR-SBSV,20:45,6,-2,Pontual (D15),PONTUAL,0,210
ANAC_003503,2024-04-20,4,Saturday,TAM,LA 3526,SBCF,SBKP,SBCF-SBKP,06:00,10,3,Pontual (D15),PONTUAL,0,210
ANAC_003504,2024-01-06,1,Saturday,AZU,AD 3728,SBBR,SBCF,SBBR-SBCF,19:00,10,13,Pontual (D15),PONTUAL,0,186
ANAC_003505,2024-08-16,8,Friday,AZU,AD 4002,SBRJ,SBSP,SBRJ-SBSP,08:45,-1,13,Pontual (D15),PONTUAL,0,174
ANAC_003506,2024-05-22,5,Wednesday,TAM,LA 4810,SBKP,SBGL,SBKP-SBGL,08:30,1,-1,Pontual (D15),PONTUAL,0,210
ANAC_003507,2024-04-04,4,Thursday,AZU,AD 4739,SBBR,SBGR,SBBR-SBGR,18:00,-2,5,Pontual (D15),PONTUAL,0,174
ANAC_003508,2024-07-24,7,Wednesday,GLO,G3 4504,SBGR,SBBR,SBGR-SBBR,08:45,4,-8,Pontual (D15),PONTUAL,0,186
ANAC_003509,2024-12-15,12,Sunday,GLO,G3 4481,SBBR,SBKP,SBBR-SBKP,18:45,52,55,Atraso Moderado (46-120 min),CONEX,10220,174
ANAC_003510,2024-10-06,10,Sunday,AZU,AD 2970,SBGR,SBRJ,SBGR-SBRJ,14:00,10,12,Pontual (D15),PONTUAL,0,138
ANAC_003511,2024-05-19,5,Sunday,AZU,AD 4925,SBCF,SBGR,SBCF-SBGR,10:30,1,2,Pontual (D15),PONTUAL,0,150
ANAC_003512,2024-05-25,5,Saturday,GLO,G3 3354,SBBR,SBGR,SBBR-SBGR,20:15,11,-3,Pontual (D15),PONTUAL,0,162
ANAC_003513,2024-09-26,9,Thursday,GLO,G3 4555,SBGR,SBPA,SBGR-SBPA,12:00,52,55,Atraso Moderado (46-120 min),ATC,10220,174
ANAC_003514,2024-12-24,12,Tuesday,GLO,G3 3704,SBBR,SBGR,SBBR-SBGR,19:15,28,26,Atraso Leve (16-45 min),ATC,2380,210
ANAC_003515,2024-10-19,10,Saturday,TAM,LA 3769,SBSP,SBRJ,SBSP-SBRJ,10:15,20,20,Atraso Leve (16-45 min),CONEX,1700,138
ANAC_003516,2024-02-17,2,Saturday,GLO,G3 2133,SBGR,SBPA,SBGR-SBPA,17:00,122,112,Atraso Severo (> 120 min),MANUT,35960,174
ANAC_003517,2024-04-09,4,Tuesday,TAM,LA 4794,SBKP,SBCF,SBKP-SBCF,08:15,2,-5,Pontual (D15),PONTUAL,0,186
ANAC_003518,2024-08-13,8,Tuesday,TAM,LA 1195,SBRJ,SBSV,SBRJ-SBSV,08:15,2,-10,Pontual (D15),PONTUAL,0,210
ANAC_003519,2024-07-26,7,Friday,GLO,G3 3728,SBBR,SBCF,SBBR-SBCF,08:30,101,86,Atraso Moderado (46-120 min),CONEX,15610,186
ANAC_003520,2024-10-02,10,Wednesday,GLO,G3 2929,SBBR,SBCF,SBBR-SBCF,12:00,8,8,Pontual (D15),PONTUAL,0,138
ANAC_003521,2024-03-23,3,Saturday,TAM,LA 1798,SBRF,SBCT,SBRF-SBCT,07:15,0,-10,Pontual (D15),PONTUAL,0,174
ANAC_003522,2024-10-30,10,Wednesday,GLO,G3 4831,SBGL,SBRF,SBGL-SBRF,06:15,0,-2,Pontual (D15),PONTUAL,0,162
ANAC_003523,2024-11-22,11,Friday,AZU,AD 1804,SBRJ,SBSP,SBRJ-SBSP,19:15,9,8,Pontual (D15),PONTUAL,0,186
ANAC_003524,2024-01-18,1,Thursday,GLO,G3 2578,SBRJ,SBSP,SBRJ-SBSP,20:30,42,43,Atraso Leve (16-45 min),MANUT,3570,138
ANAC_003525,2024-07-05,7,Friday,GLO,G3 2315,SBRJ,SBSP,SBRJ-SBSP,21:00,3,0,Pontual (D15),PONTUAL,0,150
ANAC_003526,2024-12-19,12,Thursday,GLO,G3 2377,SBKP,SBSV,SBKP-SBSV,22:15,-2,0,Pontual (D15),PONTUAL,0,150
ANAC_003527,2024-07-31,7,Wednesday,GLO,G3 1153,SBKP,SBCF,SBKP-SBCF,22:15,14,-3,Pontual (D15),PONTUAL,0,186
ANAC_003528,2024-11-11,11,Monday,GLO,G3 2683,SBGR,SBSV,SBGR-SBSV,15:15,50,57,Atraso Moderado (46-120 min),CLIMA,10000,210
ANAC_003529,2024-03-21,3,Thursday,TAM,LA 2902,SBGR,SBBR,SBGR-SBBR,22:15,-9,8,Pontual (D15),PONTUAL,0,150
ANAC_003530,2024-11-29,11,Friday,TAM,LA 1838,SBGL,SBKP,SBGL-SBKP,14:45,35,39,Atraso Leve (16-45 min),CONEX,2975,150
ANAC_003531,2024-02-13,2,Tuesday,TAM,LA 2001,SBGR,SBSV,SBGR-SBSV,08:00,62,70,Atraso Moderado (46-120 min),CLIMA,11320,150
ANAC_003532,2024-03-05,3,Tuesday,PTB,2Z 4797,SBBR,SBGR,SBBR-SBGR,20:45,0,0,Cancelado,CREW,62433,174
ANAC_003533,2024-08-13,8,Tuesday,PTB,2Z 4116,SBSP,SBGL,SBSP-SBGL,11:15,13,-7,Pontual (D15),PONTUAL,0,186
ANAC_003534,2024-05-30,5,Thursday,TAM,LA 3890,SBGR,SBBR,SBGR-SBBR,22:45,61,65,Atraso Moderado (46-120 min),MANUT,11210,174
ANAC_003535,2024-05-09,5,Thursday,TAM,LA 3383,SBSP,SBRF,SBSP-SBRF,10:30,103,115,Atraso Moderado (46-120 min),CLIMA,15830,138
ANAC_003536,2024-02-21,2,Wednesday,GLO,G3 1736,SBRJ,SBBR,SBRJ-SBBR,08:15,110,119,Atraso Moderado (46-120 min),CLIMA,16600,138
ANAC_003537,2024-11-07,11,Thursday,AZU,AD 2093,SBCF,SBKP,SBCF-SBKP,09:45,43,41,Atraso Leve (16-45 min),CONEX,3655,174
ANAC_003538,2024-12-23,12,Monday,GLO,G3 2599,SBCT,SBRJ,SBCT-SBRJ,13:45,8,-4,Pontual (D15),PONTUAL,0,186
ANAC_003539,2024-05-07,5,Tuesday,TAM,LA 3900,SBPA,SBCF,SBPA-SBCF,11:45,-3,5,Pontual (D15),PONTUAL,0,150
ANAC_003540,2024-01-28,1,Sunday,AZU,AD 1420,SBKP,SBCF,SBKP-SBCF,08:00,40,34,Atraso Leve (16-45 min),CONEX,3400,210
ANAC_003541,2024-01-21,1,Sunday,TAM,LA 2989,SBBR,SBCF,SBBR-SBCF,17:15,0,-11,Pontual (D15),PONTUAL,0,150
ANAC_003542,2024-05-12,5,Sunday,TAM,LA 2597,SBCF,SBKP,SBCF-SBKP,08:45,9,6,Pontual (D15),PONTUAL,0,174
ANAC_003543,2024-12-28,12,Saturday,GLO,G3 4515,SBGR,SBPA,SBGR-SBPA,15:30,72,70,Atraso Moderado (46-120 min),CONEX,12420,162
ANAC_003544,2024-06-25,6,Tuesday,GLO,G3 3298,SBKP,SBCF,SBKP-SBCF,11:30,-8,10,Pontual (D15),PONTUAL,0,174
ANAC_003545,2024-10-12,10,Saturday,GLO,G3 4173,SBSP,SBRJ,SBSP-SBRJ,22:45,25,24,Atraso Leve (16-45 min),CONEX,2125,174
ANAC_003546,2024-08-12,8,Monday,GLO,G3 2351,SBRJ,SBSP,SBRJ-SBSP,18:15,184,175,Atraso Severo (> 120 min),CONEX,47120,210
ANAC_003547,2024-07-02,7,Tuesday,GLO,G3 3546,SBGR,SBSV,SBGR-SBSV,21:45,4,13,Pontual (D15),PONTUAL,0,210
ANAC_003548,2024-10-18,10,Friday,AZU,AD 2791,SBBR,SBCF,SBBR-SBCF,22:00,9,9,Pontual (D15),PONTUAL,0,150
ANAC_003549,2024-05-08,5,Wednesday,TAM,LA 1687,SBKP,SBRF,SBKP-SBRF,12:30,8,-10,Pontual (D15),PONTUAL,0,210
ANAC_003550,2024-12-09,12,Monday,GLO,G3 2582,SBGR,SBPA,SBGR-SBPA,13:30,46,52,Atraso Moderado (46-120 min),SOLO,9560,186
ANAC_003551,2024-10-17,10,Thursday,TAM,LA 4409,SBRF,SBCF,SBRF-SBCF,14:45,-5,6,Pontual (D15),PONTUAL,0,210
ANAC_003552,2024-06-14,6,Friday,GLO,G3 3311,SBGR,SBPA,SBGR-SBPA,19:00,122,106,Atraso Severo (> 120 min),CONEX,35960,186
ANAC_003553,2024-11-17,11,Sunday,GLO,G3 4011,SBRJ,SBSP,SBRJ-SBSP,13:15,-1,-3,Pontual (D15),PONTUAL,0,186
ANAC_003554,2024-03-02,3,Saturday,TAM,LA 3285,SBGR,SBSV,SBGR-SBSV,06:45,43,41,Atraso Leve (16-45 min),SOLO,3655,186
ANAC_003555,2024-11-15,11,Friday,GLO,G3 2725,SBRJ,SBSP,SBRJ-SBSP,08:15,-8,-3,Pontual (D15),PONTUAL,0,174
ANAC_003556,2024-07-24,7,Wednesday,GLO,G3 4850,SBGL,SBGR,SBGL-SBGR,22:45,-1,-11,Pontual (D15),PONTUAL,0,162
ANAC_003557,2024-10-05,10,Saturday,GLO,G3 2627,SBCF,SBSP,SBCF-SBSP,18:15,47,43,Atraso Moderado (46-120 min),CONEX,9670,210
ANAC_003558,2024-03-15,3,Friday,AZU,AD 3125,SBRJ,SBBR,SBRJ-SBBR,15:30,8,5,Pontual (D15),PONTUAL,0,210
ANAC_003559,2024-08-20,8,Tuesday,TAM,LA 2309,SBKP,SBRF,SBKP-SBRF,10:30,7,11,Pontual (D15),PONTUAL,0,150
ANAC_003560,2024-07-30,7,Tuesday,TAM,LA 1092,SBSV,SBBR,SBSV-SBBR,12:45,6,11,Pontual (D15),PONTUAL,0,210
ANAC_003561,2024-05-17,5,Friday,AZU,AD 2103,SBRJ,SBSP,SBRJ-SBSP,11:15,-2,3,Pontual (D15),PONTUAL,0,174
ANAC_003562,2024-09-12,9,Thursday,GLO,G3 1335,SBCT,SBKP,SBCT-SBKP,13:45,-7,1,Pontual (D15),PONTUAL,0,186
ANAC_003563,2024-12-08,12,Sunday,GLO,G3 2958,SBCF,SBKP,SBCF-SBKP,15:15,8,11,Pontual (D15),PONTUAL,0,138
ANAC_003564,2024-08-23,8,Friday,AZU,AD 2595,SBCF,SBKP,SBCF-SBKP,16:30,122,111,Atraso Severo (> 120 min),CLIMA,35960,162
ANAC_003565,2024-03-30,3,Saturday,TAM,LA 2794,SBKP,SBCF,SBKP-SBCF,07:15,9,3,Pontual (D15),PONTUAL,0,210
ANAC_003566,2024-04-29,4,Monday,AZU,AD 1661,SBSP,SBRJ,SBSP-SBRJ,22:30,32,33,Atraso Leve (16-45 min),ATC,2720,186
ANAC_003567,2024-10-26,10,Saturday,TAM,LA 3523,SBKP,SBCF,SBKP-SBCF,22:30,-9,1,Pontual (D15),PONTUAL,0,210
ANAC_003568,2024-11-03,11,Sunday,GLO,G3 3158,SBCT,SBBR,SBCT-SBBR,16:00,20,17,Atraso Leve (16-45 min),CONEX,1700,186
ANAC_003569,2024-08-07,8,Wednesday,AZU,AD 4485,SBBR,SBCF,SBBR-SBCF,07:30,5,-3,Pontual (D15),PONTUAL,0,150
ANAC_003570,2024-04-11,4,Thursday,TAM,LA 3708,SBKP,SBCF,SBKP-SBCF,22:30,-7,2,Pontual (D15),PONTUAL,0,186
ANAC_003571,2024-04-13,4,Saturday,TAM,LA 1103,SBSP,SBRJ,SBSP-SBRJ,16:00,64,65,Atraso Moderado (46-120 min),CONEX,11540,174
ANAC_003572,2024-08-08,8,Thursday,TAM,LA 1010,SBKP,SBCF,SBKP-SBCF,06:00,-1,2,Pontual (D15),PONTUAL,0,186
ANAC_003573,2024-08-12,8,Monday,TAM,LA 2354,SBBR,SBSP,SBBR-SBSP,14:15,80,91,Atraso Moderado (46-120 min),CLIMA,13300,210
ANAC_003574,2024-03-17,3,Sunday,TAM,LA 3572,SBBR,SBGR,SBBR-SBGR,19:15,94,100,Atraso Moderado (46-120 min),CLIMA,14840,138
ANAC_003575,2024-11-01,11,Friday,PTB,2Z 4517,SBBR,SBCF,SBBR-SBCF,13:30,-7,-6,Pontual (D15),PONTUAL,0,162
ANAC_003576,2024-04-18,4,Thursday,TAM,LA 2413,SBCF,SBGR,SBCF-SBGR,14:15,9,-3,Pontual (D15),PONTUAL,0,162
ANAC_003577,2024-01-28,1,Sunday,TAM,LA 3399,SBBR,SBCF,SBBR-SBCF,08:15,0,-3,Pontual (D15),PONTUAL,0,174
ANAC_003578,2024-12-14,12,Saturday,GLO,G3 1885,SBGR,SBSV,SBGR-SBSV,06:00,-6,-10,Pontual (D15),PONTUAL,0,138
ANAC_003579,2024-05-11,5,Saturday,GLO,G3 1230,SBPA,SBCT,SBPA-SBCT,08:45,0,0,Cancelado,CREW,71852,150
ANAC_003580,2024-12-17,12,Tuesday,TAM,LA 3196,SBKP,SBRF,SBKP-SBRF,21:30,5,-10,Pontual (D15),PONTUAL,0,138
ANAC_003581,2024-06-03,6,Monday,AZU,AD 3182,SBRJ,SBSV,SBRJ-SBSV,18:45,4,6,Pontual (D15),PONTUAL,0,138
ANAC_003582,2024-12-20,12,Friday,GLO,G3 1609,SBGR,SBSV,SBGR-SBSV,12:30,182,181,Atraso Severo (> 120 min),MANUT,46760,210
ANAC_003583,2024-01-21,1,Sunday,AZU,AD 3692,SBCF,SBKP,SBCF-SBKP,11:00,27,29,Atraso Leve (16-45 min),CONEX,2295,150
ANAC_003584,2024-04-14,4,Sunday,AZU,AD 2096,SBCT,SBKP,SBCT-SBKP,09:00,80,82,Atraso Moderado (46-120 min),CLIMA,13300,162
ANAC_003585,2024-03-18,3,Monday,GLO,G3 2473,SBGR,SBSV,SBGR-SBSV,19:00,13,-10,Pontual (D15),PONTUAL,0,186
ANAC_003586,2024-04-07,4,Sunday,GLO,G3 3672,SBRJ,SBKP,SBRJ-SBKP,10:45,1,-6,Pontual (D15),PONTUAL,0,138
ANAC_003587,2024-06-27,6,Thursday,AZU,AD 4479,SBGR,SBPA,SBGR-SBPA,20:30,7,10,Pontual (D15),PONTUAL,0,162
ANAC_003588,2024-10-12,10,Saturday,GLO,G3 1580,SBKP,SBSP,SBKP-SBSP,13:00,86,86,Atraso Moderado (46-120 min),CONEX,13960,186
ANAC_003589,2024-02-27,2,Tuesday,AZU,AD 3511,SBKP,SBCF,SBKP-SBCF,10:45,2,12,Pontual (D15),PONTUAL,0,162
ANAC_003590,2024-11-25,11,Monday,TAM,LA 4945,SBBR,SBCF,SBBR-SBCF,18:45,4,-1,Pontual (D15),PONTUAL,0,186
ANAC_003591,2024-04-29,4,Monday,GLO,G3 1170,SBBR,SBGR,SBBR-SBGR,17:15,39,44,Atraso Leve (16-45 min),CONEX,3315,162
ANAC_003592,2024-06-12,6,Wednesday,TAM,LA 2884,SBCF,SBKP,SBCF-SBKP,14:15,18,18,Atraso Leve (16-45 min),CONEX,1530,174
ANAC_003593,2024-04-06,4,Saturday,AZU,AD 1414,SBBR,SBCF,SBBR-SBCF,21:00,-9,-5,Pontual (D15),PONTUAL,0,174
ANAC_003594,2024-04-22,4,Monday,TAM,LA 1877,SBRJ,SBSP,SBRJ-SBSP,08:45,13,-5,Pontual (D15),PONTUAL,0,150
ANAC_003595,2024-08-27,8,Tuesday,GLO,G3 1870,SBCF,SBKP,SBCF-SBKP,19:30,90,85,Atraso Moderado (46-120 min),CONEX,14400,174
ANAC_003596,2024-07-19,7,Friday,TAM,LA 1250,SBPA,SBCF,SBPA-SBCF,19:45,7,-7,Pontual (D15),PONTUAL,0,162
ANAC_003597,2024-10-05,10,Saturday,GLO,G3 1472,SBCF,SBGR,SBCF-SBGR,16:15,-5,11,Pontual (D15),PONTUAL,0,150
ANAC_003598,2024-05-07,5,Tuesday,TAM,LA 2443,SBCF,SBBR,SBCF-SBBR,13:00,10,-2,Pontual (D15),PONTUAL,0,210
ANAC_003599,2024-01-27,1,Saturday,AZU,AD 3327,SBBR,SBCF,SBBR-SBCF,09:30,34,33,Atraso Leve (16-45 min),CONEX,2890,186
ANAC_003600,2024-07-17,7,Wednesday,TAM,LA 4575,SBRF,SBSP,SBRF-SBSP,19:30,11,11,Pontual (D15),PONTUAL,0,186
ANAC_003601,2024-07-01,7,Monday,TAM,LA 4815,SBKP,SBRF,SBKP-SBRF,17:00,73,83,Atraso Moderado (46-120 min),CONEX,12530,186
ANAC_003602,2024-03-19,3,Tuesday,GLO,G3 2181,SBKP,SBRF,SBKP-SBRF,15:15,7,9,Pontual (D15),PONTUAL,0,162
ANAC_003603,2024-07-23,7,Tuesday,GLO,G3 4147,SBGR,SBPA,SBGR-SBPA,12:30,14,11,Pontual (D15),PONTUAL,0,150
ANAC_003604,2024-04-07,4,Sunday,GLO,G3 2123,SBSP,SBRJ,SBSP-SBRJ,08:15,12,4,Pontual (D15),PONTUAL,0,150
ANAC_003605,2024-09-03,9,Tuesday,TAM,LA 3199,SBKP,SBCF,SBKP-SBCF,10:45,0,2,Pontual (D15),PONTUAL,0,186
ANAC_003606,2024-10-03,10,Thursday,GLO,G3 3997,SBGL,SBRJ,SBGL-SBRJ,11:45,2,-6,Pontual (D15),PONTUAL,0,162
ANAC_003607,2024-08-18,8,Sunday,GLO,G3 3895,SBSP,SBPA,SBSP-SBPA,07:30,8,9,Pontual (D15),PONTUAL,0,174
ANAC_003608,2024-08-16,8,Friday,AZU,AD 4993,SBCF,SBPA,SBCF-SBPA,22:45,0,8,Pontual (D15),PONTUAL,0,150
ANAC_003609,2024-06-14,6,Friday,TAM,LA 4850,SBGR,SBSV,SBGR-SBSV,22:30,4,8,Pontual (D15),PONTUAL,0,186
ANAC_003610,2024-09-19,9,Thursday,GLO,G3 3149,SBBR,SBGR,SBBR-SBGR,10:45,11,3,Pontual (D15),PONTUAL,0,174
ANAC_003611,2024-06-30,6,Sunday,GLO,G3 4454,SBKP,SBSV,SBKP-SBSV,18:45,-9,12,Pontual (D15),PONTUAL,0,186
ANAC_003612,2024-11-30,11,Saturday,TAM,LA 2536,SBBR,SBCF,SBBR-SBCF,22:00,10,-4,Pontual (D15),PONTUAL,0,138
ANAC_003613,2024-01-01,1,Monday,TAM,LA 1593,SBSP,SBRJ,SBSP-SBRJ,22:15,5,3,Pontual (D15),PONTUAL,0,186
ANAC_003614,2024-08-08,8,Thursday,AZU,AD 1627,SBRJ,SBSP,SBRJ-SBSP,21:15,0,0,Cancelado,CLIMA,71699,186
ANAC_003615,2024-06-06,6,Thursday,GLO,G3 4664,SBGL,SBRF,SBGL-SBRF,12:30,50,42,Atraso Moderado (46-120 min),CONEX,10000,210
ANAC_003616,2024-02-27,2,Tuesday,TAM,LA 1884,SBRJ,SBSP,SBRJ-SBSP,07:45,14,13,Pontual (D15),PONTUAL,0,138
ANAC_003617,2024-07-17,7,Wednesday,AZU,AD 4454,SBKP,SBGL,SBKP-SBGL,22:00,-8,-6,Pontual (D15),PONTUAL,0,150
ANAC_003618,2024-05-14,5,Tuesday,GLO,G3 2478,SBGR,SBPA,SBGR-SBPA,16:45,-6,-6,Pontual (D15),PONTUAL,0,174
ANAC_003619,2024-06-03,6,Monday,AZU,AD 4165,SBGR,SBSV,SBGR-SBSV,17:45,57,57,Atraso Moderado (46-120 min),CONEX,10770,186
ANAC_003620,2024-04-30,4,Tuesday,GLO,G3 2820,SBRJ,SBSP,SBRJ-SBSP,19:00,10,2,Pontual (D15),PONTUAL,0,210
ANAC_003621,2024-06-15,6,Saturday,GLO,G3 3724,SBRF,SBGL,SBRF-SBGL,21:30,-1,-8,Pontual (D15),PONTUAL,0,186
ANAC_003622,2024-11-10,11,Sunday,GLO,G3 2776,SBCF,SBRJ,SBCF-SBRJ,19:15,14,1,Pontual (D15),PONTUAL,0,186
ANAC_003623,2024-06-23,6,Sunday,TAM,LA 1336,SBRJ,SBSP,SBRJ-SBSP,15:30,6,7,Pontual (D15),PONTUAL,0,186
ANAC_003624,2024-12-02,12,Monday,GLO,G3 1673,SBCF,SBRJ,SBCF-SBRJ,11:45,14,3,Pontual (D15),PONTUAL,0,174
ANAC_003625,2024-11-19,11,Tuesday,GLO,G3 3525,SBSP,SBRJ,SBSP-SBRJ,12:30,-5,-5,Pontual (D15),PONTUAL,0,186
ANAC_003626,2024-01-22,1,Monday,GLO,G3 4454,SBCF,SBKP,SBCF-SBKP,16:00,197,170,Atraso Severo (> 120 min),MANUT,49460,138
ANAC_003627,2024-01-06,1,Saturday,TAM,LA 3715,SBGL,SBCT,SBGL-SBCT,22:00,18,18,Atraso Leve (16-45 min),ATC,1530,162
ANAC_003628,2024-06-28,6,Friday,GLO,G3 2725,SBGR,SBSV,SBGR-SBSV,19:45,7,-4,Pontual (D15),PONTUAL,0,150
ANAC_003629,2024-06-25,6,Tuesday,GLO,G3 2992,SBRJ,SBGR,SBRJ-SBGR,13:00,-2,-4,Pontual (D15),PONTUAL,0,174
ANAC_003630,2024-09-25,9,Wednesday,TAM,LA 2594,SBCF,SBKP,SBCF-SBKP,22:00,105,108,Atraso Moderado (46-120 min),CLIMA,16050,162
ANAC_003631,2024-10-29,10,Tuesday,TAM,LA 4663,SBGR,SBPA,SBGR-SBPA,19:45,-3,-11,Pontual (D15),PONTUAL,0,150
ANAC_003632,2024-05-20,5,Monday,TAM,LA 2652,SBGR,SBSV,SBGR-SBSV,20:30,36,41,Atraso Leve (16-45 min),CONEX,3060,150
ANAC_003633,2024-04-17,4,Wednesday,TAM,LA 1272,SBRJ,SBSP,SBRJ-SBSP,14:45,-8,3,Pontual (D15),PONTUAL,0,150
ANAC_003634,2024-01-21,1,Sunday,GLO,G3 1073,SBGR,SBBR,SBGR-SBBR,16:15,7,-9,Pontual (D15),PONTUAL,0,186
ANAC_003635,2024-06-10,6,Monday,TAM,LA 4695,SBRF,SBCT,SBRF-SBCT,07:15,89,89,Atraso Moderado (46-120 min),CLIMA,14290,186
ANAC_003636,2024-10-17,10,Thursday,TAM,LA 2710,SBGR,SBSV,SBGR-SBSV,11:45,7,-5,Pontual (D15),PONTUAL,0,174
ANAC_003637,2024-05-30,5,Thursday,PTB,2Z 2107,SBGR,SBSV,SBGR-SBSV,10:45,65,72,Atraso Moderado (46-120 min),MANUT,11650,162
ANAC_003638,2024-10-24,10,Thursday,AZU,AD 2987,SBGR,SBSV,SBGR-SBSV,22:15,19,19,Atraso Leve (16-45 min),CONEX,1615,162
ANAC_003639,2024-05-05,5,Sunday,TAM,LA 3141,SBGR,SBPA,SBGR-SBPA,19:00,61,62,Atraso Moderado (46-120 min),CONEX,11210,174
ANAC_003640,2024-01-12,1,Friday,TAM,LA 4215,SBSP,SBRJ,SBSP-SBRJ,08:30,-3,7,Pontual (D15),PONTUAL,0,138
ANAC_003641,2024-08-13,8,Tuesday,GLO,G3 2773,SBCF,SBKP,SBCF-SBKP,20:45,-9,0,Pontual (D15),PONTUAL,0,150
ANAC_003642,2024-07-02,7,Tuesday,PTB,2Z 1404,SBGR,SBSV,SBGR-SBSV,21:30,117,123,Atraso Moderado (46-120 min),CLIMA,17370,174
ANAC_003643,2024-02-19,2,Monday,AZU,AD 2186,SBGR,SBPA,SBGR-SBPA,18:30,98,111,Atraso Moderado (46-120 min),MANUT,15280,210
ANAC_003644,2024-03-05,3,Tuesday,AZU,AD 4201,SBRF,SBRJ,SBRF-SBRJ,13:30,10,-5,Pontual (D15),PONTUAL,0,186
ANAC_003645,2024-04-29,4,Monday,TAM,LA 3671,SBGR,SBKP,SBGR-SBKP,13:00,12,6,Pontual (D15),PONTUAL,0,186
ANAC_003646,2024-03-23,3,Saturday,TAM,LA 3744,SBGR,SBGL,SBGR-SBGL,10:30,-9,11,Pontual (D15),PONTUAL,0,162
ANAC_003647,2024-05-24,5,Friday,TAM,LA 4952,SBGL,SBSP,SBGL-SBSP,17:45,12,-9,Pontual (D15),PONTUAL,0,162
ANAC_003648,2024-02-07,2,Wednesday,TAM,LA 3286,SBRJ,SBPA,SBRJ-SBPA,12:00,12,1,Pontual (D15),PONTUAL,0,162
ANAC_003649,2024-02-26,2,Monday,GLO,G3 2598,SBGR,SBSV,SBGR-SBSV,17:15,2,-3,Pontual (D15),PONTUAL,0,162
ANAC_003650,2024-05-11,5,Saturday,AZU,AD 1551,SBRJ,SBSP,SBRJ-SBSP,10:30,-9,-5,Pontual (D15),PONTUAL,0,186
ANAC_003651,2024-11-15,11,Friday,AZU,AD 3123,SBBR,SBGR,SBBR-SBGR,10:00,10,3,Pontual (D15),PONTUAL,0,150
ANAC_003652,2024-04-07,4,Sunday,TAM,LA 3307,SBBR,SBCF,SBBR-SBCF,22:45,0,0,Cancelado,CLIMA,72867,174
ANAC_003653,2024-06-03,6,Monday,GLO,G3 4751,SBRJ,SBSP,SBRJ-SBSP,10:00,2,-2,Pontual (D15),PONTUAL,0,210
ANAC_003654,2024-03-22,3,Friday,PTB,2Z 4858,SBGR,SBBR,SBGR-SBBR,15:15,54,57,Atraso Moderado (46-120 min),CREW,10440,210
ANAC_003655,2024-01-31,1,Wednesday,TAM,LA 4108,SBSP,SBRJ,SBSP-SBRJ,15:15,0,0,Cancelado,MANUT,60820,174
ANAC_003656,2024-08-20,8,Tuesday,TAM,LA 2170,SBRJ,SBBR,SBRJ-SBBR,09:45,10,-5,Pontual (D15),PONTUAL,0,186
ANAC_003657,2024-12-14,12,Saturday,GLO,G3 3386,SBCT,SBSP,SBCT-SBSP,10:00,1,6,Pontual (D15),PONTUAL,0,162
ANAC_003658,2024-09-15,9,Sunday,TAM,LA 3347,SBPA,SBRJ,SBPA-SBRJ,06:15,-5,0,Pontual (D15),PONTUAL,0,138
ANAC_003659,2024-02-25,2,Sunday,AZU,AD 4356,SBGR,SBSV,SBGR-SBSV,20:45,-8,7,Pontual (D15),PONTUAL,0,210
ANAC_003660,2024-01-29,1,Monday,TAM,LA 3921,SBKP,SBCF,SBKP-SBCF,21:30,29,24,Atraso Leve (16-45 min),CREW,2465,174
ANAC_003661,2024-06-21,6,Friday,TAM,LA 4519,SBGL,SBSV,SBGL-SBSV,22:00,6,-8,Pontual (D15),PONTUAL,0,150
ANAC_003662,2024-01-28,1,Sunday,AZU,AD 1602,SBRJ,SBCF,SBRJ-SBCF,09:45,49,49,Atraso Moderado (46-120 min),CONEX,9890,210
ANAC_003663,2024-11-05,11,Tuesday,TAM,LA 2830,SBRJ,SBSP,SBRJ-SBSP,14:00,68,69,Atraso Moderado (46-120 min),CLIMA,11980,210
ANAC_003664,2024-02-14,2,Wednesday,GLO,G3 2105,SBSP,SBRJ,SBSP-SBRJ,12:30,9,-8,Pontual (D15),PONTUAL,0,186
ANAC_003665,2024-10-22,10,Tuesday,GLO,G3 1035,SBSP,SBSV,SBSP-SBSV,11:00,6,6,Pontual (D15),PONTUAL,0,174
ANAC_003666,2024-03-18,3,Monday,TAM,LA 1202,SBKP,SBRF,SBKP-SBRF,21:45,0,0,Cancelado,MANUT,73128,210
ANAC_003667,2024-01-03,1,Wednesday,AZU,AD 2975,SBKP,SBRF,SBKP-SBRF,18:30,21,18,Atraso Leve (16-45 min),ATC,1785,210
ANAC_003668,2024-02-06,2,Tuesday,AZU,AD 4419,SBGR,SBBR,SBGR-SBBR,20:00,2,-10,Pontual (D15),PONTUAL,0,138
ANAC_003669,2024-12-17,12,Tuesday,TAM,LA 1577,SBKP,SBGR,SBKP-SBGR,16:00,8,-8,Pontual (D15),PONTUAL,0,162
ANAC_003670,2024-11-20,11,Wednesday,TAM,LA 1007,SBSP,SBRJ,SBSP-SBRJ,08:00,17,14,Atraso Leve (16-45 min),SOLO,1445,186
ANAC_003671,2024-07-31,7,Wednesday,GLO,G3 1943,SBBR,SBCF,SBBR-SBCF,15:00,-7,5,Pontual (D15),PONTUAL,0,150
ANAC_003672,2024-04-11,4,Thursday,AZU,AD 1020,SBBR,SBGR,SBBR-SBGR,10:15,55,49,Atraso Moderado (46-120 min),SOLO,10550,174
ANAC_003673,2024-02-10,2,Saturday,AZU,AD 3732,SBKP,SBGL,SBKP-SBGL,12:45,54,52,Atraso Moderado (46-120 min),ATC,10440,138
ANAC_003674,2024-02-22,2,Thursday,TAM,LA 1893,SBBR,SBGR,SBBR-SBGR,09:00,81,80,Atraso Moderado (46-120 min),CLIMA,13410,210
ANAC_003675,2024-02-25,2,Sunday,TAM,LA 4390,SBPA,SBCT,SBPA-SBCT,09:00,11,11,Pontual (D15),PONTUAL,0,150
ANAC_003676,2024-12-26,12,Thursday,GLO,G3 1542,SBKP,SBCF,SBKP-SBCF,07:15,84,81,Atraso Moderado (46-120 min),CLIMA,13740,210
ANAC_003677,2024-02-07,2,Wednesday,AZU,AD 2962,SBKP,SBCF,SBKP-SBCF,17:30,34,30,Atraso Leve (16-45 min),CONEX,2890,150
ANAC_003678,2024-11-24,11,Sunday,TAM,LA 4457,SBSP,SBPA,SBSP-SBPA,15:15,-1,-11,Pontual (D15),PONTUAL,0,174
ANAC_003679,2024-06-15,6,Saturday,GLO,G3 2701,SBKP,SBRF,SBKP-SBRF,17:30,-8,0,Pontual (D15),PONTUAL,0,150
ANAC_003680,2024-10-22,10,Tuesday,TAM,LA 1355,SBRJ,SBBR,SBRJ-SBBR,14:30,12,2,Pontual (D15),PONTUAL,0,174
ANAC_003681,2024-05-20,5,Monday,TAM,LA 3811,SBKP,SBSV,SBKP-SBSV,18:15,8,4,Pontual (D15),PONTUAL,0,186
ANAC_003682,2024-07-01,7,Monday,AZU,AD 1540,SBKP,SBRF,SBKP-SBRF,15:15,106,99,Atraso Moderado (46-120 min),CLIMA,16160,210
ANAC_003683,2024-08-12,8,Monday,AZU,AD 4062,SBSP,SBRJ,SBSP-SBRJ,09:15,44,38,Atraso Leve (16-45 min),CONEX,3740,138
ANAC_003684,2024-05-02,5,Thursday,TAM,LA 4859,SBCF,SBKP,SBCF-SBKP,09:15,10,2,Pontual (D15),PONTUAL,0,174
ANAC_003685,2024-09-18,9,Wednesday,TAM,LA 1150,SBGR,SBPA,SBGR-SBPA,20:30,-1,6,Pontual (D15),PONTUAL,0,186
ANAC_003686,2024-04-19,4,Friday,GLO,G3 3299,SBRJ,SBSP,SBRJ-SBSP,22:00,5,-5,Pontual (D15),PONTUAL,0,138
ANAC_003687,2024-02-20,2,Tuesday,TAM,LA 1666,SBGR,SBBR,SBGR-SBBR,08:45,-3,4,Pontual (D15),PONTUAL,0,150
ANAC_003688,2024-11-16,11,Saturday,PTB,2Z 4230,SBGR,SBGL,SBGR-SBGL,12:30,-2,-9,Pontual (D15),PONTUAL,0,68
ANAC_003689,2024-12-05,12,Thursday,TAM,LA 2112,SBGR,SBCF,SBGR-SBCF,08:45,17,18,Atraso Leve (16-45 min),ATC,1445,174
ANAC_003690,2024-04-18,4,Thursday,GLO,G3 2346,SBSV,SBRF,SBSV-SBRF,06:45,14,-6,Pontual (D15),PONTUAL,0,162
ANAC_003691,2024-10-03,10,Thursday,AZU,AD 3609,SBKP,SBRF,SBKP-SBRF,13:15,3,3,Pontual (D15),PONTUAL,0,186
ANAC_003692,2024-11-14,11,Thursday,GLO,G3 4984,SBGR,SBKP,SBGR-SBKP,17:00,-6,12,Pontual (D15),PONTUAL,0,162
ANAC_003693,2024-11-19,11,Tuesday,AZU,AD 2083,SBKP,SBCF,SBKP-SBCF,13:30,4,4,Pontual (D15),PONTUAL,0,138
ANAC_003694,2024-05-11,5,Saturday,GLO,G3 2592,SBGR,SBBR,SBGR-SBBR,19:15,31,35,Atraso Leve (16-45 min),ATC,2635,210
ANAC_003695,2024-07-10,7,Wednesday,GLO,G3 1242,SBBR,SBCF,SBBR-SBCF,10:00,23,24,Atraso Leve (16-45 min),CONEX,1955,150
ANAC_003696,2024-06-20,6,Thursday,PTB,2Z 3913,SBPA,SBCT,SBPA-SBCT,19:15,16,18,Atraso Leve (16-45 min),CLIMA,1360,138
ANAC_003697,2024-11-19,11,Tuesday,AZU,AD 4085,SBRJ,SBBR,SBRJ-SBBR,21:30,0,3,Pontual (D15),PONTUAL,0,186
ANAC_003698,2024-05-18,5,Saturday,GLO,G3 1633,SBCF,SBGR,SBCF-SBGR,11:15,-9,-8,Pontual (D15),PONTUAL,0,150
ANAC_003699,2024-12-13,12,Friday,TAM,LA 1768,SBKP,SBCF,SBKP-SBCF,13:00,58,64,Atraso Moderado (46-120 min),SOLO,10880,150
ANAC_003700,2024-10-14,10,Monday,GLO,G3 3628,SBSP,SBRJ,SBSP-SBRJ,22:15,0,-7,Pontual (D15),PONTUAL,0,162
ANAC_003701,2024-05-13,5,Monday,TAM,LA 3519,SBRF,SBPA,SBRF-SBPA,07:15,86,74,Atraso Moderado (46-120 min),CONEX,13960,138
ANAC_003702,2024-06-09,6,Sunday,AZU,AD 1223,SBCF,SBKP,SBCF-SBKP,20:45,10,5,Pontual (D15),PONTUAL,0,138
ANAC_003703,2024-10-15,10,Tuesday,AZU,AD 4933,SBGR,SBPA,SBGR-SBPA,16:00,12,13,Pontual (D15),PONTUAL,0,150
ANAC_003704,2024-03-02,3,Saturday,TAM,LA 4901,SBGR,SBPA,SBGR-SBPA,12:45,9,3,Pontual (D15),PONTUAL,0,162
ANAC_003705,2024-05-28,5,Tuesday,GLO,G3 1451,SBBR,SBGR,SBBR-SBGR,06:30,-7,-10,Pontual (D15),PONTUAL,0,162
ANAC_003706,2024-04-03,4,Wednesday,TAM,LA 3687,SBRJ,SBSP,SBRJ-SBSP,15:45,-8,-7,Pontual (D15),PONTUAL,0,150
ANAC_003707,2024-03-29,3,Friday,AZU,AD 1984,SBGR,SBPA,SBGR-SBPA,10:00,-8,7,Pontual (D15),PONTUAL,0,138
ANAC_003708,2024-04-09,4,Tuesday,TAM,LA 1278,SBBR,SBGR,SBBR-SBGR,15:30,8,13,Pontual (D15),PONTUAL,0,210
ANAC_003709,2024-02-04,2,Sunday,GLO,G3 2571,SBRJ,SBPA,SBRJ-SBPA,06:00,31,28,Atraso Leve (16-45 min),CONEX,2635,138
ANAC_003710,2024-06-15,6,Saturday,GLO,G3 1860,SBRF,SBSP,SBRF-SBSP,10:15,0,-4,Pontual (D15),PONTUAL,0,150
ANAC_003711,2024-11-14,11,Thursday,AZU,AD 4326,SBRF,SBGR,SBRF-SBGR,06:00,0,0,Cancelado,MANUT,65491,150
ANAC_003712,2024-06-16,6,Sunday,TAM,LA 4260,SBSP,SBSV,SBSP-SBSV,11:00,-6,1,Pontual (D15),PONTUAL,0,174
ANAC_003713,2024-08-05,8,Monday,TAM,LA 4241,SBBR,SBGR,SBBR-SBGR,08:30,62,58,Atraso Moderado (46-120 min),CLIMA,11320,162
ANAC_003714,2024-09-02,9,Monday,TAM,LA 3177,SBRJ,SBSP,SBRJ-SBSP,18:00,36,40,Atraso Leve (16-45 min),CREW,3060,162
ANAC_003715,2024-09-13,9,Friday,PTB,2Z 1340,SBKP,SBCF,SBKP-SBCF,08:45,37,39,Atraso Leve (16-45 min),SOLO,3145,186
ANAC_003716,2024-05-02,5,Thursday,GLO,G3 4749,SBSP,SBRJ,SBSP-SBRJ,10:00,3,1,Pontual (D15),PONTUAL,0,174
ANAC_003717,2024-03-26,3,Tuesday,AZU,AD 3024,SBRF,SBBR,SBRF-SBBR,22:45,-2,1,Pontual (D15),PONTUAL,0,174
ANAC_003718,2024-12-07,12,Saturday,GLO,G3 3846,SBBR,SBSP,SBBR-SBSP,09:45,18,17,Atraso Leve (16-45 min),CONEX,1530,162
ANAC_003719,2024-09-25,9,Wednesday,GLO,G3 3025,SBCT,SBRJ,SBCT-SBRJ,17:45,-5,0,Pontual (D15),PONTUAL,0,162
ANAC_003720,2024-01-05,1,Friday,TAM,LA 4011,SBGR,SBSP,SBGR-SBSP,13:45,53,50,Atraso Moderado (46-120 min),CONEX,10330,186
ANAC_003721,2024-08-31,8,Saturday,TAM,LA 4646,SBCF,SBGL,SBCF-SBGL,13:45,80,75,Atraso Moderado (46-120 min),MANUT,13300,186
ANAC_003722,2024-05-09,5,Thursday,TAM,LA 4196,SBKP,SBCF,SBKP-SBCF,06:45,13,-6,Pontual (D15),PONTUAL,0,162
ANAC_003723,2024-03-10,3,Sunday,GLO,G3 3156,SBBR,SBGR,SBBR-SBGR,07:30,9,5,Pontual (D15),PONTUAL,0,162
ANAC_003724,2024-12-25,12,Wednesday,GLO,G3 1499,SBKP,SBRF,SBKP-SBRF,22:45,22,24,Atraso Leve (16-45 min),ATC,1870,210
ANAC_003725,2024-03-09,3,Saturday,PTB,2Z 3978,SBSV,SBKP,SBSV-SBKP,17:45,-4,13,Pontual (D15),PONTUAL,0,138
ANAC_003726,2024-06-26,6,Wednesday,GLO,G3 3766,SBSV,SBRF,SBSV-SBRF,12:30,2,0,Pontual (D15),PONTUAL,0,174
ANAC_003727,2024-09-15,9,Sunday,AZU,AD 4256,SBKP,SBCF,SBKP-SBCF,20:45,88,83,Atraso Moderado (46-120 min),CLIMA,14180,162
ANAC_003728,2024-04-25,4,Thursday,GLO,G3 1523,SBGR,SBSV,SBGR-SBSV,15:30,10,3,Pontual (D15),PONTUAL,0,210
ANAC_003729,2024-04-21,4,Sunday,GLO,G3 3736,SBCT,SBPA,SBCT-SBPA,21:15,18,18,Atraso Leve (16-45 min),CONEX,1530,162
ANAC_003730,2024-02-18,2,Sunday,GLO,G3 4800,SBKP,SBCF,SBKP-SBCF,18:45,-9,0,Pontual (D15),PONTUAL,0,174
ANAC_003731,2024-03-17,3,Sunday,TAM,LA 3298,SBBR,SBPA,SBBR-SBPA,11:15,0,0,Cancelado,CREW,51204,210
ANAC_003732,2024-11-09,11,Saturday,AZU,AD 3128,SBKP,SBRF,SBKP-SBRF,22:30,4,5,Pontual (D15),PONTUAL,0,150
ANAC_003733,2024-05-14,5,Tuesday,TAM,LA 4794,SBRF,SBCF,SBRF-SBCF,15:30,4,-2,Pontual (D15),PONTUAL,0,138
ANAC_003734,2024-06-13,6,Thursday,GLO,G3 3684,SBCF,SBKP,SBCF-SBKP,16:30,0,2,Pontual (D15),PONTUAL,0,186
ANAC_003735,2024-01-03,1,Wednesday,TAM,LA 4452,SBBR,SBGR,SBBR-SBGR,09:30,-3,-11,Pontual (D15),PONTUAL,0,138
ANAC_003736,2024-09-08,9,Sunday,GLO,G3 1682,SBCF,SBRJ,SBCF-SBRJ,10:15,13,1,Pontual (D15),PONTUAL,0,186
ANAC_003737,2024-12-03,12,Tuesday,TAM,LA 4527,SBBR,SBGR,SBBR-SBGR,09:45,10,-5,Pontual (D15),PONTUAL,0,138
ANAC_003738,2024-02-25,2,Sunday,AZU,AD 2013,SBSP,SBRJ,SBSP-SBRJ,22:30,47,45,Atraso Moderado (46-120 min),ATC,9670,138
ANAC_003739,2024-11-08,11,Friday,GLO,G3 2361,SBGR,SBCT,SBGR-SBCT,07:30,-4,-4,Pontual (D15),PONTUAL,0,162
ANAC_003740,2024-06-09,6,Sunday,TAM,LA 2895,SBGR,SBBR,SBGR-SBBR,10:45,5,6,Pontual (D15),PONTUAL,0,186
ANAC_003741,2024-07-03,7,Wednesday,GLO,G3 3125,SBSV,SBGL,SBSV-SBGL,12:45,0,-2,Pontual (D15),PONTUAL,0,174
ANAC_003742,2024-02-11,2,Sunday,TAM,LA 4784,SBKP,SBCT,SBKP-SBCT,12:30,14,-2,Pontual (D15),PONTUAL,0,210
ANAC_003743,2024-09-10,9,Tuesday,AZU,AD 3513,SBGR,SBSV,SBGR-SBSV,11:45,98,103,Atraso Moderado (46-120 min),CLIMA,15280,138
ANAC_003744,2024-06-02,6,Sunday,AZU,AD 3226,SBRJ,SBSP,SBRJ-SBSP,15:45,6,3,Pontual (D15),PONTUAL,0,174
ANAC_003745,2024-03-21,3,Thursday,AZU,AD 3929,SBBR,SBGR,SBBR-SBGR,08:15,7,-6,Pontual (D15),PONTUAL,0,162
ANAC_003746,2024-09-25,9,Wednesday,TAM,LA 4546,SBGR,SBKP,SBGR-SBKP,10:00,31,31,Atraso Leve (16-45 min),SOLO,2635,186
ANAC_003747,2024-11-01,11,Friday,TAM,LA 4239,SBSP,SBRJ,SBSP-SBRJ,08:15,2,7,Pontual (D15),PONTUAL,0,150
ANAC_003748,2024-06-09,6,Sunday,AZU,AD 2143,SBPA,SBCT,SBPA-SBCT,16:45,12,-2,Pontual (D15),PONTUAL,0,174
ANAC_003749,2024-10-22,10,Tuesday,GLO,G3 2796,SBRJ,SBKP,SBRJ-SBKP,08:15,2,-4,Pontual (D15),PONTUAL,0,174
ANAC_003750,2024-05-02,5,Thursday,AZU,AD 3739,SBKP,SBRF,SBKP-SBRF,06:00,-6,-10,Pontual (D15),PONTUAL,0,150
ANAC_003751,2024-08-23,8,Friday,GLO,G3 1818,SBGR,SBSV,SBGR-SBSV,20:15,-3,-11,Pontual (D15),PONTUAL,0,150
ANAC_003752,2024-02-03,2,Saturday,TAM,LA 3493,SBKP,SBRF,SBKP-SBRF,21:15,1,-1,Pontual (D15),PONTUAL,0,162
ANAC_003753,2024-05-26,5,Sunday,GLO,G3 3654,SBGR,SBPA,SBGR-SBPA,07:45,11,4,Pontual (D15),PONTUAL,0,150
ANAC_003754,2024-04-08,4,Monday,GLO,G3 4191,SBCF,SBKP,SBCF-SBKP,22:15,4,12,Pontual (D15),PONTUAL,0,150
ANAC_003755,2024-01-31,1,Wednesday,GLO,G3 3550,SBRJ,SBGR,SBRJ-SBGR,22:15,0,1,Pontual (D15),PONTUAL,0,186
ANAC_003756,2024-09-23,9,Monday,GLO,G3 1895,SBRF,SBSV,SBRF-SBSV,07:45,42,48,Atraso Leve (16-45 min),CONEX,3570,210
ANAC_003757,2024-10-16,10,Wednesday,TAM,LA 1445,SBGR,SBSV,SBGR-SBSV,13:45,13,5,Pontual (D15),PONTUAL,0,162
ANAC_003758,2024-12-17,12,Tuesday,TAM,LA 4309,SBGL,SBPA,SBGL-SBPA,19:45,-4,12,Pontual (D15),PONTUAL,0,210
ANAC_003759,2024-03-29,3,Friday,TAM,LA 4292,SBCF,SBRJ,SBCF-SBRJ,21:30,1,6,Pontual (D15),PONTUAL,0,138
ANAC_003760,2024-08-09,8,Friday,GLO,G3 3487,SBCF,SBKP,SBCF-SBKP,17:00,23,23,Atraso Leve (16-45 min),ATC,1955,138
ANAC_003761,2024-12-06,12,Friday,GLO,G3 4582,SBBR,SBSP,SBBR-SBSP,08:30,-7,7,Pontual (D15),PONTUAL,0,150
ANAC_003762,2024-08-11,8,Sunday,GLO,G3 1744,SBRF,SBSV,SBRF-SBSV,19:00,11,-8,Pontual (D15),PONTUAL,0,186
ANAC_003763,2024-01-21,1,Sunday,TAM,LA 2721,SBGR,SBPA,SBGR-SBPA,19:30,49,46,Atraso Moderado (46-120 min),SOLO,9890,186
ANAC_003764,2024-09-22,9,Sunday,TAM,LA 2621,SBBR,SBCF,SBBR-SBCF,09:15,18,15,Atraso Leve (16-45 min),CONEX,1530,150
ANAC_003765,2024-06-22,6,Saturday,GLO,G3 1236,SBRF,SBRJ,SBRF-SBRJ,07:45,193,216,Atraso Severo (> 120 min),MANUT,48740,186
ANAC_003766,2024-11-24,11,Sunday,AZU,AD 2458,SBGR,SBSV,SBGR-SBSV,09:15,178,201,Atraso Severo (> 120 min),MANUT,46040,174
ANAC_003767,2024-03-25,3,Monday,TAM,LA 1388,SBRJ,SBSP,SBRJ-SBSP,20:30,187,166,Atraso Severo (> 120 min),MANUT,47660,174
ANAC_003768,2024-11-30,11,Saturday,TAM,LA 4532,SBGR,SBBR,SBGR-SBBR,18:00,-2,-11,Pontual (D15),PONTUAL,0,162
ANAC_003769,2024-02-22,2,Thursday,TAM,LA 2577,SBKP,SBRF,SBKP-SBRF,11:30,5,12,Pontual (D15),PONTUAL,0,138
ANAC_003770,2024-04-10,4,Wednesday,TAM,LA 3031,SBBR,SBCF,SBBR-SBCF,22:00,66,65,Atraso Moderado (46-120 min),CLIMA,11760,138
ANAC_003771,2024-03-01,3,Friday,TAM,LA 1020,SBGR,SBSV,SBGR-SBSV,21:15,5,-9,Pontual (D15),PONTUAL,0,186
ANAC_003772,2024-09-21,9,Saturday,GLO,G3 1046,SBCF,SBKP,SBCF-SBKP,12:30,-8,4,Pontual (D15),PONTUAL,0,162
ANAC_003773,2024-01-27,1,Saturday,PTB,2Z 1085,SBGR,SBPA,SBGR-SBPA,20:00,0,0,Cancelado,CREW,73909,138
ANAC_003774,2024-08-30,8,Friday,AZU,AD 1583,SBBR,SBGR,SBBR-SBGR,12:15,14,-5,Pontual (D15),PONTUAL,0,186
ANAC_003775,2024-12-14,12,Saturday,GLO,G3 4215,SBSP,SBRJ,SBSP-SBRJ,16:15,36,36,Atraso Leve (16-45 min),CLIMA,3060,174
ANAC_003776,2024-07-24,7,Wednesday,TAM,LA 3065,SBGR,SBSV,SBGR-SBSV,15:30,-2,12,Pontual (D15),PONTUAL,0,174
ANAC_003777,2024-12-06,12,Friday,AZU,AD 3619,SBSP,SBRJ,SBSP-SBRJ,09:30,-7,7,Pontual (D15),PONTUAL,0,150
ANAC_003778,2024-06-06,6,Thursday,AZU,AD 2582,SBBR,SBCF,SBBR-SBCF,08:00,3,-7,Pontual (D15),PONTUAL,0,174
ANAC_003779,2024-03-28,3,Thursday,TAM,LA 4412,SBGL,SBRF,SBGL-SBRF,09:30,133,122,Atraso Severo (> 120 min),MANUT,37940,174
ANAC_003780,2024-07-12,7,Friday,AZU,AD 3802,SBGR,SBPA,SBGR-SBPA,20:30,7,-11,Pontual (D15),PONTUAL,0,186
ANAC_003781,2024-01-10,1,Wednesday,GLO,G3 4471,SBSV,SBCF,SBSV-SBCF,15:30,0,0,Cancelado,CREW,53288,150
ANAC_003782,2024-09-17,9,Tuesday,GLO,G3 1257,SBRF,SBGL,SBRF-SBGL,06:30,0,6,Pontual (D15),PONTUAL,0,186
ANAC_003783,2024-08-08,8,Thursday,GLO,G3 3580,SBGL,SBRJ,SBGL-SBRJ,10:15,47,43,Atraso Moderado (46-120 min),CONEX,9670,210
ANAC_003784,2024-01-14,1,Sunday,GLO,G3 3946,SBPA,SBCT,SBPA-SBCT,22:45,-2,-6,Pontual (D15),PONTUAL,0,150
ANAC_003785,2024-09-12,9,Thursday,GLO,G3 1734,SBRJ,SBPA,SBRJ-SBPA,18:45,61,57,Atraso Moderado (46-120 min),SOLO,11210,186
ANAC_003786,2024-05-01,5,Wednesday,TAM,LA 2066,SBBR,SBCF,SBBR-SBCF,22:00,14,9,Pontual (D15),PONTUAL,0,138
ANAC_003787,2024-04-22,4,Monday,PTB,2Z 3280,SBBR,SBCF,SBBR-SBCF,14:45,160,169,Atraso Severo (> 120 min),MANUT,42800,138
ANAC_003788,2024-07-30,7,Tuesday,AZU,AD 2642,SBBR,SBGR,SBBR-SBGR,15:15,4,-6,Pontual (D15),PONTUAL,0,174
ANAC_003789,2024-05-27,5,Monday,GLO,G3 4980,SBGR,SBBR,SBGR-SBBR,14:30,14,-2,Pontual (D15),PONTUAL,0,150
ANAC_003790,2024-02-07,2,Wednesday,TAM,LA 2102,SBGR,SBSV,SBGR-SBSV,06:15,5,-9,Pontual (D15),PONTUAL,0,186
ANAC_003791,2024-08-20,8,Tuesday,GLO,G3 3774,SBBR,SBKP,SBBR-SBKP,20:30,-2,0,Pontual (D15),PONTUAL,0,210
ANAC_003792,2024-02-12,2,Monday,GLO,G3 3354,SBPA,SBBR,SBPA-SBBR,16:15,-1,13,Pontual (D15),PONTUAL,0,150
ANAC_003793,2024-06-04,6,Tuesday,TAM,LA 4659,SBBR,SBCF,SBBR-SBCF,18:45,-7,10,Pontual (D15),PONTUAL,0,174
ANAC_003794,2024-03-25,3,Monday,GLO,G3 4365,SBBR,SBCF,SBBR-SBCF,12:30,12,-9,Pontual (D15),PONTUAL,0,150
ANAC_003795,2024-08-02,8,Friday,TAM,LA 2640,SBBR,SBGR,SBBR-SBGR,15:00,6,-4,Pontual (D15),PONTUAL,0,150
ANAC_003796,2024-04-17,4,Wednesday,AZU,AD 3429,SBCF,SBKP,SBCF-SBKP,20:15,-1,0,Pontual (D15),PONTUAL,0,174
ANAC_003797,2024-02-10,2,Saturday,AZU,AD 3703,SBKP,SBRF,SBKP-SBRF,20:00,32,30,Atraso Leve (16-45 min),CONEX,2720,186
ANAC_003798,2024-09-14,9,Saturday,GLO,G3 3389,SBGR,SBSV,SBGR-SBSV,08:30,44,46,Atraso Leve (16-45 min),SOLO,3740,150
ANAC_003799,2024-11-28,11,Thursday,AZU,AD 3680,SBPA,SBRJ,SBPA-SBRJ,07:00,2,-5,Pontual (D15),PONTUAL,0,186
ANAC_003800,2024-05-28,5,Tuesday,TAM,LA 3441,SBKP,SBRF,SBKP-SBRF,07:00,-1,-3,Pontual (D15),PONTUAL,0,174
ANAC_003801,2024-07-11,7,Thursday,GLO,G3 3313,SBCT,SBBR,SBCT-SBBR,19:45,67,63,Atraso Moderado (46-120 min),CONEX,11870,174
ANAC_003802,2024-03-20,3,Wednesday,TAM,LA 2651,SBBR,SBGR,SBBR-SBGR,14:00,-1,13,Pontual (D15),PONTUAL,0,150
ANAC_003803,2024-08-15,8,Thursday,GLO,G3 1741,SBGR,SBSV,SBGR-SBSV,11:30,-3,4,Pontual (D15),PONTUAL,0,162
ANAC_003804,2024-09-23,9,Monday,TAM,LA 3709,SBRJ,SBSP,SBRJ-SBSP,19:45,13,0,Pontual (D15),PONTUAL,0,138
ANAC_003805,2024-02-29,2,Thursday,TAM,LA 2015,SBBR,SBGR,SBBR-SBGR,11:00,-4,13,Pontual (D15),PONTUAL,0,210
ANAC_003806,2024-01-08,1,Monday,TAM,LA 3230,SBKP,SBCF,SBKP-SBCF,20:30,4,3,Pontual (D15),PONTUAL,0,186
ANAC_003807,2024-11-23,11,Saturday,TAM,LA 2244,SBGR,SBPA,SBGR-SBPA,08:30,7,9,Pontual (D15),PONTUAL,0,186
ANAC_003808,2024-08-13,8,Tuesday,AZU,AD 2207,SBBR,SBCF,SBBR-SBCF,06:15,3,5,Pontual (D15),PONTUAL,0,174
ANAC_003809,2024-11-29,11,Friday,GLO,G3 1104,SBCT,SBGL,SBCT-SBGL,20:45,0,-8,Pontual (D15),PONTUAL,0,138
ANAC_003810,2024-04-02,4,Tuesday,PTB,2Z 1833,SBKP,SBRF,SBKP-SBRF,07:00,4,5,Pontual (D15),PONTUAL,0,68
ANAC_003811,2024-06-06,6,Thursday,TAM,LA 1186,SBBR,SBGR,SBBR-SBGR,08:15,-6,2,Pontual (D15),PONTUAL,0,186
ANAC_003812,2024-10-01,10,Tuesday,AZU,AD 3304,SBGR,SBPA,SBGR-SBPA,19:30,39,42,Atraso Leve (16-45 min),CONEX,3315,174
ANAC_003813,2024-05-11,5,Saturday,TAM,LA 3141,SBRJ,SBSP,SBRJ-SBSP,19:00,10,-11,Pontual (D15),PONTUAL,0,210
ANAC_003814,2024-01-28,1,Sunday,TAM,LA 1316,SBSP,SBRJ,SBSP-SBRJ,20:45,17,17,Atraso Leve (16-45 min),CONEX,1445,210
ANAC_003815,2024-09-04,9,Wednesday,GLO,G3 3930,SBGR,SBGL,SBGR-SBGL,08:45,2,-10,Pontual (D15),PONTUAL,0,162
ANAC_003816,2024-06-18,6,Tuesday,TAM,LA 3532,SBCF,SBBR,SBCF-SBBR,22:15,4,1,Pontual (D15),PONTUAL,0,150
ANAC_003817,2024-07-13,7,Saturday,TAM,LA 2902,SBBR,SBCF,SBBR-SBCF,09:45,17,15,Atraso Leve (16-45 min),CONEX,1445,186
ANAC_003818,2024-06-06,6,Thursday,TAM,LA 3926,SBGR,SBSV,SBGR-SBSV,17:15,10,5,Pontual (D15),PONTUAL,0,150
ANAC_003819,2024-07-25,7,Thursday,TAM,LA 1954,SBPA,SBSP,SBPA-SBSP,08:00,126,111,Atraso Severo (> 120 min),MANUT,36680,162
ANAC_003820,2024-10-23,10,Wednesday,TAM,LA 3076,SBCF,SBKP,SBCF-SBKP,09:00,19,16,Atraso Leve (16-45 min),CONEX,1615,174
ANAC_003821,2024-10-18,10,Friday,AZU,AD 4307,SBKP,SBCF,SBKP-SBCF,07:30,-8,5,Pontual (D15),PONTUAL,0,150
ANAC_003822,2024-03-09,3,Saturday,TAM,LA 2864,SBGR,SBBR,SBGR-SBBR,12:00,-4,2,Pontual (D15),PONTUAL,0,162
ANAC_003823,2024-08-30,8,Friday,GLO,G3 2188,SBGR,SBSV,SBGR-SBSV,18:45,0,5,Pontual (D15),PONTUAL,0,162
ANAC_003824,2024-09-18,9,Wednesday,TAM,LA 1657,SBKP,SBCF,SBKP-SBCF,13:30,-3,-7,Pontual (D15),PONTUAL,0,138
ANAC_003825,2024-12-15,12,Sunday,GLO,G3 1407,SBSP,SBRJ,SBSP-SBRJ,12:45,0,0,Cancelado,MANUT,55207,162
ANAC_003826,2024-10-25,10,Friday,GLO,G3 2081,SBGR,SBPA,SBGR-SBPA,10:45,0,8,Pontual (D15),PONTUAL,0,210
ANAC_003827,2024-04-20,4,Saturday,TAM,LA 3841,SBKP,SBRF,SBKP-SBRF,14:30,8,0,Pontual (D15),PONTUAL,0,162
ANAC_003828,2024-09-18,9,Wednesday,TAM,LA 4946,SBSV,SBPA,SBSV-SBPA,18:15,11,0,Pontual (D15),PONTUAL,0,138
ANAC_003829,2024-11-02,11,Saturday,GLO,G3 1451,SBSV,SBSP,SBSV-SBSP,09:00,42,39,Atraso Leve (16-45 min),CONEX,3570,138
ANAC_003830,2024-04-03,4,Wednesday,TAM,LA 1633,SBBR,SBCF,SBBR-SBCF,19:30,-9,12,Pontual (D15),PONTUAL,0,186
ANAC_003831,2024-07-22,7,Monday,TAM,LA 2511,SBRJ,SBSP,SBRJ-SBSP,19:45,7,-10,Pontual (D15),PONTUAL,0,186
ANAC_003832,2024-05-04,5,Saturday,TAM,LA 3925,SBGR,SBPA,SBGR-SBPA,18:30,-5,5,Pontual (D15),PONTUAL,0,174
ANAC_003833,2024-03-02,3,Saturday,AZU,AD 4490,SBKP,SBRF,SBKP-SBRF,15:15,22,24,Atraso Leve (16-45 min),ATC,1870,162
ANAC_003834,2024-02-06,2,Tuesday,GLO,G3 4644,SBSP,SBRJ,SBSP-SBRJ,19:15,-8,-10,Pontual (D15),PONTUAL,0,138
ANAC_003835,2024-05-28,5,Tuesday,GLO,G3 4460,SBGL,SBRF,SBGL-SBRF,07:15,2,-6,Pontual (D15),PONTUAL,0,138
ANAC_003836,2024-05-17,5,Friday,GLO,G3 2183,SBSP,SBRJ,SBSP-SBRJ,20:15,7,7,Pontual (D15),PONTUAL,0,186
ANAC_003837,2024-03-04,3,Monday,GLO,G3 3366,SBSP,SBGL,SBSP-SBGL,20:30,110,119,Atraso Moderado (46-120 min),MANUT,16600,162
ANAC_003838,2024-04-14,4,Sunday,TAM,LA 3910,SBBR,SBCF,SBBR-SBCF,06:45,9,-11,Pontual (D15),PONTUAL,0,150
ANAC_003839,2024-08-21,8,Wednesday,GLO,G3 3828,SBBR,SBGR,SBBR-SBGR,16:45,-4,2,Pontual (D15),PONTUAL,0,174
ANAC_003840,2024-09-14,9,Saturday,AZU,AD 2320,SBGR,SBSV,SBGR-SBSV,22:15,-1,-10,Pontual (D15),PONTUAL,0,186
ANAC_003841,2024-08-04,8,Sunday,AZU,AD 4345,SBBR,SBCF,SBBR-SBCF,12:15,-1,3,Pontual (D15),PONTUAL,0,150
ANAC_003842,2024-07-08,7,Monday,TAM,LA 2423,SBCF,SBKP,SBCF-SBKP,19:15,-5,-3,Pontual (D15),PONTUAL,0,150
ANAC_003843,2024-10-05,10,Saturday,TAM,LA 1000,SBSP,SBGR,SBSP-SBGR,13:15,66,59,Atraso Moderado (46-120 min),CLIMA,11760,138
ANAC_003844,2024-12-27,12,Friday,AZU,AD 1291,SBKP,SBRF,SBKP-SBRF,11:15,-7,4,Pontual (D15),PONTUAL,0,162
ANAC_003845,2024-09-03,9,Tuesday,TAM,LA 3198,SBRF,SBKP,SBRF-SBKP,22:30,6,5,Pontual (D15),PONTUAL,0,186
ANAC_003846,2024-05-03,5,Friday,TAM,LA 2549,SBBR,SBGR,SBBR-SBGR,14:30,14,7,Pontual (D15),PONTUAL,0,138
ANAC_003847,2024-06-11,6,Tuesday,AZU,AD 2734,SBPA,SBRF,SBPA-SBRF,14:15,39,33,Atraso Leve (16-45 min),CONEX,3315,150
ANAC_003848,2024-09-07,9,Saturday,TAM,LA 4509,SBGR,SBSV,SBGR-SBSV,19:45,-3,1,Pontual (D15),PONTUAL,0,174
ANAC_003849,2024-08-27,8,Tuesday,GLO,G3 2720,SBGR,SBPA,SBGR-SBPA,11:30,6,-10,Pontual (D15),PONTUAL,0,186
ANAC_003850,2024-12-30,12,Monday,GLO,G3 1125,SBSP,SBRJ,SBSP-SBRJ,19:45,1,10,Pontual (D15),PONTUAL,0,174
ANAC_003851,2024-09-10,9,Tuesday,AZU,AD 3677,SBBR,SBGR,SBBR-SBGR,16:30,-3,7,Pontual (D15),PONTUAL,0,162
ANAC_003852,2024-11-16,11,Saturday,AZU,AD 3520,SBBR,SBGR,SBBR-SBGR,12:15,12,-1,Pontual (D15),PONTUAL,0,150
ANAC_003853,2024-08-22,8,Thursday,AZU,AD 3778,SBCF,SBKP,SBCF-SBKP,13:45,5,3,Pontual (D15),PONTUAL,0,162
ANAC_003854,2024-08-21,8,Wednesday,AZU,AD 3073,SBBR,SBGR,SBBR-SBGR,09:15,20,22,Atraso Leve (16-45 min),CONEX,1700,162
ANAC_003855,2024-03-11,3,Monday,AZU,AD 1492,SBPA,SBGR,SBPA-SBGR,06:45,-7,8,Pontual (D15),PONTUAL,0,150
ANAC_003856,2024-12-11,12,Wednesday,GLO,G3 2980,SBKP,SBGL,SBKP-SBGL,10:45,-9,8,Pontual (D15),PONTUAL,0,186
ANAC_003857,2024-09-21,9,Saturday,GLO,G3 2568,SBBR,SBCF,SBBR-SBCF,18:30,5,4,Pontual (D15),PONTUAL,0,150
ANAC_003858,2024-12-01,12,Sunday,GLO,G3 3417,SBBR,SBCF,SBBR-SBCF,18:45,11,4,Pontual (D15),PONTUAL,0,150
ANAC_003859,2024-09-29,9,Sunday,AZU,AD 4558,SBRJ,SBSP,SBRJ-SBSP,08:15,7,-5,Pontual (D15),PONTUAL,0,174
ANAC_003860,2024-08-14,8,Wednesday,AZU,AD 3800,SBGR,SBBR,SBGR-SBBR,12:45,14,2,Pontual (D15),PONTUAL,0,138
ANAC_003861,2024-02-20,2,Tuesday,GLO,G3 4351,SBCF,SBKP,SBCF-SBKP,12:00,1,7,Pontual (D15),PONTUAL,0,174
ANAC_003862,2024-03-26,3,Tuesday,TAM,LA 2420,SBKP,SBCF,SBKP-SBCF,11:45,13,10,Pontual (D15),PONTUAL,0,138
ANAC_003863,2024-08-27,8,Tuesday,GLO,G3 2010,SBRF,SBSV,SBRF-SBSV,17:45,12,0,Pontual (D15),PONTUAL,0,186
ANAC_003864,2024-09-19,9,Thursday,GLO,G3 4608,SBCF,SBCT,SBCF-SBCT,11:45,0,1,Pontual (D15),PONTUAL,0,150
ANAC_003865,2024-07-01,7,Monday,AZU,AD 2670,SBGL,SBRF,SBGL-SBRF,10:30,-7,-8,Pontual (D15),PONTUAL,0,150
ANAC_003866,2024-03-10,3,Sunday,GLO,G3 2997,SBGR,SBPA,SBGR-SBPA,16:15,22,25,Atraso Leve (16-45 min),SOLO,1870,210
ANAC_003867,2024-04-30,4,Tuesday,AZU,AD 3377,SBGR,SBPA,SBGR-SBPA,10:15,9,3,Pontual (D15),PONTUAL,0,162
ANAC_003868,2024-01-05,1,Friday,GLO,G3 1046,SBGR,SBBR,SBGR-SBBR,12:30,11,-9,Pontual (D15),PONTUAL,0,186
ANAC_003869,2024-12-30,12,Monday,GLO,G3 4492,SBBR,SBCF,SBBR-SBCF,20:30,114,100,Atraso Moderado (46-120 min),MANUT,17040,138
ANAC_003870,2024-01-03,1,Wednesday,GLO,G3 1255,SBSP,SBRJ,SBSP-SBRJ,13:00,105,106,Atraso Moderado (46-120 min),CLIMA,16050,174
ANAC_003871,2024-06-06,6,Thursday,GLO,G3 4332,SBGR,SBSV,SBGR-SBSV,12:45,0,0,Cancelado,MANUT,71174,186
ANAC_003872,2024-09-22,9,Sunday,GLO,G3 2990,SBGR,SBPA,SBGR-SBPA,11:30,-5,4,Pontual (D15),PONTUAL,0,162
ANAC_003873,2024-01-17,1,Wednesday,AZU,AD 4540,SBKP,SBCF,SBKP-SBCF,18:00,-1,0,Pontual (D15),PONTUAL,0,186
ANAC_003874,2024-07-07,7,Sunday,GLO,G3 2307,SBGR,SBBR,SBGR-SBBR,16:15,0,0,Cancelado,MANUT,52113,174
ANAC_003875,2024-02-05,2,Monday,AZU,AD 1629,SBGL,SBPA,SBGL-SBPA,17:45,8,7,Pontual (D15),PONTUAL,0,174
ANAC_003876,2024-08-10,8,Saturday,AZU,AD 4449,SBPA,SBRF,SBPA-SBRF,13:15,0,-11,Pontual (D15),PONTUAL,0,138
ANAC_003877,2024-10-01,10,Tuesday,GLO,G3 4220,SBGR,SBPA,SBGR-SBPA,16:15,-5,-8,Pontual (D15),PONTUAL,0,162
ANAC_003878,2024-07-15,7,Monday,PTB,2Z 3280,SBRJ,SBSP,SBRJ-SBSP,17:30,14,11,Pontual (D15),PONTUAL,0,138
ANAC_003879,2024-09-24,9,Tuesday,GLO,G3 1210,SBSV,SBBR,SBSV-SBBR,12:45,-7,8,Pontual (D15),PONTUAL,0,210
ANAC_003880,2024-09-15,9,Sunday,PTB,2Z 4991,SBCF,SBKP,SBCF-SBKP,15:45,64,60,Atraso Moderado (46-120 min),CLIMA,11540,186
ANAC_003881,2024-10-16,10,Wednesday,GLO,G3 4295,SBGR,SBSV,SBGR-SBSV,10:00,4,1,Pontual (D15),PONTUAL,0,150
ANAC_003882,2024-02-20,2,Tuesday,GLO,G3 1888,SBGR,SBPA,SBGR-SBPA,20:45,109,98,Atraso Moderado (46-120 min),CLIMA,16490,150
ANAC_003883,2024-01-02,1,Tuesday,GLO,G3 4386,SBKP,SBCF,SBKP-SBCF,19:30,44,48,Atraso Leve (16-45 min),CREW,3740,162
ANAC_003884,2024-03-23,3,Saturday,AZU,AD 3778,SBCF,SBKP,SBCF-SBKP,17:15,9,-8,Pontual (D15),PONTUAL,0,210
ANAC_003885,2024-01-19,1,Friday,TAM,LA 1863,SBGR,SBBR,SBGR-SBBR,16:30,52,44,Atraso Moderado (46-120 min),CREW,10220,186
ANAC_003886,2024-02-13,2,Tuesday,TAM,LA 1555,SBPA,SBGR,SBPA-SBGR,22:30,0,2,Pontual (D15),PONTUAL,0,210
ANAC_003887,2024-08-28,8,Wednesday,GLO,G3 3770,SBKP,SBRF,SBKP-SBRF,11:45,-8,0,Pontual (D15),PONTUAL,0,162
ANAC_003888,2024-09-29,9,Sunday,GLO,G3 1089,SBGR,SBBR,SBGR-SBBR,12:30,-8,-4,Pontual (D15),PONTUAL,0,210
ANAC_003889,2024-04-01,4,Monday,GLO,G3 4979,SBBR,SBGR,SBBR-SBGR,19:00,1,-9,Pontual (D15),PONTUAL,0,162
ANAC_003890,2024-01-21,1,Sunday,TAM,LA 1857,SBKP,SBCF,SBKP-SBCF,19:00,35,35,Atraso Leve (16-45 min),ATC,2975,162
ANAC_003891,2024-11-12,11,Tuesday,AZU,AD 1351,SBBR,SBGR,SBBR-SBGR,20:15,0,-8,Pontual (D15),PONTUAL,0,162
ANAC_003892,2024-01-23,1,Tuesday,GLO,G3 4536,SBGR,SBCF,SBGR-SBCF,18:45,-9,-9,Pontual (D15),PONTUAL,0,210
ANAC_003893,2024-11-05,11,Tuesday,TAM,LA 1280,SBGR,SBBR,SBGR-SBBR,13:15,-3,5,Pontual (D15),PONTUAL,0,210
ANAC_003894,2024-06-27,6,Thursday,TAM,LA 4933,SBRJ,SBSP,SBRJ-SBSP,20:45,68,63,Atraso Moderado (46-120 min),CONEX,11980,210
ANAC_003895,2024-12-24,12,Tuesday,TAM,LA 3916,SBSP,SBRJ,SBSP-SBRJ,10:30,13,13,Pontual (D15),PONTUAL,0,150
ANAC_003896,2024-07-16,7,Tuesday,TAM,LA 4995,SBGL,SBPA,SBGL-SBPA,18:00,-2,3,Pontual (D15),PONTUAL,0,150
ANAC_003897,2024-11-18,11,Monday,PTB,2Z 3995,SBCF,SBRJ,SBCF-SBRJ,09:00,3,-3,Pontual (D15),PONTUAL,0,210
ANAC_003898,2024-01-19,1,Friday,PTB,2Z 3199,SBSV,SBGR,SBSV-SBGR,19:00,72,80,Atraso Moderado (46-120 min),CONEX,12420,68
ANAC_003899,2024-09-02,9,Monday,TAM,LA 3259,SBCF,SBGR,SBCF-SBGR,17:15,32,34,Atraso Leve (16-45 min),CONEX,2720,150
ANAC_003900,2024-10-10,10,Thursday,TAM,LA 1027,SBBR,SBCF,SBBR-SBCF,15:00,31,30,Atraso Leve (16-45 min),SOLO,2635,162
ANAC_003901,2024-03-24,3,Sunday,TAM,LA 3648,SBPA,SBCF,SBPA-SBCF,06:45,-3,-6,Pontual (D15),PONTUAL,0,186
ANAC_003902,2024-06-12,6,Wednesday,GLO,G3 1336,SBCF,SBKP,SBCF-SBKP,14:30,11,-2,Pontual (D15),PONTUAL,0,162
ANAC_003903,2024-09-16,9,Monday,AZU,AD 1216,SBBR,SBCF,SBBR-SBCF,20:00,-7,1,Pontual (D15),PONTUAL,0,150
ANAC_003904,2024-09-03,9,Tuesday,TAM,LA 3686,SBKP,SBSP,SBKP-SBSP,10:30,10,-3,Pontual (D15),PONTUAL,0,162
ANAC_003905,2024-06-21,6,Friday,GLO,G3 3264,SBBR,SBGR,SBBR-SBGR,11:00,-2,-4,Pontual (D15),PONTUAL,0,210
ANAC_003906,2024-03-14,3,Thursday,GLO,G3 2393,SBCT,SBSV,SBCT-SBSV,14:30,-5,-1,Pontual (D15),PONTUAL,0,138
ANAC_003907,2024-09-23,9,Monday,TAM,LA 1111,SBSP,SBRJ,SBSP-SBRJ,17:45,130,111,Atraso Severo (> 120 min),MANUT,37400,138
ANAC_003908,2024-11-10,11,Sunday,TAM,LA 3824,SBGR,SBBR,SBGR-SBBR,22:45,66,74,Atraso Moderado (46-120 min),CLIMA,11760,162
ANAC_003909,2024-12-14,12,Saturday,AZU,AD 2036,SBKP,SBCF,SBKP-SBCF,08:45,0,0,Cancelado,CREW,52870,174
ANAC_003910,2024-04-11,4,Thursday,TAM,LA 3020,SBKP,SBRJ,SBKP-SBRJ,16:15,3,7,Pontual (D15),PONTUAL,0,150
ANAC_003911,2024-11-17,11,Sunday,AZU,AD 2983,SBRJ,SBBR,SBRJ-SBBR,21:00,13,1,Pontual (D15),PONTUAL,0,174
ANAC_003912,2024-08-21,8,Wednesday,PTB,2Z 1703,SBRJ,SBSP,SBRJ-SBSP,22:30,-8,-1,Pontual (D15),PONTUAL,0,210
ANAC_003913,2024-06-20,6,Thursday,TAM,LA 1195,SBKP,SBRF,SBKP-SBRF,13:15,13,9,Pontual (D15),PONTUAL,0,150
ANAC_003914,2024-08-28,8,Wednesday,TAM,LA 2207,SBRJ,SBSV,SBRJ-SBSV,16:00,-3,-8,Pontual (D15),PONTUAL,0,138
ANAC_003915,2024-01-08,1,Monday,AZU,AD 2574,SBKP,SBRF,SBKP-SBRF,07:00,65,67,Atraso Moderado (46-120 min),CONEX,11650,210
ANAC_003916,2024-04-08,4,Monday,TAM,LA 2555,SBKP,SBRF,SBKP-SBRF,06:30,-1,-5,Pontual (D15),PONTUAL,0,138
ANAC_003917,2024-07-08,7,Monday,TAM,LA 1761,SBSV,SBSP,SBSV-SBSP,17:30,1,-7,Pontual (D15),PONTUAL,0,174
ANAC_003918,2024-03-19,3,Tuesday,TAM,LA 3322,SBCF,SBKP,SBCF-SBKP,06:15,14,13,Pontual (D15),PONTUAL,0,162
ANAC_003919,2024-06-21,6,Friday,GLO,G3 4282,SBCT,SBSV,SBCT-SBSV,07:00,13,-8,Pontual (D15),PONTUAL,0,186
ANAC_003920,2024-11-21,11,Thursday,TAM,LA 3448,SBKP,SBGL,SBKP-SBGL,08:30,-7,3,Pontual (D15),PONTUAL,0,174
ANAC_003921,2024-11-04,11,Monday,TAM,LA 1966,SBBR,SBCF,SBBR-SBCF,16:30,90,92,Atraso Moderado (46-120 min),CLIMA,14400,138
ANAC_003922,2024-09-01,9,Sunday,TAM,LA 1653,SBCF,SBKP,SBCF-SBKP,22:15,28,28,Atraso Leve (16-45 min),CONEX,2380,150
ANAC_003923,2024-01-31,1,Wednesday,TAM,LA 3038,SBBR,SBGR,SBBR-SBGR,15:45,14,3,Pontual (D15),PONTUAL,0,210
ANAC_003924,2024-01-21,1,Sunday,TAM,LA 1952,SBRJ,SBGR,SBRJ-SBGR,09:15,-4,-1,Pontual (D15),PONTUAL,0,150
ANAC_003925,2024-07-08,7,Monday,TAM,LA 1959,SBGR,SBBR,SBGR-SBBR,10:30,10,11,Pontual (D15),PONTUAL,0,174
ANAC_003926,2024-05-20,5,Monday,TAM,LA 2574,SBSP,SBSV,SBSP-SBSV,17:15,-7,8,Pontual (D15),PONTUAL,0,138
ANAC_003927,2024-11-29,11,Friday,AZU,AD 3713,SBKP,SBRF,SBKP-SBRF,18:00,81,81,Atraso Moderado (46-120 min),CONEX,13410,174
ANAC_003928,2024-08-14,8,Wednesday,TAM,LA 2125,SBGR,SBSV,SBGR-SBSV,21:00,-7,-1,Pontual (D15),PONTUAL,0,162
ANAC_003929,2024-09-25,9,Wednesday,TAM,LA 4069,SBKP,SBGL,SBKP-SBGL,18:45,34,34,Atraso Leve (16-45 min),SOLO,2890,150
ANAC_003930,2024-12-13,12,Friday,AZU,AD 3260,SBRJ,SBSP,SBRJ-SBSP,12:00,4,8,Pontual (D15),PONTUAL,0,138
ANAC_003931,2024-01-03,1,Wednesday,GLO,G3 2983,SBCF,SBKP,SBCF-SBKP,15:30,19,17,Atraso Leve (16-45 min),CONEX,1615,174
ANAC_003932,2024-10-23,10,Wednesday,GLO,G3 2075,SBGR,SBSV,SBGR-SBSV,13:45,98,91,Atraso Moderado (46-120 min),CONEX,15280,162
ANAC_003933,2024-07-27,7,Saturday,TAM,LA 4727,SBGL,SBGR,SBGL-SBGR,22:30,14,-4,Pontual (D15),PONTUAL,0,186
ANAC_003934,2024-09-22,9,Sunday,GLO,G3 2242,SBGR,SBBR,SBGR-SBBR,11:15,40,38,Atraso Leve (16-45 min),CONEX,3400,186
ANAC_003935,2024-11-28,11,Thursday,TAM,LA 4244,SBGR,SBBR,SBGR-SBBR,11:30,14,-6,Pontual (D15),PONTUAL,0,210
ANAC_003936,2024-02-05,2,Monday,AZU,AD 1412,SBGR,SBPA,SBGR-SBPA,16:30,-4,-6,Pontual (D15),PONTUAL,0,186
ANAC_003937,2024-05-03,5,Friday,GLO,G3 2223,SBSV,SBCF,SBSV-SBCF,22:30,-9,-5,Pontual (D15),PONTUAL,0,174
ANAC_003938,2024-06-04,6,Tuesday,GLO,G3 4594,SBGR,SBPA,SBGR-SBPA,18:45,68,74,Atraso Moderado (46-120 min),CONEX,11980,162
ANAC_003939,2024-06-29,6,Saturday,GLO,G3 1720,SBGL,SBRJ,SBGL-SBRJ,15:00,5,9,Pontual (D15),PONTUAL,0,138
ANAC_003940,2024-05-22,5,Wednesday,AZU,AD 2852,SBGR,SBCT,SBGR-SBCT,20:30,18,20,Atraso Leve (16-45 min),ATC,1530,162
ANAC_003941,2024-09-23,9,Monday,TAM,LA 1944,SBCF,SBKP,SBCF-SBKP,21:15,166,148,Atraso Severo (> 120 min),CLIMA,43880,150
ANAC_003942,2024-03-07,3,Thursday,AZU,AD 1810,SBPA,SBKP,SBPA-SBKP,21:30,0,7,Pontual (D15),PONTUAL,0,150
ANAC_003943,2024-09-08,9,Sunday,AZU,AD 1496,SBBR,SBGR,SBBR-SBGR,10:15,1,-7,Pontual (D15),PONTUAL,0,162
ANAC_003944,2024-01-07,1,Sunday,GLO,G3 2725,SBKP,SBCF,SBKP-SBCF,21:15,1,-11,Pontual (D15),PONTUAL,0,174
ANAC_003945,2024-12-30,12,Monday,GLO,G3 3360,SBRJ,SBSP,SBRJ-SBSP,09:00,184,174,Atraso Severo (> 120 min),CONEX,47120,138
ANAC_003946,2024-01-29,1,Monday,TAM,LA 1151,SBGR,SBSV,SBGR-SBSV,15:30,-5,-4,Pontual (D15),PONTUAL,0,162
ANAC_003947,2024-07-14,7,Sunday,GLO,G3 4456,SBRF,SBCF,SBRF-SBCF,12:30,-4,-4,Pontual (D15),PONTUAL,0,210
ANAC_003948,2024-01-16,1,Tuesday,AZU,AD 1980,SBGR,SBBR,SBGR-SBBR,06:15,-5,-7,Pontual (D15),PONTUAL,0,174
ANAC_003949,2024-10-03,10,Thursday,AZU,AD 4417,SBCF,SBKP,SBCF-SBKP,20:30,-4,5,Pontual (D15),PONTUAL,0,162
ANAC_003950,2024-06-11,6,Tuesday,TAM,LA 1170,SBCF,SBKP,SBCF-SBKP,19:30,50,47,Atraso Moderado (46-120 min),CREW,10000,138
ANAC_003951,2024-03-29,3,Friday,TAM,LA 1417,SBRJ,SBCF,SBRJ-SBCF,18:15,98,102,Atraso Moderado (46-120 min),CLIMA,15280,162
ANAC_003952,2024-11-13,11,Wednesday,AZU,AD 1821,SBCF,SBCT,SBCF-SBCT,09:45,14,-4,Pontual (D15),PONTUAL,0,162
ANAC_003953,2024-07-19,7,Friday,TAM,LA 1732,SBGR,SBBR,SBGR-SBBR,18:15,0,1,Pontual (D15),PONTUAL,0,150
ANAC_003954,2024-01-20,1,Saturday,TAM,LA 1452,SBGR,SBPA,SBGR-SBPA,21:15,0,5,Pontual (D15),PONTUAL,0,162
ANAC_003955,2024-03-26,3,Tuesday,GLO,G3 1749,SBCF,SBKP,SBCF-SBKP,09:30,40,42,Atraso Leve (16-45 min),SOLO,3400,186
ANAC_003956,2024-10-18,10,Friday,GLO,G3 1626,SBCT,SBKP,SBCT-SBKP,20:00,59,51,Atraso Moderado (46-120 min),ATC,10990,210
ANAC_003957,2024-11-25,11,Monday,TAM,LA 4927,SBSV,SBSP,SBSV-SBSP,18:15,-1,-9,Pontual (D15),PONTUAL,0,186
ANAC_003958,2024-09-07,9,Saturday,GLO,G3 4310,SBRF,SBPA,SBRF-SBPA,07:00,13,-11,Pontual (D15),PONTUAL,0,138
ANAC_003959,2024-07-04,7,Thursday,TAM,LA 3228,SBCF,SBKP,SBCF-SBKP,07:00,163,148,Atraso Severo (> 120 min),CLIMA,43340,138
ANAC_003960,2024-12-06,12,Friday,GLO,G3 3882,SBGR,SBSV,SBGR-SBSV,09:30,57,52,Atraso Moderado (46-120 min),CLIMA,10770,174
ANAC_003961,2024-02-03,2,Saturday,GLO,G3 4190,SBCF,SBKP,SBCF-SBKP,10:00,97,92,Atraso Moderado (46-120 min),CLIMA,15170,162
ANAC_003962,2024-08-02,8,Friday,AZU,AD 4355,SBKP,SBRF,SBKP-SBRF,18:45,3,6,Pontual (D15),PONTUAL,0,150
ANAC_003963,2024-02-14,2,Wednesday,GLO,G3 1471,SBRF,SBGR,SBRF-SBGR,21:00,-7,7,Pontual (D15),PONTUAL,0,174
ANAC_003964,2024-04-18,4,Thursday,GLO,G3 3264,SBGR,SBSV,SBGR-SBSV,20:00,-2,0,Pontual (D15),PONTUAL,0,162
ANAC_003965,2024-10-19,10,Saturday,GLO,G3 2742,SBCF,SBRF,SBCF-SBRF,19:00,0,13,Pontual (D15),PONTUAL,0,210
ANAC_003966,2024-09-20,9,Friday,TAM,LA 3546,SBBR,SBCF,SBBR-SBCF,07:30,6,8,Pontual (D15),PONTUAL,0,210
ANAC_003967,2024-10-29,10,Tuesday,TAM,LA 1505,SBSP,SBGR,SBSP-SBGR,16:45,-7,11,Pontual (D15),PONTUAL,0,174
ANAC_003968,2024-11-17,11,Sunday,GLO,G3 4389,SBCF,SBSP,SBCF-SBSP,10:00,-8,11,Pontual (D15),PONTUAL,0,210
ANAC_003969,2024-08-10,8,Saturday,GLO,G3 3067,SBRJ,SBSP,SBRJ-SBSP,15:30,19,21,Atraso Leve (16-45 min),CONEX,1615,162
ANAC_003970,2024-10-06,10,Sunday,TAM,LA 1387,SBKP,SBRF,SBKP-SBRF,21:00,48,47,Atraso Moderado (46-120 min),CLIMA,9780,174
ANAC_003971,2024-01-09,1,Tuesday,TAM,LA 2666,SBSP,SBGL,SBSP-SBGL,18:15,3,10,Pontual (D15),PONTUAL,0,210
ANAC_003972,2024-06-01,6,Saturday,GLO,G3 2871,SBGR,SBPA,SBGR-SBPA,09:45,20,18,Atraso Leve (16-45 min),SOLO,1700,150
ANAC_003973,2024-10-05,10,Saturday,GLO,G3 1802,SBPA,SBSP,SBPA-SBSP,14:45,11,-1,Pontual (D15),PONTUAL,0,138
ANAC_003974,2024-04-19,4,Friday,GLO,G3 2144,SBBR,SBGR,SBBR-SBGR,18:30,-7,9,Pontual (D15),PONTUAL,0,138
ANAC_003975,2024-10-22,10,Tuesday,TAM,LA 1066,SBCF,SBKP,SBCF-SBKP,12:15,6,-2,Pontual (D15),PONTUAL,0,174
ANAC_003976,2024-02-27,2,Tuesday,AZU,AD 1733,SBBR,SBGR,SBBR-SBGR,14:15,12,4,Pontual (D15),PONTUAL,0,210
ANAC_003977,2024-01-21,1,Sunday,TAM,LA 3704,SBKP,SBRF,SBKP-SBRF,10:00,-6,11,Pontual (D15),PONTUAL,0,162
ANAC_003978,2024-08-10,8,Saturday,TAM,LA 4225,SBGR,SBPA,SBGR-SBPA,06:30,37,41,Atraso Leve (16-45 min),CONEX,3145,150
ANAC_003979,2024-01-05,1,Friday,GLO,G3 1088,SBRJ,SBSP,SBRJ-SBSP,22:15,11,2,Pontual (D15),PONTUAL,0,186
ANAC_003980,2024-12-28,12,Saturday,GLO,G3 1482,SBBR,SBCF,SBBR-SBCF,17:30,62,63,Atraso Moderado (46-120 min),CONEX,11320,210
ANAC_003981,2024-10-01,10,Tuesday,TAM,LA 4549,SBRJ,SBBR,SBRJ-SBBR,22:45,0,2,Pontual (D15),PONTUAL,0,210
ANAC_003982,2024-03-14,3,Thursday,TAM,LA 4158,SBRJ,SBSP,SBRJ-SBSP,15:30,41,38,Atraso Leve (16-45 min),ATC,3485,138
ANAC_003983,2024-09-06,9,Friday,GLO,G3 1814,SBGR,SBSV,SBGR-SBSV,14:00,-9,-6,Pontual (D15),PONTUAL,0,186
ANAC_003984,2024-09-03,9,Tuesday,GLO,G3 2307,SBGL,SBRF,SBGL-SBRF,22:45,-2,11,Pontual (D15),PONTUAL,0,210
ANAC_003985,2024-03-05,3,Tuesday,GLO,G3 1877,SBCF,SBKP,SBCF-SBKP,15:15,9,-4,Pontual (D15),PONTUAL,0,150
ANAC_003986,2024-07-24,7,Wednesday,TAM,LA 4705,SBGR,SBSV,SBGR-SBSV,09:15,54,59,Atraso Moderado (46-120 min),ATC,10440,174
ANAC_003987,2024-02-13,2,Tuesday,PTB,2Z 4743,SBRJ,SBSP,SBRJ-SBSP,11:15,9,8,Pontual (D15),PONTUAL,0,138
ANAC_003988,2024-12-27,12,Friday,GLO,G3 2912,SBKP,SBCF,SBKP-SBCF,19:30,6,13,Pontual (D15),PONTUAL,0,162
ANAC_003989,2024-05-15,5,Wednesday,AZU,AD 1396,SBRJ,SBPA,SBRJ-SBPA,07:45,8,5,Pontual (D15),PONTUAL,0,210
ANAC_003990,2024-04-26,4,Friday,AZU,AD 2497,SBSP,SBBR,SBSP-SBBR,20:00,-9,-10,Pontual (D15),PONTUAL,0,162
ANAC_003991,2024-01-08,1,Monday,TAM,LA 1222,SBSV,SBCT,SBSV-SBCT,20:30,4,-9,Pontual (D15),PONTUAL,0,138
ANAC_003992,2024-10-11,10,Friday,TAM,LA 2889,SBGR,SBSV,SBGR-SBSV,14:45,9,1,Pontual (D15),PONTUAL,0,162
ANAC_003993,2024-10-22,10,Tuesday,TAM,LA 3515,SBGR,SBKP,SBGR-SBKP,10:45,-8,8,Pontual (D15),PONTUAL,0,162
ANAC_003994,2024-05-17,5,Friday,AZU,AD 2014,SBSP,SBKP,SBSP-SBKP,06:45,13,7,Pontual (D15),PONTUAL,0,150
ANAC_003995,2024-06-15,6,Saturday,GLO,G3 1123,SBBR,SBGR,SBBR-SBGR,16:45,-5,2,Pontual (D15),PONTUAL,0,162
ANAC_003996,2024-07-17,7,Wednesday,GLO,G3 4264,SBPA,SBGL,SBPA-SBGL,20:30,30,28,Atraso Leve (16-45 min),CREW,2550,210
ANAC_003997,2024-09-19,9,Thursday,GLO,G3 2665,SBSP,SBRJ,SBSP-SBRJ,21:45,22,22,Atraso Leve (16-45 min),CONEX,1870,162
ANAC_003998,2024-08-29,8,Thursday,AZU,AD 4380,SBRJ,SBSP,SBRJ-SBSP,09:15,84,94,Atraso Moderado (46-120 min),CLIMA,13740,138
ANAC_003999,2024-02-27,2,Tuesday,AZU,AD 2367,SBRJ,SBSP,SBRJ-SBSP,15:15,7,-2,Pontual (D15),PONTUAL,0,174
ANAC_004000,2024-08-14,8,Wednesday,GLO,G3 1334,SBRF,SBRJ,SBRF-SBRJ,12:00,1,11,Pontual (D15),PONTUAL,0,162
ANAC_004001,2024-01-03,1,Wednesday,AZU,AD 4106,SBKP,SBCF,SBKP-SBCF,13:15,3,-9,Pontual (D15),PONTUAL,0,150
ANAC_004002,2024-11-06,11,Wednesday,AZU,AD 2174,SBSP,SBRJ,SBSP-SBRJ,18:15,2,-8,Pontual (D15),PONTUAL,0,186
ANAC_004003,2024-04-16,4,Tuesday,TAM,LA 3258,SBPA,SBSP,SBPA-SBSP,15:00,-7,-4,Pontual (D15),PONTUAL,0,162
ANAC_004004,2024-08-04,8,Sunday,AZU,AD 3532,SBRF,SBGR,SBRF-SBGR,06:45,11,13,Pontual (D15),PONTUAL,0,162
ANAC_004005,2024-05-22,5,Wednesday,AZU,AD 2451,SBKP,SBRF,SBKP-SBRF,18:30,7,-4,Pontual (D15),PONTUAL,0,210
ANAC_004006,2024-03-07,3,Thursday,GLO,G3 3200,SBRJ,SBSP,SBRJ-SBSP,18:15,6,-4,Pontual (D15),PONTUAL,0,174
ANAC_004007,2024-03-17,3,Sunday,TAM,LA 4753,SBSV,SBRJ,SBSV-SBRJ,20:15,-1,4,Pontual (D15),PONTUAL,0,150
ANAC_004008,2024-08-07,8,Wednesday,GLO,G3 2605,SBGR,SBSV,SBGR-SBSV,20:30,3,6,Pontual (D15),PONTUAL,0,162
ANAC_004009,2024-02-27,2,Tuesday,GLO,G3 4465,SBSP,SBRJ,SBSP-SBRJ,18:30,83,71,Atraso Moderado (46-120 min),MANUT,13630,210
ANAC_004010,2024-11-30,11,Saturday,GLO,G3 1225,SBRJ,SBRF,SBRJ-SBRF,20:15,-8,7,Pontual (D15),PONTUAL,0,210
ANAC_004011,2024-04-10,4,Wednesday,TAM,LA 4543,SBSP,SBRJ,SBSP-SBRJ,07:00,2,6,Pontual (D15),PONTUAL,0,138
ANAC_004012,2024-11-08,11,Friday,GLO,G3 4243,SBPA,SBSP,SBPA-SBSP,21:30,0,9,Pontual (D15),PONTUAL,0,150
ANAC_004013,2024-07-07,7,Sunday,TAM,LA 1098,SBBR,SBCF,SBBR-SBCF,22:15,-5,10,Pontual (D15),PONTUAL,0,138
ANAC_004014,2024-08-04,8,Sunday,AZU,AD 1099,SBKP,SBRF,SBKP-SBRF,11:30,12,-10,Pontual (D15),PONTUAL,0,186
ANAC_004015,2024-06-01,6,Saturday,AZU,AD 2046,SBBR,SBGR,SBBR-SBGR,09:00,-3,11,Pontual (D15),PONTUAL,0,150
ANAC_004016,2024-07-07,7,Sunday,TAM,LA 2639,SBSP,SBRJ,SBSP-SBRJ,07:15,57,48,Atraso Moderado (46-120 min),CLIMA,10770,174
ANAC_004017,2024-06-30,6,Sunday,TAM,LA 4425,SBSP,SBRJ,SBSP-SBRJ,18:00,6,0,Pontual (D15),PONTUAL,0,174
ANAC_004018,2024-08-28,8,Wednesday,GLO,G3 4540,SBKP,SBRF,SBKP-SBRF,13:30,10,-9,Pontual (D15),PONTUAL,0,186
ANAC_004019,2024-01-10,1,Wednesday,AZU,AD 2825,SBSP,SBRJ,SBSP-SBRJ,07:30,129,141,Atraso Severo (> 120 min),MANUT,37220,138
ANAC_004020,2024-07-27,7,Saturday,TAM,LA 2571,SBKP,SBCF,SBKP-SBCF,19:15,102,113,Atraso Moderado (46-120 min),CLIMA,15720,138
ANAC_004021,2024-05-29,5,Wednesday,TAM,LA 1134,SBGR,SBKP,SBGR-SBKP,13:30,-4,-5,Pontual (D15),PONTUAL,0,150
ANAC_004022,2024-10-31,10,Thursday,TAM,LA 1198,SBKP,SBSV,SBKP-SBSV,10:30,69,73,Atraso Moderado (46-120 min),MANUT,12090,150
ANAC_004023,2024-08-26,8,Monday,TAM,LA 2733,SBBR,SBKP,SBBR-SBKP,20:00,66,59,Atraso Moderado (46-120 min),CONEX,11760,150
ANAC_004024,2024-12-18,12,Wednesday,AZU,AD 4794,SBSV,SBBR,SBSV-SBBR,10:15,9,4,Pontual (D15),PONTUAL,0,138
ANAC_004025,2024-10-05,10,Saturday,TAM,LA 4232,SBRJ,SBSP,SBRJ-SBSP,19:15,94,102,Atraso Moderado (46-120 min),MANUT,14840,162
ANAC_004026,2024-08-16,8,Friday,AZU,AD 3218,SBRF,SBRJ,SBRF-SBRJ,10:00,-4,-7,Pontual (D15),PONTUAL,0,138
ANAC_004027,2024-08-03,8,Saturday,TAM,LA 2071,SBSV,SBBR,SBSV-SBBR,15:30,-8,11,Pontual (D15),PONTUAL,0,210
ANAC_004028,2024-10-12,10,Saturday,TAM,LA 4195,SBGR,SBBR,SBGR-SBBR,13:45,-5,-8,Pontual (D15),PONTUAL,0,210
ANAC_004029,2024-09-19,9,Thursday,GLO,G3 1622,SBSV,SBCF,SBSV-SBCF,18:30,13,-7,Pontual (D15),PONTUAL,0,162
ANAC_004030,2024-03-10,3,Sunday,GLO,G3 3928,SBBR,SBCF,SBBR-SBCF,10:45,-2,-11,Pontual (D15),PONTUAL,0,162
ANAC_004031,2024-11-14,11,Thursday,AZU,AD 1705,SBKP,SBRF,SBKP-SBRF,22:45,-9,-8,Pontual (D15),PONTUAL,0,186
ANAC_004032,2024-03-31,3,Sunday,AZU,AD 1100,SBBR,SBGR,SBBR-SBGR,17:15,-2,-7,Pontual (D15),PONTUAL,0,162
ANAC_004033,2024-10-05,10,Saturday,GLO,G3 1239,SBSP,SBRJ,SBSP-SBRJ,22:00,110,98,Atraso Moderado (46-120 min),CONEX,16600,210
ANAC_004034,2024-05-07,5,Tuesday,TAM,LA 1043,SBSV,SBGR,SBSV-SBGR,07:45,97,110,Atraso Moderado (46-120 min),CLIMA,15170,162
ANAC_004035,2024-03-23,3,Saturday,GLO,G3 2658,SBSV,SBRF,SBSV-SBRF,10:45,0,8,Pontual (D15),PONTUAL,0,186
ANAC_004036,2024-12-23,12,Monday,TAM,LA 4470,SBBR,SBGR,SBBR-SBGR,19:00,-1,0,Pontual (D15),PONTUAL,0,138
ANAC_004037,2024-05-10,5,Friday,GLO,G3 1003,SBGR,SBBR,SBGR-SBBR,08:30,6,10,Pontual (D15),PONTUAL,0,174
ANAC_004038,2024-08-14,8,Wednesday,TAM,LA 4668,SBGR,SBBR,SBGR-SBBR,16:30,52,58,Atraso Moderado (46-120 min),ATC,10220,174
ANAC_004039,2024-03-02,3,Saturday,AZU,AD 3732,SBGR,SBSV,SBGR-SBSV,18:45,2,10,Pontual (D15),PONTUAL,0,138
ANAC_004040,2024-02-01,2,Thursday,GLO,G3 2377,SBGR,SBBR,SBGR-SBBR,07:00,0,-3,Pontual (D15),PONTUAL,0,210
ANAC_004041,2024-01-19,1,Friday,GLO,G3 1878,SBRF,SBRJ,SBRF-SBRJ,14:15,14,0,Pontual (D15),PONTUAL,0,174
ANAC_004042,2024-09-18,9,Wednesday,GLO,G3 1098,SBGL,SBRF,SBGL-SBRF,16:45,31,34,Atraso Leve (16-45 min),CONEX,2635,138
ANAC_004043,2024-01-23,1,Tuesday,AZU,AD 2323,SBGR,SBBR,SBGR-SBBR,17:00,0,2,Pontual (D15),PONTUAL,0,150
ANAC_004044,2024-03-26,3,Tuesday,GLO,G3 4933,SBBR,SBCT,SBBR-SBCT,08:15,120,115,Atraso Moderado (46-120 min),MANUT,17700,174
ANAC_004045,2024-03-29,3,Friday,TAM,LA 2309,SBBR,SBCF,SBBR-SBCF,15:00,-7,8,Pontual (D15),PONTUAL,0,162
ANAC_004046,2024-01-12,1,Friday,GLO,G3 1396,SBBR,SBGR,SBBR-SBGR,13:30,5,4,Pontual (D15),PONTUAL,0,210
ANAC_004047,2024-02-13,2,Tuesday,AZU,AD 4543,SBBR,SBCF,SBBR-SBCF,10:00,-8,6,Pontual (D15),PONTUAL,0,210
ANAC_004048,2024-05-01,5,Wednesday,AZU,AD 2582,SBCF,SBKP,SBCF-SBKP,18:00,16,14,Atraso Leve (16-45 min),SOLO,1360,174
ANAC_004049,2024-05-31,5,Friday,TAM,LA 3347,SBCF,SBRF,SBCF-SBRF,19:15,4,11,Pontual (D15),PONTUAL,0,174
ANAC_004050,2024-09-03,9,Tuesday,AZU,AD 4295,SBGR,SBPA,SBGR-SBPA,18:00,1,0,Pontual (D15),PONTUAL,0,150
ANAC_004051,2024-03-24,3,Sunday,AZU,AD 3658,SBGR,SBBR,SBGR-SBBR,16:45,7,13,Pontual (D15),PONTUAL,0,150
ANAC_004052,2024-05-03,5,Friday,TAM,LA 2328,SBGR,SBPA,SBGR-SBPA,18:00,-4,1,Pontual (D15),PONTUAL,0,138
ANAC_004053,2024-11-23,11,Saturday,TAM,LA 4598,SBKP,SBRF,SBKP-SBRF,17:00,-2,7,Pontual (D15),PONTUAL,0,186
ANAC_004054,2024-06-27,6,Thursday,AZU,AD 4473,SBKP,SBCF,SBKP-SBCF,07:30,5,0,Pontual (D15),PONTUAL,0,162
ANAC_004055,2024-02-25,2,Sunday,GLO,G3 1588,SBPA,SBSV,SBPA-SBSV,10:45,-4,9,Pontual (D15),PONTUAL,0,150
ANAC_004056,2024-08-10,8,Saturday,GLO,G3 1358,SBGR,SBCF,SBGR-SBCF,21:15,-5,8,Pontual (D15),PONTUAL,0,138
ANAC_004057,2024-01-02,1,Tuesday,TAM,LA 4178,SBGR,SBCT,SBGR-SBCT,12:45,4,-2,Pontual (D15),PONTUAL,0,138
ANAC_004058,2024-12-22,12,Sunday,AZU,AD 4953,SBRJ,SBSP,SBRJ-SBSP,15:00,10,-3,Pontual (D15),PONTUAL,0,186
ANAC_004059,2024-08-17,8,Saturday,GLO,G3 3258,SBBR,SBGR,SBBR-SBGR,12:15,0,0,Cancelado,CLIMA,72082,210
ANAC_004060,2024-03-23,3,Saturday,TAM,LA 3127,SBBR,SBGL,SBBR-SBGL,18:30,-9,5,Pontual (D15),PONTUAL,0,174
ANAC_004061,2024-10-25,10,Friday,GLO,G3 3726,SBSP,SBRJ,SBSP-SBRJ,16:45,11,13,Pontual (D15),PONTUAL,0,186
ANAC_004062,2024-10-23,10,Wednesday,TAM,LA 2304,SBCT,SBGR,SBCT-SBGR,13:30,-1,-3,Pontual (D15),PONTUAL,0,150
ANAC_004063,2024-09-25,9,Wednesday,GLO,G3 2676,SBRJ,SBSP,SBRJ-SBSP,08:15,0,-5,Pontual (D15),PONTUAL,0,186
ANAC_004064,2024-02-06,2,Tuesday,TAM,LA 4141,SBCF,SBKP,SBCF-SBKP,14:15,7,-10,Pontual (D15),PONTUAL,0,162
ANAC_004065,2024-09-17,9,Tuesday,TAM,LA 2282,SBGR,SBPA,SBGR-SBPA,22:45,63,55,Atraso Moderado (46-120 min),CLIMA,11430,174
ANAC_004066,2024-08-27,8,Tuesday,AZU,AD 1136,SBCF,SBPA,SBCF-SBPA,07:30,11,8,Pontual (D15),PONTUAL,0,186
ANAC_004067,2024-09-07,9,Saturday,GLO,G3 3405,SBCT,SBGL,SBCT-SBGL,18:00,5,6,Pontual (D15),PONTUAL,0,174
ANAC_004068,2024-02-06,2,Tuesday,TAM,LA 4988,SBBR,SBCF,SBBR-SBCF,12:45,0,0,Cancelado,CREW,70306,186
ANAC_004069,2024-07-20,7,Saturday,TAM,LA 1816,SBSP,SBRJ,SBSP-SBRJ,07:00,0,0,Cancelado,CLIMA,70880,174
ANAC_004070,2024-06-02,6,Sunday,GLO,G3 1162,SBBR,SBCT,SBBR-SBCT,08:30,26,25,Atraso Leve (16-45 min),ATC,2210,186
ANAC_004071,2024-02-08,2,Thursday,TAM,LA 3979,SBKP,SBRF,SBKP-SBRF,13:30,-1,0,Pontual (D15),PONTUAL,0,174
ANAC_004072,2024-08-04,8,Sunday,AZU,AD 3106,SBBR,SBCF,SBBR-SBCF,13:30,9,-9,Pontual (D15),PONTUAL,0,210
ANAC_004073,2024-07-01,7,Monday,TAM,LA 2516,SBBR,SBCF,SBBR-SBCF,06:30,47,44,Atraso Moderado (46-120 min),SOLO,9670,138
ANAC_004074,2024-08-12,8,Monday,TAM,LA 3443,SBBR,SBGR,SBBR-SBGR,18:45,-8,10,Pontual (D15),PONTUAL,0,210
ANAC_004075,2024-02-21,2,Wednesday,TAM,LA 4614,SBSP,SBRJ,SBSP-SBRJ,07:15,65,74,Atraso Moderado (46-120 min),MANUT,11650,186
ANAC_004076,2024-01-12,1,Friday,GLO,G3 2134,SBGR,SBPA,SBGR-SBPA,22:45,10,-10,Pontual (D15),PONTUAL,0,186
ANAC_004077,2024-09-16,9,Monday,GLO,G3 4797,SBBR,SBGR,SBBR-SBGR,20:45,-1,6,Pontual (D15),PONTUAL,0,162
ANAC_004078,2024-05-19,5,Sunday,GLO,G3 4440,SBSV,SBPA,SBSV-SBPA,10:00,24,25,Atraso Leve (16-45 min),CONEX,2040,174
ANAC_004079,2024-07-02,7,Tuesday,TAM,LA 3389,SBCF,SBKP,SBCF-SBKP,11:15,4,0,Pontual (D15),PONTUAL,0,186
ANAC_004080,2024-06-27,6,Thursday,TAM,LA 2671,SBKP,SBRF,SBKP-SBRF,09:00,0,12,Pontual (D15),PONTUAL,0,186
ANAC_004081,2024-02-12,2,Monday,TAM,LA 4321,SBSP,SBRJ,SBSP-SBRJ,22:45,-6,5,Pontual (D15),PONTUAL,0,162
ANAC_004082,2024-10-30,10,Wednesday,TAM,LA 1866,SBKP,SBRF,SBKP-SBRF,11:00,14,13,Pontual (D15),PONTUAL,0,162
ANAC_004083,2024-02-05,2,Monday,TAM,LA 2382,SBKP,SBRF,SBKP-SBRF,06:45,-7,12,Pontual (D15),PONTUAL,0,138
ANAC_004084,2024-10-29,10,Tuesday,GLO,G3 4519,SBCF,SBKP,SBCF-SBKP,10:30,0,0,Cancelado,MANUT,70421,210
ANAC_004085,2024-03-04,3,Monday,TAM,LA 3726,SBSP,SBRJ,SBSP-SBRJ,18:00,25,23,Atraso Leve (16-45 min),ATC,2125,138
ANAC_004086,2024-01-31,1,Wednesday,TAM,LA 2465,SBBR,SBGR,SBBR-SBGR,18:30,128,125,Atraso Severo (> 120 min),MANUT,37040,174
ANAC_004087,2024-06-12,6,Wednesday,TAM,LA 3390,SBGL,SBCF,SBGL-SBCF,11:15,6,-7,Pontual (D15),PONTUAL,0,138
ANAC_004088,2024-11-26,11,Tuesday,TAM,LA 3850,SBBR,SBGR,SBBR-SBGR,15:45,-2,-8,Pontual (D15),PONTUAL,0,186
ANAC_004089,2024-05-02,5,Thursday,TAM,LA 4681,SBSP,SBGL,SBSP-SBGL,16:45,-3,-8,Pontual (D15),PONTUAL,0,138
ANAC_004090,2024-12-25,12,Wednesday,TAM,LA 2352,SBKP,SBCF,SBKP-SBCF,18:45,1,-2,Pontual (D15),PONTUAL,0,186
ANAC_004091,2024-08-18,8,Sunday,AZU,AD 2415,SBGR,SBPA,SBGR-SBPA,19:45,33,31,Atraso Leve (16-45 min),CONEX,2805,210
ANAC_004092,2024-03-28,3,Thursday,AZU,AD 1454,SBKP,SBRF,SBKP-SBRF,19:00,10,12,Pontual (D15),PONTUAL,0,174
ANAC_004093,2024-06-23,6,Sunday,TAM,LA 3026,SBRJ,SBSP,SBRJ-SBSP,08:45,7,-8,Pontual (D15),PONTUAL,0,162
ANAC_004094,2024-06-11,6,Tuesday,PTB,2Z 2173,SBKP,SBRF,SBKP-SBRF,09:45,0,8,Pontual (D15),PONTUAL,0,186
ANAC_004095,2024-12-16,12,Monday,TAM,LA 3637,SBKP,SBCF,SBKP-SBCF,22:45,114,124,Atraso Moderado (46-120 min),CLIMA,17040,150
ANAC_004096,2024-08-29,8,Thursday,GLO,G3 2191,SBGR,SBPA,SBGR-SBPA,22:00,11,7,Pontual (D15),PONTUAL,0,162
ANAC_004097,2024-03-29,3,Friday,GLO,G3 3452,SBBR,SBGR,SBBR-SBGR,15:00,116,130,Atraso Moderado (46-120 min),MANUT,17260,210
ANAC_004098,2024-06-06,6,Thursday,GLO,G3 3499,SBGR,SBBR,SBGR-SBBR,22:00,13,3,Pontual (D15),PONTUAL,0,162
ANAC_004099,2024-08-11,8,Sunday,TAM,LA 4578,SBBR,SBCF,SBBR-SBCF,12:15,14,-1,Pontual (D15),PONTUAL,0,210
ANAC_004100,2024-02-13,2,Tuesday,TAM,LA 1958,SBRJ,SBSP,SBRJ-SBSP,19:00,-1,12,Pontual (D15),PONTUAL,0,186
ANAC_004101,2024-08-10,8,Saturday,AZU,AD 1203,SBBR,SBCF,SBBR-SBCF,08:15,43,37,Atraso Leve (16-45 min),ATC,3655,150
ANAC_004102,2024-08-25,8,Sunday,AZU,AD 1738,SBSP,SBGL,SBSP-SBGL,16:00,0,-10,Pontual (D15),PONTUAL,0,210
ANAC_004103,2024-02-23,2,Friday,TAM,LA 2071,SBKP,SBCF,SBKP-SBCF,18:00,158,145,Atraso Severo (> 120 min),CONEX,42440,174
ANAC_004104,2024-04-19,4,Friday,GLO,G3 4890,SBRJ,SBSP,SBRJ-SBSP,14:00,-6,12,Pontual (D15),PONTUAL,0,162
ANAC_004105,2024-08-29,8,Thursday,AZU,AD 1427,SBSP,SBPA,SBSP-SBPA,22:00,-6,-9,Pontual (D15),PONTUAL,0,138
ANAC_004106,2024-03-21,3,Thursday,AZU,AD 4808,SBRF,SBBR,SBRF-SBBR,07:45,192,213,Atraso Severo (> 120 min),CONEX,48560,162
ANAC_004107,2024-02-24,2,Saturday,GLO,G3 3303,SBGL,SBPA,SBGL-SBPA,16:00,8,10,Pontual (D15),PONTUAL,0,162
ANAC_004108,2024-07-06,7,Saturday,AZU,AD 2932,SBBR,SBCF,SBBR-SBCF,11:15,1,-5,Pontual (D15),PONTUAL,0,150
ANAC_004109,2024-08-23,8,Friday,GLO,G3 4900,SBGR,SBPA,SBGR-SBPA,19:15,1,-7,Pontual (D15),PONTUAL,0,186
ANAC_004110,2024-10-05,10,Saturday,GLO,G3 4443,SBRJ,SBSP,SBRJ-SBSP,09:45,-6,6,Pontual (D15),PONTUAL,0,162
ANAC_004111,2024-09-19,9,Thursday,TAM,LA 4316,SBKP,SBCF,SBKP-SBCF,11:45,13,11,Pontual (D15),PONTUAL,0,186
ANAC_004112,2024-10-28,10,Monday,GLO,G3 1533,SBBR,SBGR,SBBR-SBGR,19:15,-8,-10,Pontual (D15),PONTUAL,0,162
ANAC_004113,2024-06-05,6,Wednesday,GLO,G3 3058,SBGR,SBRF,SBGR-SBRF,11:45,2,5,Pontual (D15),PONTUAL,0,150
ANAC_004114,2024-04-16,4,Tuesday,TAM,LA 4488,SBCT,SBSV,SBCT-SBSV,22:45,13,13,Pontual (D15),PONTUAL,0,162
ANAC_004115,2024-11-17,11,Sunday,GLO,G3 3847,SBRJ,SBGR,SBRJ-SBGR,06:00,6,-3,Pontual (D15),PONTUAL,0,174
ANAC_004116,2024-07-23,7,Tuesday,GLO,G3 2217,SBBR,SBGR,SBBR-SBGR,14:30,14,-4,Pontual (D15),PONTUAL,0,150
ANAC_004117,2024-11-18,11,Monday,TAM,LA 1570,SBGR,SBBR,SBGR-SBBR,19:45,10,9,Pontual (D15),PONTUAL,0,162
ANAC_004118,2024-04-24,4,Wednesday,TAM,LA 2797,SBKP,SBCF,SBKP-SBCF,16:45,-4,1,Pontual (D15),PONTUAL,0,186
ANAC_004119,2024-02-22,2,Thursday,GLO,G3 2179,SBGR,SBPA,SBGR-SBPA,14:00,0,0,Cancelado,MANUT,73209,186
ANAC_004120,2024-09-28,9,Saturday,GLO,G3 1448,SBBR,SBCF,SBBR-SBCF,07:00,92,102,Atraso Moderado (46-120 min),CLIMA,14620,210
ANAC_004121,2024-04-10,4,Wednesday,TAM,LA 3250,SBSP,SBPA,SBSP-SBPA,10:30,46,41,Atraso Moderado (46-120 min),ATC,9560,210
ANAC_004122,2024-06-14,6,Friday,PTB,2Z 1897,SBKP,SBCF,SBKP-SBCF,21:00,-7,-5,Pontual (D15),PONTUAL,0,174
ANAC_004123,2024-02-02,2,Friday,TAM,LA 3561,SBGR,SBPA,SBGR-SBPA,18:30,-4,0,Pontual (D15),PONTUAL,0,186
ANAC_004124,2024-04-15,4,Monday,TAM,LA 1983,SBSV,SBBR,SBSV-SBBR,07:45,-6,12,Pontual (D15),PONTUAL,0,210
ANAC_004125,2024-05-17,5,Friday,AZU,AD 2778,SBRJ,SBSP,SBRJ-SBSP,13:30,79,87,Atraso Moderado (46-120 min),CLIMA,13190,210
ANAC_004126,2024-08-26,8,Monday,GLO,G3 1555,SBCF,SBKP,SBCF-SBKP,15:45,11,0,Pontual (D15),PONTUAL,0,210
ANAC_004127,2024-06-12,6,Wednesday,GLO,G3 3890,SBGR,SBBR,SBGR-SBBR,10:15,10,-2,Pontual (D15),PONTUAL,0,162
ANAC_004128,2024-04-03,4,Wednesday,GLO,G3 4900,SBGR,SBSV,SBGR-SBSV,13:45,96,91,Atraso Moderado (46-120 min),MANUT,15060,162
ANAC_004129,2024-02-25,2,Sunday,TAM,LA 2459,SBBR,SBGR,SBBR-SBGR,07:15,10,4,Pontual (D15),PONTUAL,0,138
ANAC_004130,2024-11-07,11,Thursday,TAM,LA 1842,SBKP,SBRF,SBKP-SBRF,14:00,12,2,Pontual (D15),PONTUAL,0,210
ANAC_004131,2024-07-14,7,Sunday,AZU,AD 4407,SBBR,SBCF,SBBR-SBCF,09:00,14,6,Pontual (D15),PONTUAL,0,210
ANAC_004132,2024-10-17,10,Thursday,TAM,LA 1040,SBCF,SBKP,SBCF-SBKP,11:15,5,-1,Pontual (D15),PONTUAL,0,150
ANAC_004133,2024-10-17,10,Thursday,TAM,LA 2169,SBGR,SBPA,SBGR-SBPA,06:00,19,17,Atraso Leve (16-45 min),CONEX,1615,162
ANAC_004134,2024-03-25,3,Monday,TAM,LA 4545,SBCT,SBPA,SBCT-SBPA,15:15,8,11,Pontual (D15),PONTUAL,0,150
ANAC_004135,2024-09-14,9,Saturday,PTB,2Z 2910,SBGL,SBRF,SBGL-SBRF,18:00,2,0,Pontual (D15),PONTUAL,0,138
ANAC_004136,2024-04-16,4,Tuesday,TAM,LA 4053,SBSP,SBSV,SBSP-SBSV,08:15,25,24,Atraso Leve (16-45 min),ATC,2125,210
ANAC_004137,2024-02-13,2,Tuesday,GLO,G3 1081,SBBR,SBGR,SBBR-SBGR,12:15,6,-1,Pontual (D15),PONTUAL,0,174
ANAC_004138,2024-02-08,2,Thursday,GLO,G3 3198,SBBR,SBCF,SBBR-SBCF,21:30,4,-1,Pontual (D15),PONTUAL,0,150
ANAC_004139,2024-04-26,4,Friday,TAM,LA 2361,SBGR,SBSV,SBGR-SBSV,15:15,0,6,Pontual (D15),PONTUAL,0,174
ANAC_004140,2024-03-11,3,Monday,AZU,AD 1568,SBKP,SBRF,SBKP-SBRF,15:30,3,4,Pontual (D15),PONTUAL,0,162
ANAC_004141,2024-06-12,6,Wednesday,GLO,G3 2082,SBGL,SBKP,SBGL-SBKP,20:15,-2,-3,Pontual (D15),PONTUAL,0,150
ANAC_004142,2024-10-24,10,Thursday,GLO,G3 1662,SBKP,SBRF,SBKP-SBRF,11:45,78,69,Atraso Moderado (46-120 min),CONEX,13080,186
ANAC_004143,2024-02-15,2,Thursday,PTB,2Z 4210,SBSP,SBRJ,SBSP-SBRJ,15:00,64,65,Atraso Moderado (46-120 min),CONEX,11540,68
ANAC_004144,2024-05-08,5,Wednesday,TAM,LA 3122,SBBR,SBGR,SBBR-SBGR,15:45,4,5,Pontual (D15),PONTUAL,0,174
ANAC_004145,2024-09-21,9,Saturday,AZU,AD 2591,SBGR,SBBR,SBGR-SBBR,10:15,108,110,Atraso Moderado (46-120 min),CLIMA,16380,138
ANAC_004146,2024-08-31,8,Saturday,TAM,LA 1841,SBKP,SBCF,SBKP-SBCF,12:00,56,53,Atraso Moderado (46-120 min),SOLO,10660,162
ANAC_004147,2024-12-23,12,Monday,GLO,G3 3935,SBRJ,SBSP,SBRJ-SBSP,08:15,65,64,Atraso Moderado (46-120 min),CLIMA,11650,138
ANAC_004148,2024-05-26,5,Sunday,GLO,G3 4705,SBBR,SBCF,SBBR-SBCF,21:00,8,0,Pontual (D15),PONTUAL,0,186
ANAC_004149,2024-01-28,1,Sunday,GLO,G3 2769,SBKP,SBCF,SBKP-SBCF,19:30,0,13,Pontual (D15),PONTUAL,0,150
ANAC_004150,2024-04-08,4,Monday,TAM,LA 4454,SBCF,SBKP,SBCF-SBKP,14:30,-2,12,Pontual (D15),PONTUAL,0,174
ANAC_004151,2024-10-15,10,Tuesday,GLO,G3 2796,SBGL,SBGR,SBGL-SBGR,07:15,-5,13,Pontual (D15),PONTUAL,0,138
ANAC_004152,2024-11-17,11,Sunday,TAM,LA 1462,SBGR,SBPA,SBGR-SBPA,20:15,6,-4,Pontual (D15),PONTUAL,0,186
ANAC_004153,2024-08-27,8,Tuesday,AZU,AD 3934,SBPA,SBSP,SBPA-SBSP,20:45,3,-7,Pontual (D15),PONTUAL,0,186
ANAC_004154,2024-06-16,6,Sunday,AZU,AD 1657,SBKP,SBCF,SBKP-SBCF,15:30,-6,10,Pontual (D15),PONTUAL,0,150
ANAC_004155,2024-02-03,2,Saturday,TAM,LA 4966,SBBR,SBCF,SBBR-SBCF,15:00,48,43,Atraso Moderado (46-120 min),CONEX,9780,150
ANAC_004156,2024-06-30,6,Sunday,TAM,LA 1626,SBGR,SBRF,SBGR-SBRF,17:45,-8,13,Pontual (D15),PONTUAL,0,174
ANAC_004157,2024-01-26,1,Friday,AZU,AD 1013,SBBR,SBGL,SBBR-SBGL,19:00,7,8,Pontual (D15),PONTUAL,0,186
ANAC_004158,2024-07-17,7,Wednesday,GLO,G3 2680,SBCF,SBKP,SBCF-SBKP,18:15,7,-6,Pontual (D15),PONTUAL,0,150
ANAC_004159,2024-05-12,5,Sunday,GLO,G3 4871,SBGL,SBSV,SBGL-SBSV,20:30,-4,0,Pontual (D15),PONTUAL,0,138
ANAC_004160,2024-01-03,1,Wednesday,GLO,G3 4720,SBCF,SBRF,SBCF-SBRF,17:30,-9,5,Pontual (D15),PONTUAL,0,150
ANAC_004161,2024-02-15,2,Thursday,TAM,LA 2638,SBCF,SBKP,SBCF-SBKP,18:45,64,71,Atraso Moderado (46-120 min),SOLO,11540,162
ANAC_004162,2024-03-14,3,Thursday,GLO,G3 2618,SBCF,SBCT,SBCF-SBCT,06:45,0,0,Cancelado,CLIMA,66762,186
ANAC_004163,2024-01-17,1,Wednesday,GLO,G3 2503,SBGR,SBPA,SBGR-SBPA,14:15,4,-5,Pontual (D15),PONTUAL,0,186
ANAC_004164,2024-11-11,11,Monday,AZU,AD 4994,SBSP,SBCF,SBSP-SBCF,06:30,13,-10,Pontual (D15),PONTUAL,0,186
ANAC_004165,2024-08-10,8,Saturday,AZU,AD 3277,SBSV,SBRF,SBSV-SBRF,07:00,88,82,Atraso Moderado (46-120 min),CLIMA,14180,138
ANAC_004166,2024-07-04,7,Thursday,AZU,AD 2303,SBSV,SBPA,SBSV-SBPA,06:00,7,-4,Pontual (D15),PONTUAL,0,150
ANAC_004167,2024-01-21,1,Sunday,AZU,AD 2116,SBKP,SBRF,SBKP-SBRF,08:45,5,0,Pontual (D15),PONTUAL,0,174
ANAC_004168,2024-04-01,4,Monday,AZU,AD 2322,SBGL,SBCT,SBGL-SBCT,07:15,-6,4,Pontual (D15),PONTUAL,0,138
ANAC_004169,2024-12-19,12,Thursday,AZU,AD 2248,SBBR,SBCF,SBBR-SBCF,16:45,0,-4,Pontual (D15),PONTUAL,0,210
ANAC_004170,2024-09-29,9,Sunday,GLO,G3 1619,SBRF,SBCT,SBRF-SBCT,06:30,-8,-6,Pontual (D15),PONTUAL,0,174
ANAC_004171,2024-05-12,5,Sunday,PTB,2Z 2765,SBGR,SBSV,SBGR-SBSV,13:15,7,1,Pontual (D15),PONTUAL,0,68
ANAC_004172,2024-09-12,9,Thursday,TAM,LA 2665,SBRJ,SBCT,SBRJ-SBCT,17:00,9,-7,Pontual (D15),PONTUAL,0,162
ANAC_004173,2024-09-04,9,Wednesday,GLO,G3 1376,SBBR,SBCF,SBBR-SBCF,21:00,7,-6,Pontual (D15),PONTUAL,0,138
ANAC_004174,2024-10-22,10,Tuesday,TAM,LA 2309,SBBR,SBGR,SBBR-SBGR,20:15,13,10,Pontual (D15),PONTUAL,0,150
ANAC_004175,2024-11-13,11,Wednesday,TAM,LA 3208,SBPA,SBGL,SBPA-SBGL,12:15,2,1,Pontual (D15),PONTUAL,0,150
ANAC_004176,2024-09-18,9,Wednesday,GLO,G3 1001,SBKP,SBRF,SBKP-SBRF,17:15,53,52,Atraso Moderado (46-120 min),ATC,10330,162
ANAC_004177,2024-03-01,3,Friday,GLO,G3 1022,SBGR,SBBR,SBGR-SBBR,14:30,39,39,Atraso Leve (16-45 min),ATC,3315,138
ANAC_004178,2024-09-20,9,Friday,AZU,AD 4948,SBKP,SBBR,SBKP-SBBR,06:00,-4,-5,Pontual (D15),PONTUAL,0,210
ANAC_004179,2024-03-08,3,Friday,GLO,G3 2565,SBGR,SBPA,SBGR-SBPA,12:00,11,-5,Pontual (D15),PONTUAL,0,162
ANAC_004180,2024-01-13,1,Saturday,GLO,G3 4179,SBBR,SBGR,SBBR-SBGR,07:30,-1,-6,Pontual (D15),PONTUAL,0,138
ANAC_004181,2024-07-22,7,Monday,TAM,LA 1829,SBRJ,SBSP,SBRJ-SBSP,08:00,32,35,Atraso Leve (16-45 min),SOLO,2720,210
ANAC_004182,2024-11-17,11,Sunday,GLO,G3 2560,SBGR,SBBR,SBGR-SBBR,08:15,32,35,Atraso Leve (16-45 min),CONEX,2720,162
ANAC_004183,2024-01-27,1,Saturday,GLO,G3 4483,SBCF,SBKP,SBCF-SBKP,16:15,-9,7,Pontual (D15),PONTUAL,0,186
ANAC_004184,2024-05-01,5,Wednesday,AZU,AD 1167,SBGR,SBBR,SBGR-SBBR,18:45,32,29,Atraso Leve (16-45 min),CONEX,2720,162
ANAC_004185,2024-11-15,11,Friday,TAM,LA 2919,SBSV,SBSP,SBSV-SBSP,20:15,22,19,Atraso Leve (16-45 min),ATC,1870,174
ANAC_004186,2024-03-27,3,Wednesday,AZU,AD 2133,SBRF,SBPA,SBRF-SBPA,22:45,71,76,Atraso Moderado (46-120 min),CLIMA,12310,174
ANAC_004187,2024-11-15,11,Friday,TAM,LA 1935,SBPA,SBGL,SBPA-SBGL,14:00,26,24,Atraso Leve (16-45 min),CREW,2210,174
ANAC_004188,2024-01-06,1,Saturday,GLO,G3 2044,SBBR,SBGR,SBBR-SBGR,16:30,3,-10,Pontual (D15),PONTUAL,0,174
ANAC_004189,2024-01-06,1,Saturday,GLO,G3 4107,SBBR,SBCF,SBBR-SBCF,20:15,9,-10,Pontual (D15),PONTUAL,0,162
ANAC_004190,2024-02-29,2,Thursday,GLO,G3 3535,SBSP,SBRJ,SBSP-SBRJ,20:45,-8,-4,Pontual (D15),PONTUAL,0,162
ANAC_004191,2024-11-23,11,Saturday,GLO,G3 4682,SBSP,SBGR,SBSP-SBGR,10:00,20,17,Atraso Leve (16-45 min),CONEX,1700,162
ANAC_004192,2024-09-15,9,Sunday,GLO,G3 2176,SBRJ,SBSP,SBRJ-SBSP,11:00,3,-2,Pontual (D15),PONTUAL,0,162
ANAC_004193,2024-02-24,2,Saturday,GLO,G3 1235,SBCT,SBGR,SBCT-SBGR,10:00,10,5,Pontual (D15),PONTUAL,0,150
ANAC_004194,2024-08-22,8,Thursday,TAM,LA 4315,SBKP,SBCF,SBKP-SBCF,21:00,57,62,Atraso Moderado (46-120 min),CREW,10770,162
ANAC_004195,2024-02-20,2,Tuesday,TAM,LA 1375,SBKP,SBSP,SBKP-SBSP,08:45,125,113,Atraso Severo (> 120 min),CLIMA,36500,174
ANAC_004196,2024-09-08,9,Sunday,AZU,AD 1716,SBPA,SBGL,SBPA-SBGL,09:30,65,55,Atraso Moderado (46-120 min),CLIMA,11650,210
ANAC_004197,2024-07-22,7,Monday,TAM,LA 4322,SBGR,SBSV,SBGR-SBSV,06:00,86,85,Atraso Moderado (46-120 min),CLIMA,13960,162
ANAC_004198,2024-12-03,12,Tuesday,GLO,G3 4936,SBGR,SBSV,SBGR-SBSV,10:45,83,93,Atraso Moderado (46-120 min),CLIMA,13630,210
ANAC_004199,2024-05-26,5,Sunday,GLO,G3 2622,SBGR,SBBR,SBGR-SBBR,08:45,11,-11,Pontual (D15),PONTUAL,0,186
ANAC_004200,2024-02-14,2,Wednesday,GLO,G3 3164,SBBR,SBGR,SBBR-SBGR,13:45,3,0,Pontual (D15),PONTUAL,0,162
ANAC_004201,2024-02-12,2,Monday,AZU,AD 3641,SBKP,SBCF,SBKP-SBCF,16:15,-3,-11,Pontual (D15),PONTUAL,0,138
ANAC_004202,2024-08-28,8,Wednesday,GLO,G3 1807,SBSP,SBRJ,SBSP-SBRJ,13:45,57,50,Atraso Moderado (46-120 min),MANUT,10770,186
ANAC_004203,2024-04-12,4,Friday,AZU,AD 4313,SBRF,SBBR,SBRF-SBBR,21:30,1,-7,Pontual (D15),PONTUAL,0,138
ANAC_004204,2024-03-11,3,Monday,AZU,AD 1574,SBCT,SBRJ,SBCT-SBRJ,07:00,0,-11,Pontual (D15),PONTUAL,0,150
ANAC_004205,2024-01-30,1,Tuesday,GLO,G3 4134,SBKP,SBRF,SBKP-SBRF,21:00,42,37,Atraso Leve (16-45 min),MANUT,3570,210
ANAC_004206,2024-10-02,10,Wednesday,PTB,2Z 4461,SBBR,SBCF,SBBR-SBCF,14:30,55,48,Atraso Moderado (46-120 min),ATC,10550,210
ANAC_004207,2024-08-14,8,Wednesday,GLO,G3 3173,SBBR,SBGR,SBBR-SBGR,18:30,5,-6,Pontual (D15),PONTUAL,0,174
ANAC_004208,2024-05-27,5,Monday,GLO,G3 2478,SBGR,SBSV,SBGR-SBSV,08:45,-1,-9,Pontual (D15),PONTUAL,0,138
ANAC_004209,2024-03-13,3,Wednesday,AZU,AD 1933,SBGR,SBRF,SBGR-SBRF,20:15,-2,-10,Pontual (D15),PONTUAL,0,186
ANAC_004210,2024-07-27,7,Saturday,GLO,G3 1209,SBCF,SBKP,SBCF-SBKP,12:45,-1,-11,Pontual (D15),PONTUAL,0,162
ANAC_004211,2024-02-10,2,Saturday,TAM,LA 1110,SBRF,SBCF,SBRF-SBCF,06:00,0,0,Cancelado,CREW,63038,162
ANAC_004212,2024-12-27,12,Friday,AZU,AD 4139,SBRF,SBCF,SBRF-SBCF,11:15,59,51,Atraso Moderado (46-120 min),CONEX,10990,138
ANAC_004213,2024-05-22,5,Wednesday,AZU,AD 3727,SBGR,SBBR,SBGR-SBBR,19:30,22,23,Atraso Leve (16-45 min),CONEX,1870,138
ANAC_004214,2024-02-27,2,Tuesday,GLO,G3 3864,SBBR,SBGR,SBBR-SBGR,08:15,14,-8,Pontual (D15),PONTUAL,0,174
ANAC_004215,2024-07-13,7,Saturday,GLO,G3 4293,SBGR,SBRJ,SBGR-SBRJ,09:15,45,42,Atraso Leve (16-45 min),CONEX,3825,138
ANAC_004216,2024-05-01,5,Wednesday,PTB,2Z 1855,SBGR,SBPA,SBGR-SBPA,07:00,94,80,Atraso Moderado (46-120 min),CLIMA,14840,210
ANAC_004217,2024-01-22,1,Monday,GLO,G3 4331,SBGR,SBCT,SBGR-SBCT,08:30,-7,13,Pontual (D15),PONTUAL,0,210
ANAC_004218,2024-10-26,10,Saturday,GLO,G3 3992,SBRJ,SBSP,SBRJ-SBSP,10:00,11,2,Pontual (D15),PONTUAL,0,138
ANAC_004219,2024-12-03,12,Tuesday,GLO,G3 3620,SBGL,SBBR,SBGL-SBBR,09:00,3,9,Pontual (D15),PONTUAL,0,162
ANAC_004220,2024-04-27,4,Saturday,GLO,G3 2236,SBRJ,SBSP,SBRJ-SBSP,13:15,2,9,Pontual (D15),PONTUAL,0,150
ANAC_004221,2024-05-19,5,Sunday,AZU,AD 3676,SBCT,SBPA,SBCT-SBPA,13:15,-7,2,Pontual (D15),PONTUAL,0,210
ANAC_004222,2024-10-14,10,Monday,TAM,LA 1194,SBRJ,SBSP,SBRJ-SBSP,06:45,12,-7,Pontual (D15),PONTUAL,0,210
ANAC_004223,2024-09-14,9,Saturday,TAM,LA 4894,SBRJ,SBPA,SBRJ-SBPA,07:45,-7,7,Pontual (D15),PONTUAL,0,174
ANAC_004224,2024-09-04,9,Wednesday,TAM,LA 3648,SBPA,SBRF,SBPA-SBRF,09:15,-7,7,Pontual (D15),PONTUAL,0,162
ANAC_004225,2024-05-08,5,Wednesday,TAM,LA 1949,SBBR,SBGR,SBBR-SBGR,08:15,16,14,Atraso Leve (16-45 min),CONEX,1360,138
ANAC_004226,2024-05-11,5,Saturday,GLO,G3 4217,SBKP,SBRF,SBKP-SBRF,11:00,9,12,Pontual (D15),PONTUAL,0,186
ANAC_004227,2024-04-16,4,Tuesday,GLO,G3 1488,SBCT,SBRF,SBCT-SBRF,22:00,-1,12,Pontual (D15),PONTUAL,0,174
ANAC_004228,2024-10-20,10,Sunday,GLO,G3 1080,SBKP,SBRF,SBKP-SBRF,09:15,-6,-7,Pontual (D15),PONTUAL,0,186
ANAC_004229,2024-07-03,7,Wednesday,AZU,AD 3071,SBGR,SBPA,SBGR-SBPA,19:30,40,38,Atraso Leve (16-45 min),ATC,3400,186
ANAC_004230,2024-08-10,8,Saturday,TAM,LA 4785,SBGR,SBBR,SBGR-SBBR,06:30,106,105,Atraso Moderado (46-120 min),CONEX,16160,210
ANAC_004231,2024-05-26,5,Sunday,GLO,G3 1035,SBGR,SBBR,SBGR-SBBR,11:30,51,46,Atraso Moderado (46-120 min),CLIMA,10110,150
ANAC_004232,2024-11-17,11,Sunday,GLO,G3 2781,SBGR,SBPA,SBGR-SBPA,17:15,92,101,Atraso Moderado (46-120 min),CLIMA,14620,186
ANAC_004233,2024-07-10,7,Wednesday,TAM,LA 4040,SBCF,SBKP,SBCF-SBKP,07:00,0,2,Pontual (D15),PONTUAL,0,162
ANAC_004234,2024-07-30,7,Tuesday,TAM,LA 4380,SBSP,SBCF,SBSP-SBCF,08:30,2,-8,Pontual (D15),PONTUAL,0,186
ANAC_004235,2024-11-24,11,Sunday,TAM,LA 1282,SBKP,SBCF,SBKP-SBCF,15:00,22,20,Atraso Leve (16-45 min),SOLO,1870,150
ANAC_004236,2024-06-04,6,Tuesday,TAM,LA 1037,SBKP,SBRF,SBKP-SBRF,07:00,86,82,Atraso Moderado (46-120 min),CLIMA,13960,138
ANAC_004237,2024-04-22,4,Monday,TAM,LA 2753,SBGR,SBSV,SBGR-SBSV,13:30,-1,-9,Pontual (D15),PONTUAL,0,162
ANAC_004238,2024-05-13,5,Monday,GLO,G3 4207,SBCF,SBKP,SBCF-SBKP,16:45,-3,-9,Pontual (D15),PONTUAL,0,150
ANAC_004239,2024-06-24,6,Monday,GLO,G3 4029,SBKP,SBRF,SBKP-SBRF,17:00,24,27,Atraso Leve (16-45 min),ATC,2040,138
ANAC_004240,2024-10-20,10,Sunday,TAM,LA 2434,SBRJ,SBCF,SBRJ-SBCF,18:30,0,13,Pontual (D15),PONTUAL,0,150
ANAC_004241,2024-01-28,1,Sunday,GLO,G3 4565,SBCF,SBRF,SBCF-SBRF,13:30,-7,9,Pontual (D15),PONTUAL,0,138
ANAC_004242,2024-06-05,6,Wednesday,PTB,2Z 2323,SBSP,SBRJ,SBSP-SBRJ,20:30,61,69,Atraso Moderado (46-120 min),ATC,11210,162
ANAC_004243,2024-06-24,6,Monday,GLO,G3 2373,SBGR,SBBR,SBGR-SBBR,16:00,52,53,Atraso Moderado (46-120 min),SOLO,10220,186
ANAC_004244,2024-03-29,3,Friday,GLO,G3 1495,SBRJ,SBSP,SBRJ-SBSP,17:30,38,34,Atraso Leve (16-45 min),ATC,3230,210
ANAC_004245,2024-05-16,5,Thursday,TAM,LA 2402,SBKP,SBRF,SBKP-SBRF,20:00,0,-2,Pontual (D15),PONTUAL,0,138
ANAC_004246,2024-07-29,7,Monday,AZU,AD 2088,SBGR,SBCT,SBGR-SBCT,06:15,-6,2,Pontual (D15),PONTUAL,0,210
ANAC_004247,2024-08-22,8,Thursday,TAM,LA 2578,SBCT,SBGL,SBCT-SBGL,11:15,1,13,Pontual (D15),PONTUAL,0,150
ANAC_004248,2024-08-25,8,Sunday,AZU,AD 2011,SBGL,SBRF,SBGL-SBRF,10:00,-4,8,Pontual (D15),PONTUAL,0,210
ANAC_004249,2024-07-03,7,Wednesday,TAM,LA 1055,SBKP,SBRF,SBKP-SBRF,07:00,5,10,Pontual (D15),PONTUAL,0,162
ANAC_004250,2024-12-30,12,Monday,GLO,G3 4983,SBRJ,SBSP,SBRJ-SBSP,22:45,0,11,Pontual (D15),PONTUAL,0,138
ANAC_004251,2024-07-05,7,Friday,GLO,G3 1824,SBGR,SBBR,SBGR-SBBR,13:30,0,1,Pontual (D15),PONTUAL,0,150
ANAC_004252,2024-10-05,10,Saturday,PTB,2Z 4006,SBSP,SBPA,SBSP-SBPA,13:45,24,20,Atraso Leve (16-45 min),CONEX,2040,210
ANAC_004253,2024-07-27,7,Saturday,TAM,LA 2634,SBGL,SBCT,SBGL-SBCT,18:30,3,13,Pontual (D15),PONTUAL,0,174
ANAC_004254,2024-09-12,9,Thursday,AZU,AD 1693,SBCF,SBKP,SBCF-SBKP,11:00,72,63,Atraso Moderado (46-120 min),CLIMA,12420,174
ANAC_004255,2024-08-14,8,Wednesday,AZU,AD 1277,SBKP,SBCF,SBKP-SBCF,15:30,-3,-10,Pontual (D15),PONTUAL,0,210
ANAC_004256,2024-01-29,1,Monday,AZU,AD 1339,SBRJ,SBSP,SBRJ-SBSP,19:30,9,0,Pontual (D15),PONTUAL,0,138
ANAC_004257,2024-10-14,10,Monday,TAM,LA 3551,SBBR,SBCF,SBBR-SBCF,20:15,3,-10,Pontual (D15),PONTUAL,0,150
ANAC_004258,2024-03-07,3,Thursday,TAM,LA 2071,SBGR,SBPA,SBGR-SBPA,14:00,9,9,Pontual (D15),PONTUAL,0,150
ANAC_004259,2024-10-04,10,Friday,AZU,AD 3359,SBKP,SBRF,SBKP-SBRF,06:15,0,0,Cancelado,CLIMA,73806,186
ANAC_004260,2024-08-22,8,Thursday,GLO,G3 2532,SBSP,SBRJ,SBSP-SBRJ,09:15,1,-4,Pontual (D15),PONTUAL,0,138
ANAC_004261,2024-12-07,12,Saturday,AZU,AD 2233,SBKP,SBRF,SBKP-SBRF,08:00,-4,12,Pontual (D15),PONTUAL,0,186
ANAC_004262,2024-11-15,11,Friday,TAM,LA 2939,SBBR,SBPA,SBBR-SBPA,10:15,-3,11,Pontual (D15),PONTUAL,0,186
ANAC_004263,2024-05-22,5,Wednesday,TAM,LA 2094,SBKP,SBRF,SBKP-SBRF,11:30,1,7,Pontual (D15),PONTUAL,0,150
ANAC_004264,2024-02-28,2,Wednesday,AZU,AD 3375,SBSV,SBRJ,SBSV-SBRJ,15:30,10,4,Pontual (D15),PONTUAL,0,186
ANAC_004265,2024-10-27,10,Sunday,GLO,G3 4654,SBSP,SBRF,SBSP-SBRF,11:00,-6,-11,Pontual (D15),PONTUAL,0,186
ANAC_004266,2024-11-28,11,Thursday,GLO,G3 2248,SBBR,SBGL,SBBR-SBGL,06:15,-9,12,Pontual (D15),PONTUAL,0,162
ANAC_004267,2024-04-25,4,Thursday,GLO,G3 4243,SBRJ,SBSP,SBRJ-SBSP,09:00,14,3,Pontual (D15),PONTUAL,0,210
ANAC_004268,2024-08-23,8,Friday,TAM,LA 4573,SBKP,SBCF,SBKP-SBCF,20:30,76,75,Atraso Moderado (46-120 min),CONEX,12860,186
ANAC_004269,2024-02-08,2,Thursday,GLO,G3 4814,SBBR,SBGR,SBBR-SBGR,10:45,70,78,Atraso Moderado (46-120 min),CLIMA,12200,150
ANAC_004270,2024-08-08,8,Thursday,TAM,LA 1766,SBKP,SBCF,SBKP-SBCF,09:15,53,56,Atraso Moderado (46-120 min),SOLO,10330,162
ANAC_004271,2024-10-11,10,Friday,TAM,LA 4338,SBBR,SBGR,SBBR-SBGR,20:00,-5,-5,Pontual (D15),PONTUAL,0,186
ANAC_004272,2024-07-08,7,Monday,GLO,G3 2627,SBGR,SBSV,SBGR-SBSV,07:45,16,13,Atraso Leve (16-45 min),CONEX,1360,210
ANAC_004273,2024-06-01,6,Saturday,AZU,AD 2153,SBGR,SBBR,SBGR-SBBR,14:00,-3,9,Pontual (D15),PONTUAL,0,162
ANAC_004274,2024-03-03,3,Sunday,AZU,AD 4643,SBCF,SBKP,SBCF-SBKP,18:00,14,-5,Pontual (D15),PONTUAL,0,210
ANAC_004275,2024-09-17,9,Tuesday,GLO,G3 3956,SBBR,SBCF,SBBR-SBCF,09:15,0,3,Pontual (D15),PONTUAL,0,186
ANAC_004276,2024-08-29,8,Thursday,TAM,LA 4179,SBKP,SBRF,SBKP-SBRF,11:15,88,94,Atraso Moderado (46-120 min),CLIMA,14180,174
ANAC_004277,2024-04-21,4,Sunday,TAM,LA 1803,SBRJ,SBBR,SBRJ-SBBR,14:45,47,52,Atraso Moderado (46-120 min),CONEX,9670,138
ANAC_004278,2024-07-16,7,Tuesday,TAM,LA 2236,SBGL,SBSV,SBGL-SBSV,07:30,-6,-3,Pontual (D15),PONTUAL,0,174
ANAC_004279,2024-08-09,8,Friday,GLO,G3 1673,SBSP,SBRJ,SBSP-SBRJ,11:15,7,10,Pontual (D15),PONTUAL,0,186
ANAC_004280,2024-02-14,2,Wednesday,AZU,AD 3429,SBSP,SBSV,SBSP-SBSV,19:45,-1,-4,Pontual (D15),PONTUAL,0,150
ANAC_004281,2024-11-21,11,Thursday,GLO,G3 1966,SBCF,SBSV,SBCF-SBSV,15:30,80,80,Atraso Moderado (46-120 min),CLIMA,13300,186
ANAC_004282,2024-09-13,9,Friday,GLO,G3 2922,SBSP,SBRJ,SBSP-SBRJ,09:30,10,5,Pontual (D15),PONTUAL,0,150
ANAC_004283,2024-01-06,1,Saturday,TAM,LA 3313,SBPA,SBCF,SBPA-SBCF,10:30,20,21,Atraso Leve (16-45 min),CONEX,1700,174
ANAC_004284,2024-06-16,6,Sunday,GLO,G3 2758,SBCF,SBKP,SBCF-SBKP,07:15,81,84,Atraso Moderado (46-120 min),CONEX,13410,138
ANAC_004285,2024-09-10,9,Tuesday,AZU,AD 2832,SBRJ,SBSP,SBRJ-SBSP,18:30,7,-2,Pontual (D15),PONTUAL,0,210
ANAC_004286,2024-03-25,3,Monday,GLO,G3 3841,SBGR,SBRF,SBGR-SBRF,07:30,5,-1,Pontual (D15),PONTUAL,0,210
ANAC_004287,2024-06-20,6,Thursday,AZU,AD 2362,SBRF,SBCT,SBRF-SBCT,10:30,6,12,Pontual (D15),PONTUAL,0,186
ANAC_004288,2024-05-30,5,Thursday,AZU,AD 1792,SBCF,SBKP,SBCF-SBKP,08:00,14,4,Pontual (D15),PONTUAL,0,174
ANAC_004289,2024-11-27,11,Wednesday,GLO,G3 3073,SBKP,SBCF,SBKP-SBCF,12:30,24,21,Atraso Leve (16-45 min),ATC,2040,174
ANAC_004290,2024-01-24,1,Wednesday,TAM,LA 3806,SBRF,SBGR,SBRF-SBGR,06:15,-5,7,Pontual (D15),PONTUAL,0,138
ANAC_004291,2024-02-02,2,Friday,AZU,AD 4121,SBCF,SBCT,SBCF-SBCT,09:15,115,126,Atraso Moderado (46-120 min),CONEX,17150,150
ANAC_004292,2024-03-01,3,Friday,AZU,AD 4833,SBKP,SBCF,SBKP-SBCF,16:00,0,0,Cancelado,CREW,64972,162
ANAC_004293,2024-04-06,4,Saturday,GLO,G3 2840,SBKP,SBCF,SBKP-SBCF,08:30,-8,9,Pontual (D15),PONTUAL,0,150
ANAC_004294,2024-01-09,1,Tuesday,TAM,LA 4875,SBCF,SBKP,SBCF-SBKP,14:45,-6,0,Pontual (D15),PONTUAL,0,174
ANAC_004295,2024-04-18,4,Thursday,TAM,LA 2225,SBKP,SBCF,SBKP-SBCF,06:00,-2,-7,Pontual (D15),PONTUAL,0,174
ANAC_004296,2024-10-22,10,Tuesday,AZU,AD 2853,SBGR,SBPA,SBGR-SBPA,07:30,118,119,Atraso Moderado (46-120 min),CLIMA,17480,162
ANAC_004297,2024-01-23,1,Tuesday,GLO,G3 2511,SBCT,SBGR,SBCT-SBGR,22:00,5,3,Pontual (D15),PONTUAL,0,162
ANAC_004298,2024-05-11,5,Saturday,GLO,G3 4146,SBGR,SBSV,SBGR-SBSV,20:30,4,-5,Pontual (D15),PONTUAL,0,150
ANAC_004299,2024-11-19,11,Tuesday,GLO,G3 2701,SBKP,SBCF,SBKP-SBCF,06:00,-1,6,Pontual (D15),PONTUAL,0,210
ANAC_004300,2024-06-29,6,Saturday,GLO,G3 3103,SBKP,SBCF,SBKP-SBCF,16:45,-5,13,Pontual (D15),PONTUAL,0,138
ANAC_004301,2024-09-04,9,Wednesday,AZU,AD 2094,SBRJ,SBPA,SBRJ-SBPA,10:30,-5,-10,Pontual (D15),PONTUAL,0,174
ANAC_004302,2024-04-03,4,Wednesday,GLO,G3 1345,SBGR,SBPA,SBGR-SBPA,18:45,6,-7,Pontual (D15),PONTUAL,0,174
ANAC_004303,2024-10-24,10,Thursday,TAM,LA 1765,SBBR,SBCT,SBBR-SBCT,17:30,42,47,Atraso Leve (16-45 min),ATC,3570,162
ANAC_004304,2024-02-18,2,Sunday,GLO,G3 1656,SBCF,SBKP,SBCF-SBKP,12:00,0,-5,Pontual (D15),PONTUAL,0,174
ANAC_004305,2024-06-22,6,Saturday,TAM,LA 4674,SBBR,SBCF,SBBR-SBCF,15:15,3,-3,Pontual (D15),PONTUAL,0,174
ANAC_004306,2024-08-03,8,Saturday,GLO,G3 2894,SBRJ,SBSP,SBRJ-SBSP,15:00,12,11,Pontual (D15),PONTUAL,0,150
ANAC_004307,2024-07-19,7,Friday,TAM,LA 3594,SBKP,SBRF,SBKP-SBRF,21:30,76,79,Atraso Moderado (46-120 min),CONEX,12860,162
ANAC_004308,2024-09-18,9,Wednesday,TAM,LA 3515,SBCT,SBGR,SBCT-SBGR,13:15,-3,1,Pontual (D15),PONTUAL,0,210
ANAC_004309,2024-07-29,7,Monday,GLO,G3 4133,SBSP,SBRJ,SBSP-SBRJ,17:15,32,27,Atraso Leve (16-45 min),SOLO,2720,150
ANAC_004310,2024-03-27,3,Wednesday,GLO,G3 2678,SBCF,SBSV,SBCF-SBSV,11:30,11,13,Pontual (D15),PONTUAL,0,162
ANAC_004311,2024-09-22,9,Sunday,AZU,AD 3610,SBPA,SBRF,SBPA-SBRF,21:00,13,0,Pontual (D15),PONTUAL,0,174
ANAC_004312,2024-07-04,7,Thursday,TAM,LA 4102,SBSP,SBKP,SBSP-SBKP,18:45,-9,-10,Pontual (D15),PONTUAL,0,174
ANAC_004313,2024-09-16,9,Monday,GLO,G3 1828,SBCT,SBBR,SBCT-SBBR,14:45,9,2,Pontual (D15),PONTUAL,0,174
ANAC_004314,2024-07-31,7,Wednesday,PTB,2Z 2872,SBSP,SBRJ,SBSP-SBRJ,18:15,51,50,Atraso Moderado (46-120 min),ATC,10110,174
ANAC_004315,2024-10-06,10,Sunday,GLO,G3 4851,SBGR,SBPA,SBGR-SBPA,22:00,0,0,Cancelado,CLIMA,70711,210
ANAC_004316,2024-05-22,5,Wednesday,GLO,G3 3447,SBGR,SBBR,SBGR-SBBR,15:45,-6,0,Pontual (D15),PONTUAL,0,174
ANAC_004317,2024-12-28,12,Saturday,AZU,AD 1679,SBCF,SBKP,SBCF-SBKP,22:15,-7,0,Pontual (D15),PONTUAL,0,210
ANAC_004318,2024-12-20,12,Friday,TAM,LA 4043,SBSP,SBKP,SBSP-SBKP,13:00,-6,-1,Pontual (D15),PONTUAL,0,174
ANAC_004319,2024-07-12,7,Friday,GLO,G3 3607,SBGR,SBSV,SBGR-SBSV,15:45,161,177,Atraso Severo (> 120 min),MANUT,42980,210
ANAC_004320,2024-07-24,7,Wednesday,TAM,LA 1604,SBCF,SBSV,SBCF-SBSV,17:15,60,52,Atraso Moderado (46-120 min),CONEX,11100,210
ANAC_004321,2024-05-20,5,Monday,AZU,AD 1955,SBKP,SBPA,SBKP-SBPA,21:45,-1,4,Pontual (D15),PONTUAL,0,210
ANAC_004322,2024-09-14,9,Saturday,AZU,AD 1387,SBRJ,SBSP,SBRJ-SBSP,09:30,8,-2,Pontual (D15),PONTUAL,0,210
ANAC_004323,2024-01-03,1,Wednesday,AZU,AD 1627,SBGR,SBBR,SBGR-SBBR,22:15,-9,0,Pontual (D15),PONTUAL,0,186
ANAC_004324,2024-01-22,1,Monday,GLO,G3 1690,SBCF,SBKP,SBCF-SBKP,20:45,0,-2,Pontual (D15),PONTUAL,0,174
ANAC_004325,2024-04-12,4,Friday,AZU,AD 1367,SBCF,SBKP,SBCF-SBKP,11:00,-8,-11,Pontual (D15),PONTUAL,0,186
ANAC_004326,2024-07-07,7,Sunday,GLO,G3 4421,SBBR,SBSP,SBBR-SBSP,10:15,2,-3,Pontual (D15),PONTUAL,0,138
ANAC_004327,2024-04-10,4,Wednesday,TAM,LA 2441,SBGR,SBBR,SBGR-SBBR,13:00,76,81,Atraso Moderado (46-120 min),CLIMA,12860,174
ANAC_004328,2024-07-19,7,Friday,AZU,AD 2771,SBRJ,SBBR,SBRJ-SBBR,21:45,53,56,Atraso Moderado (46-120 min),CONEX,10330,210
ANAC_004329,2024-03-18,3,Monday,AZU,AD 1094,SBSP,SBRF,SBSP-SBRF,08:15,-4,6,Pontual (D15),PONTUAL,0,210
ANAC_004330,2024-03-23,3,Saturday,AZU,AD 2768,SBKP,SBGL,SBKP-SBGL,08:00,0,1,Pontual (D15),PONTUAL,0,150
ANAC_004331,2024-03-13,3,Wednesday,GLO,G3 1804,SBSP,SBRJ,SBSP-SBRJ,09:00,53,48,Atraso Moderado (46-120 min),ATC,10330,138
ANAC_004332,2024-04-22,4,Monday,TAM,LA 1355,SBCF,SBKP,SBCF-SBKP,20:30,5,-10,Pontual (D15),PONTUAL,0,150
ANAC_004333,2024-01-01,1,Monday,GLO,G3 1566,SBGR,SBSP,SBGR-SBSP,06:15,11,-3,Pontual (D15),PONTUAL,0,186
ANAC_004334,2024-11-12,11,Tuesday,GLO,G3 2574,SBBR,SBCF,SBBR-SBCF,19:15,27,30,Atraso Leve (16-45 min),CREW,2295,138
ANAC_004335,2024-01-18,1,Thursday,TAM,LA 2584,SBBR,SBGR,SBBR-SBGR,20:00,35,38,Atraso Leve (16-45 min),CLIMA,2975,138
ANAC_004336,2024-09-02,9,Monday,GLO,G3 4428,SBGR,SBPA,SBGR-SBPA,20:30,68,64,Atraso Moderado (46-120 min),CONEX,11980,174
ANAC_004337,2024-05-25,5,Saturday,TAM,LA 4969,SBBR,SBGR,SBBR-SBGR,16:30,-7,3,Pontual (D15),PONTUAL,0,162
ANAC_004338,2024-08-23,8,Friday,AZU,AD 3260,SBSP,SBRJ,SBSP-SBRJ,16:45,14,-6,Pontual (D15),PONTUAL,0,150
ANAC_004339,2024-02-09,2,Friday,GLO,G3 4047,SBKP,SBCF,SBKP-SBCF,08:00,25,26,Atraso Leve (16-45 min),CONEX,2125,174
ANAC_004340,2024-10-03,10,Thursday,AZU,AD 4948,SBGR,SBSV,SBGR-SBSV,20:00,1,-10,Pontual (D15),PONTUAL,0,150
ANAC_004341,2024-03-22,3,Friday,TAM,LA 4251,SBPA,SBBR,SBPA-SBBR,12:15,13,2,Pontual (D15),PONTUAL,0,210
ANAC_004342,2024-07-30,7,Tuesday,AZU,AD 3550,SBKP,SBCF,SBKP-SBCF,18:30,10,0,Pontual (D15),PONTUAL,0,162
ANAC_004343,2024-03-16,3,Saturday,AZU,AD 2654,SBPA,SBSV,SBPA-SBSV,21:00,6,3,Pontual (D15),PONTUAL,0,150
ANAC_004344,2024-06-14,6,Friday,GLO,G3 3178,SBSP,SBRJ,SBSP-SBRJ,17:00,80,88,Atraso Moderado (46-120 min),CONEX,13300,138
ANAC_004345,2024-09-04,9,Wednesday,GLO,G3 3599,SBGR,SBPA,SBGR-SBPA,14:15,39,37,Atraso Leve (16-45 min),SOLO,3315,138
ANAC_004346,2024-11-06,11,Wednesday,GLO,G3 2733,SBGR,SBPA,SBGR-SBPA,13:00,2,-5,Pontual (D15),PONTUAL,0,174
ANAC_004347,2024-06-07,6,Friday,AZU,AD 4120,SBGR,SBPA,SBGR-SBPA,07:15,77,69,Atraso Moderado (46-120 min),CLIMA,12970,174
ANAC_004348,2024-09-06,9,Friday,PTB,2Z 4652,SBCF,SBKP,SBCF-SBKP,15:45,79,70,Atraso Moderado (46-120 min),CLIMA,13190,138
ANAC_004349,2024-03-25,3,Monday,AZU,AD 2964,SBBR,SBGR,SBBR-SBGR,09:30,10,-3,Pontual (D15),PONTUAL,0,186
ANAC_004350,2024-05-30,5,Thursday,AZU,AD 4329,SBRJ,SBCF,SBRJ-SBCF,15:00,9,-10,Pontual (D15),PONTUAL,0,150
ANAC_004351,2024-10-16,10,Wednesday,TAM,LA 2622,SBSP,SBRJ,SBSP-SBRJ,11:30,2,8,Pontual (D15),PONTUAL,0,186
ANAC_004352,2024-04-10,4,Wednesday,TAM,LA 3240,SBCF,SBSV,SBCF-SBSV,18:00,3,-10,Pontual (D15),PONTUAL,0,210
ANAC_004353,2024-07-01,7,Monday,AZU,AD 4576,SBBR,SBCF,SBBR-SBCF,06:30,-5,-6,Pontual (D15),PONTUAL,0,150
ANAC_004354,2024-01-07,1,Sunday,GLO,G3 3939,SBGR,SBSV,SBGR-SBSV,07:00,37,33,Atraso Leve (16-45 min),ATC,3145,210
ANAC_004355,2024-09-16,9,Monday,TAM,LA 3134,SBBR,SBGR,SBBR-SBGR,14:45,-1,-9,Pontual (D15),PONTUAL,0,186
ANAC_004356,2024-10-18,10,Friday,AZU,AD 1142,SBCT,SBRJ,SBCT-SBRJ,13:00,3,9,Pontual (D15),PONTUAL,0,162
ANAC_004357,2024-02-14,2,Wednesday,TAM,LA 4032,SBSP,SBRJ,SBSP-SBRJ,11:30,13,-11,Pontual (D15),PONTUAL,0,138
ANAC_004358,2024-01-17,1,Wednesday,AZU,AD 4527,SBSV,SBSP,SBSV-SBSP,06:30,-6,-11,Pontual (D15),PONTUAL,0,174
ANAC_004359,2024-12-20,12,Friday,TAM,LA 3367,SBKP,SBRF,SBKP-SBRF,22:45,13,6,Pontual (D15),PONTUAL,0,162
ANAC_004360,2024-09-10,9,Tuesday,GLO,G3 3196,SBCT,SBRJ,SBCT-SBRJ,20:15,3,10,Pontual (D15),PONTUAL,0,138
ANAC_004361,2024-10-10,10,Thursday,PTB,2Z 3142,SBGL,SBBR,SBGL-SBBR,11:15,5,-6,Pontual (D15),PONTUAL,0,210
ANAC_004362,2024-10-22,10,Tuesday,PTB,2Z 3420,SBKP,SBCF,SBKP-SBCF,13:45,74,79,Atraso Moderado (46-120 min),MANUT,12640,186
ANAC_004363,2024-02-14,2,Wednesday,AZU,AD 1295,SBRJ,SBSP,SBRJ-SBSP,08:45,70,73,Atraso Moderado (46-120 min),CLIMA,12200,210
ANAC_004364,2024-08-04,8,Sunday,GLO,G3 1236,SBPA,SBSV,SBPA-SBSV,13:30,3,11,Pontual (D15),PONTUAL,0,150
ANAC_004365,2024-08-04,8,Sunday,TAM,LA 4821,SBGR,SBPA,SBGR-SBPA,20:45,69,74,Atraso Moderado (46-120 min),CLIMA,12090,186
ANAC_004366,2024-08-10,8,Saturday,GLO,G3 2029,SBCF,SBKP,SBCF-SBKP,10:30,9,8,Pontual (D15),PONTUAL,0,210
ANAC_004367,2024-04-01,4,Monday,TAM,LA 3607,SBGR,SBBR,SBGR-SBBR,20:30,-8,8,Pontual (D15),PONTUAL,0,174
ANAC_004368,2024-02-10,2,Saturday,TAM,LA 1808,SBKP,SBRF,SBKP-SBRF,13:00,2,3,Pontual (D15),PONTUAL,0,162
ANAC_004369,2024-07-12,7,Friday,GLO,G3 2582,SBGR,SBSV,SBGR-SBSV,13:30,4,3,Pontual (D15),PONTUAL,0,186
ANAC_004370,2024-11-10,11,Sunday,TAM,LA 1747,SBKP,SBRF,SBKP-SBRF,19:30,7,-1,Pontual (D15),PONTUAL,0,174
ANAC_004371,2024-10-05,10,Saturday,TAM,LA 3403,SBGR,SBSV,SBGR-SBSV,06:30,4,-8,Pontual (D15),PONTUAL,0,174
ANAC_004372,2024-10-05,10,Saturday,TAM,LA 2069,SBBR,SBCF,SBBR-SBCF,13:15,3,7,Pontual (D15),PONTUAL,0,150
ANAC_004373,2024-05-02,5,Thursday,GLO,G3 2001,SBGR,SBBR,SBGR-SBBR,12:30,33,37,Atraso Leve (16-45 min),ATC,2805,138
ANAC_004374,2024-03-09,3,Saturday,AZU,AD 3376,SBRF,SBSV,SBRF-SBSV,21:00,-6,5,Pontual (D15),PONTUAL,0,138
ANAC_004375,2024-07-18,7,Thursday,GLO,G3 3230,SBGR,SBSV,SBGR-SBSV,15:45,53,49,Atraso Moderado (46-120 min),SOLO,10330,186
ANAC_004376,2024-07-20,7,Saturday,TAM,LA 2385,SBCF,SBKP,SBCF-SBKP,18:45,5,9,Pontual (D15),PONTUAL,0,138
ANAC_004377,2024-11-02,11,Saturday,GLO,G3 1499,SBBR,SBGR,SBBR-SBGR,21:45,1,9,Pontual (D15),PONTUAL,0,150
ANAC_004378,2024-03-16,3,Saturday,AZU,AD 4263,SBGR,SBPA,SBGR-SBPA,18:15,2,-5,Pontual (D15),PONTUAL,0,174
ANAC_004379,2024-03-01,3,Friday,AZU,AD 4939,SBSV,SBGL,SBSV-SBGL,18:00,10,10,Pontual (D15),PONTUAL,0,138
ANAC_004380,2024-01-13,1,Saturday,TAM,LA 2516,SBGL,SBKP,SBGL-SBKP,08:15,9,-4,Pontual (D15),PONTUAL,0,210
ANAC_004381,2024-06-21,6,Friday,AZU,AD 3836,SBGR,SBSV,SBGR-SBSV,18:30,-3,5,Pontual (D15),PONTUAL,0,174
ANAC_004382,2024-02-10,2,Saturday,GLO,G3 1657,SBRJ,SBPA,SBRJ-SBPA,16:15,24,26,Atraso Leve (16-45 min),ATC,2040,186
ANAC_004383,2024-08-02,8,Friday,TAM,LA 2131,SBRJ,SBCF,SBRJ-SBCF,15:45,0,-11,Pontual (D15),PONTUAL,0,174
ANAC_004384,2024-04-20,4,Saturday,TAM,LA 2198,SBSP,SBRJ,SBSP-SBRJ,09:30,71,67,Atraso Moderado (46-120 min),CONEX,12310,186
ANAC_004385,2024-10-19,10,Saturday,GLO,G3 1569,SBRJ,SBSP,SBRJ-SBSP,17:30,3,8,Pontual (D15),PONTUAL,0,138
ANAC_004386,2024-01-29,1,Monday,AZU,AD 1720,SBBR,SBRJ,SBBR-SBRJ,07:00,-9,5,Pontual (D15),PONTUAL,0,150
ANAC_004387,2024-05-24,5,Friday,TAM,LA 2471,SBGR,SBPA,SBGR-SBPA,18:45,0,11,Pontual (D15),PONTUAL,0,210
ANAC_004388,2024-11-17,11,Sunday,GLO,G3 2946,SBBR,SBGR,SBBR-SBGR,10:30,25,24,Atraso Leve (16-45 min),CONEX,2125,186
ANAC_004389,2024-06-25,6,Tuesday,GLO,G3 3346,SBGR,SBSV,SBGR-SBSV,22:45,-2,3,Pontual (D15),PONTUAL,0,186
ANAC_004390,2024-08-25,8,Sunday,AZU,AD 2433,SBBR,SBGR,SBBR-SBGR,10:15,33,37,Atraso Leve (16-45 min),CREW,2805,138
ANAC_004391,2024-03-21,3,Thursday,TAM,LA 1281,SBGR,SBBR,SBGR-SBBR,08:45,18,15,Atraso Leve (16-45 min),CONEX,1530,162
ANAC_004392,2024-03-02,3,Saturday,TAM,LA 2972,SBBR,SBGR,SBBR-SBGR,09:30,2,-8,Pontual (D15),PONTUAL,0,210
ANAC_004393,2024-03-28,3,Thursday,AZU,AD 3346,SBGR,SBPA,SBGR-SBPA,13:00,42,42,Atraso Leve (16-45 min),SOLO,3570,138
ANAC_004394,2024-06-20,6,Thursday,TAM,LA 4359,SBSP,SBKP,SBSP-SBKP,10:15,3,-1,Pontual (D15),PONTUAL,0,186
ANAC_004395,2024-08-21,8,Wednesday,GLO,G3 4162,SBKP,SBCF,SBKP-SBCF,18:45,-9,2,Pontual (D15),PONTUAL,0,210
ANAC_004396,2024-08-20,8,Tuesday,GLO,G3 3351,SBCF,SBCT,SBCF-SBCT,19:45,-6,-3,Pontual (D15),PONTUAL,0,210
ANAC_004397,2024-01-06,1,Saturday,TAM,LA 4561,SBBR,SBGR,SBBR-SBGR,13:30,10,2,Pontual (D15),PONTUAL,0,186
ANAC_004398,2024-09-21,9,Saturday,AZU,AD 1115,SBRJ,SBSP,SBRJ-SBSP,11:15,-5,3,Pontual (D15),PONTUAL,0,210
ANAC_004399,2024-10-05,10,Saturday,GLO,G3 4037,SBSP,SBRJ,SBSP-SBRJ,18:00,-5,-2,Pontual (D15),PONTUAL,0,186
ANAC_004400,2024-12-24,12,Tuesday,GLO,G3 4068,SBKP,SBRF,SBKP-SBRF,15:15,-6,0,Pontual (D15),PONTUAL,0,174
ANAC_004401,2024-10-01,10,Tuesday,GLO,G3 1244,SBBR,SBCF,SBBR-SBCF,09:15,14,9,Pontual (D15),PONTUAL,0,174
ANAC_004402,2024-12-23,12,Monday,TAM,LA 2384,SBGR,SBBR,SBGR-SBBR,06:15,12,6,Pontual (D15),PONTUAL,0,174
ANAC_004403,2024-10-20,10,Sunday,GLO,G3 3465,SBRJ,SBSP,SBRJ-SBSP,19:45,11,13,Pontual (D15),PONTUAL,0,138
ANAC_004404,2024-11-15,11,Friday,TAM,LA 1699,SBBR,SBCF,SBBR-SBCF,16:15,2,1,Pontual (D15),PONTUAL,0,210
ANAC_004405,2024-12-27,12,Friday,AZU,AD 4942,SBRJ,SBGL,SBRJ-SBGL,14:15,5,3,Pontual (D15),PONTUAL,0,186
ANAC_004406,2024-01-08,1,Monday,GLO,G3 1011,SBGR,SBPA,SBGR-SBPA,18:45,-8,7,Pontual (D15),PONTUAL,0,138
ANAC_004407,2024-05-03,5,Friday,GLO,G3 1375,SBKP,SBCF,SBKP-SBCF,15:45,3,8,Pontual (D15),PONTUAL,0,150
ANAC_004408,2024-11-06,11,Wednesday,GLO,G3 4866,SBGR,SBPA,SBGR-SBPA,22:45,11,0,Pontual (D15),PONTUAL,0,162
ANAC_004409,2024-05-09,5,Thursday,GLO,G3 4955,SBBR,SBCF,SBBR-SBCF,22:30,-7,-7,Pontual (D15),PONTUAL,0,174
ANAC_004410,2024-02-24,2,Saturday,GLO,G3 3964,SBBR,SBCF,SBBR-SBCF,06:00,4,8,Pontual (D15),PONTUAL,0,138
ANAC_004411,2024-11-14,11,Thursday,AZU,AD 4853,SBGR,SBPA,SBGR-SBPA,13:00,7,7,Pontual (D15),PONTUAL,0,210
ANAC_004412,2024-11-04,11,Monday,TAM,LA 4107,SBGR,SBSV,SBGR-SBSV,13:30,-3,6,Pontual (D15),PONTUAL,0,150
ANAC_004413,2024-06-01,6,Saturday,GLO,G3 3250,SBSP,SBGR,SBSP-SBGR,12:15,-2,-7,Pontual (D15),PONTUAL,0,174
ANAC_004414,2024-10-10,10,Thursday,TAM,LA 3220,SBBR,SBCF,SBBR-SBCF,08:45,7,0,Pontual (D15),PONTUAL,0,150
ANAC_004415,2024-03-23,3,Saturday,GLO,G3 1161,SBSV,SBRJ,SBSV-SBRJ,20:00,57,64,Atraso Moderado (46-120 min),CREW,10770,150
ANAC_004416,2024-08-18,8,Sunday,TAM,LA 2480,SBBR,SBSP,SBBR-SBSP,21:45,7,10,Pontual (D15),PONTUAL,0,186
ANAC_004417,2024-10-03,10,Thursday,TAM,LA 3796,SBGR,SBBR,SBGR-SBBR,18:00,3,2,Pontual (D15),PONTUAL,0,150
ANAC_004418,2024-09-12,9,Thursday,TAM,LA 3352,SBSP,SBRJ,SBSP-SBRJ,19:45,57,53,Atraso Moderado (46-120 min),CLIMA,10770,186
ANAC_004419,2024-03-28,3,Thursday,TAM,LA 4695,SBRJ,SBSV,SBRJ-SBSV,15:30,-8,-2,Pontual (D15),PONTUAL,0,174
ANAC_004420,2024-03-27,3,Wednesday,GLO,G3 2490,SBGR,SBSV,SBGR-SBSV,07:30,118,125,Atraso Moderado (46-120 min),MANUT,17480,138
ANAC_004421,2024-10-04,10,Friday,AZU,AD 2405,SBRJ,SBCF,SBRJ-SBCF,11:00,7,12,Pontual (D15),PONTUAL,0,210
ANAC_004422,2024-03-13,3,Wednesday,TAM,LA 4429,SBCF,SBKP,SBCF-SBKP,16:15,13,-6,Pontual (D15),PONTUAL,0,210
ANAC_004423,2024-09-18,9,Wednesday,TAM,LA 1182,SBSV,SBBR,SBSV-SBBR,11:30,37,41,Atraso Leve (16-45 min),CONEX,3145,174
ANAC_004424,2024-01-10,1,Wednesday,GLO,G3 4011,SBCF,SBKP,SBCF-SBKP,14:30,7,-1,Pontual (D15),PONTUAL,0,150
ANAC_004425,2024-04-15,4,Monday,TAM,LA 3939,SBBR,SBCF,SBBR-SBCF,13:30,7,8,Pontual (D15),PONTUAL,0,174
ANAC_004426,2024-02-13,2,Tuesday,GLO,G3 4064,SBRJ,SBSP,SBRJ-SBSP,14:15,125,111,Atraso Severo (> 120 min),CLIMA,36500,210
ANAC_004427,2024-11-17,11,Sunday,AZU,AD 3103,SBPA,SBCF,SBPA-SBCF,17:00,16,18,Atraso Leve (16-45 min),CREW,1360,150
ANAC_004428,2024-01-05,1,Friday,TAM,LA 4901,SBGR,SBPA,SBGR-SBPA,22:15,-5,6,Pontual (D15),PONTUAL,0,210
ANAC_004429,2024-03-06,3,Wednesday,TAM,LA 3383,SBRJ,SBSP,SBRJ-SBSP,21:15,-6,-9,Pontual (D15),PONTUAL,0,162
ANAC_004430,2024-05-16,5,Thursday,GLO,G3 2850,SBKP,SBRF,SBKP-SBRF,21:15,6,-2,Pontual (D15),PONTUAL,0,186
ANAC_004431,2024-02-03,2,Saturday,AZU,AD 2690,SBKP,SBRF,SBKP-SBRF,11:30,2,-2,Pontual (D15),PONTUAL,0,150
ANAC_004432,2024-11-05,11,Tuesday,GLO,G3 2151,SBKP,SBGR,SBKP-SBGR,20:15,7,5,Pontual (D15),PONTUAL,0,186
ANAC_004433,2024-09-15,9,Sunday,TAM,LA 4723,SBGR,SBBR,SBGR-SBBR,13:45,12,5,Pontual (D15),PONTUAL,0,174
ANAC_004434,2024-11-14,11,Thursday,AZU,AD 3416,SBCF,SBKP,SBCF-SBKP,17:15,-9,2,Pontual (D15),PONTUAL,0,138
ANAC_004435,2024-01-19,1,Friday,GLO,G3 1621,SBGR,SBGL,SBGR-SBGL,12:45,70,78,Atraso Moderado (46-120 min),CLIMA,12200,186
ANAC_004436,2024-04-06,4,Saturday,AZU,AD 3281,SBBR,SBCF,SBBR-SBCF,06:30,56,50,Atraso Moderado (46-120 min),ATC,10660,174
ANAC_004437,2024-06-05,6,Wednesday,AZU,AD 2672,SBKP,SBCF,SBKP-SBCF,15:45,-3,6,Pontual (D15),PONTUAL,0,174
ANAC_004438,2024-01-25,1,Thursday,AZU,AD 4382,SBGR,SBSV,SBGR-SBSV,15:15,68,66,Atraso Moderado (46-120 min),CONEX,11980,210
ANAC_004439,2024-03-09,3,Saturday,GLO,G3 1303,SBGR,SBBR,SBGR-SBBR,16:00,1,-10,Pontual (D15),PONTUAL,0,138
ANAC_004440,2024-02-04,2,Sunday,AZU,AD 4950,SBSP,SBRJ,SBSP-SBRJ,13:15,1,9,Pontual (D15),PONTUAL,0,138
ANAC_004441,2024-04-14,4,Sunday,GLO,G3 3200,SBGR,SBPA,SBGR-SBPA,16:30,-2,11,Pontual (D15),PONTUAL,0,186
ANAC_004442,2024-03-25,3,Monday,TAM,LA 2814,SBBR,SBGR,SBBR-SBGR,06:00,63,60,Atraso Moderado (46-120 min),CONEX,11430,186
ANAC_004443,2024-06-08,6,Saturday,GLO,G3 1728,SBGR,SBPA,SBGR-SBPA,16:15,49,51,Atraso Moderado (46-120 min),CONEX,9890,210
ANAC_004444,2024-09-26,9,Thursday,GLO,G3 3318,SBKP,SBCF,SBKP-SBCF,17:30,5,6,Pontual (D15),PONTUAL,0,162
ANAC_004445,2024-05-11,5,Saturday,TAM,LA 4337,SBKP,SBRF,SBKP-SBRF,11:15,-9,9,Pontual (D15),PONTUAL,0,174
ANAC_004446,2024-12-05,12,Thursday,GLO,G3 3863,SBGR,SBBR,SBGR-SBBR,18:00,52,45,Atraso Moderado (46-120 min),SOLO,10220,138
ANAC_004447,2024-06-20,6,Thursday,TAM,LA 2078,SBCF,SBKP,SBCF-SBKP,17:45,-8,-3,Pontual (D15),PONTUAL,0,138
ANAC_004448,2024-11-08,11,Friday,GLO,G3 1059,SBGR,SBSV,SBGR-SBSV,21:45,0,0,Cancelado,CLIMA,52102,150
ANAC_004449,2024-01-18,1,Thursday,AZU,AD 3224,SBCF,SBRF,SBCF-SBRF,20:45,21,18,Atraso Leve (16-45 min),CONEX,1785,150
ANAC_004450,2024-07-28,7,Sunday,AZU,AD 1263,SBBR,SBGR,SBBR-SBGR,19:30,14,8,Pontual (D15),PONTUAL,0,138
ANAC_004451,2024-08-07,8,Wednesday,AZU,AD 3404,SBSV,SBRF,SBSV-SBRF,19:45,18,16,Atraso Leve (16-45 min),CONEX,1530,162
ANAC_004452,2024-03-07,3,Thursday,GLO,G3 3233,SBGR,SBSV,SBGR-SBSV,14:00,23,24,Atraso Leve (16-45 min),CONEX,1955,162
ANAC_004453,2024-01-30,1,Tuesday,GLO,G3 1213,SBGR,SBSV,SBGR-SBSV,22:15,10,5,Pontual (D15),PONTUAL,0,174
ANAC_004454,2024-02-21,2,Wednesday,GLO,G3 4861,SBBR,SBPA,SBBR-SBPA,22:45,-2,10,Pontual (D15),PONTUAL,0,162
ANAC_004455,2024-10-12,10,Saturday,TAM,LA 3187,SBKP,SBCF,SBKP-SBCF,18:45,12,-10,Pontual (D15),PONTUAL,0,138
ANAC_004456,2024-05-23,5,Thursday,TAM,LA 3430,SBCF,SBKP,SBCF-SBKP,07:30,30,33,Atraso Leve (16-45 min),CONEX,2550,162
ANAC_004457,2024-03-11,3,Monday,AZU,AD 3786,SBCF,SBGR,SBCF-SBGR,11:45,2,11,Pontual (D15),PONTUAL,0,138
ANAC_004458,2024-08-26,8,Monday,PTB,2Z 2831,SBCT,SBCF,SBCT-SBCF,15:30,7,-9,Pontual (D15),PONTUAL,0,162
ANAC_004459,2024-05-20,5,Monday,GLO,G3 2884,SBBR,SBCF,SBBR-SBCF,10:45,7,-6,Pontual (D15),PONTUAL,0,186
ANAC_004460,2024-03-19,3,Tuesday,TAM,LA 2326,SBKP,SBCF,SBKP-SBCF,14:45,12,10,Pontual (D15),PONTUAL,0,162
ANAC_004461,2024-03-19,3,Tuesday,TAM,LA 2452,SBKP,SBCF,SBKP-SBCF,21:30,12,11,Pontual (D15),PONTUAL,0,186
ANAC_004462,2024-07-17,7,Wednesday,TAM,LA 3803,SBSP,SBRJ,SBSP-SBRJ,10:45,108,104,Atraso Moderado (46-120 min),MANUT,16380,186
ANAC_004463,2024-03-28,3,Thursday,GLO,G3 4347,SBGR,SBPA,SBGR-SBPA,16:30,-1,-2,Pontual (D15),PONTUAL,0,162
ANAC_004464,2024-07-10,7,Wednesday,AZU,AD 2594,SBGL,SBCT,SBGL-SBCT,11:15,2,-7,Pontual (D15),PONTUAL,0,210
ANAC_004465,2024-07-22,7,Monday,AZU,AD 4325,SBKP,SBRF,SBKP-SBRF,19:45,-8,0,Pontual (D15),PONTUAL,0,186
ANAC_004466,2024-08-05,8,Monday,TAM,LA 4518,SBGR,SBSV,SBGR-SBSV,15:30,31,31,Atraso Leve (16-45 min),CLIMA,2635,162
ANAC_004467,2024-05-16,5,Thursday,GLO,G3 2823,SBKP,SBRF,SBKP-SBRF,08:30,-3,-3,Pontual (D15),PONTUAL,0,150
ANAC_004468,2024-12-30,12,Monday,TAM,LA 2042,SBGR,SBSV,SBGR-SBSV,18:30,58,64,Atraso Moderado (46-120 min),SOLO,10880,174
ANAC_004469,2024-04-25,4,Thursday,PTB,2Z 1099,SBGR,SBBR,SBGR-SBBR,22:00,41,42,Atraso Leve (16-45 min),CONEX,3485,162
ANAC_004470,2024-02-22,2,Thursday,GLO,G3 3293,SBRJ,SBGL,SBRJ-SBGL,09:30,0,11,Pontual (D15),PONTUAL,0,138
ANAC_004471,2024-06-02,6,Sunday,GLO,G3 3343,SBGR,SBBR,SBGR-SBBR,21:45,7,-9,Pontual (D15),PONTUAL,0,162
ANAC_004472,2024-02-26,2,Monday,AZU,AD 3819,SBGR,SBBR,SBGR-SBBR,17:15,8,0,Pontual (D15),PONTUAL,0,186
ANAC_004473,2024-07-27,7,Saturday,TAM,LA 2390,SBSV,SBGL,SBSV-SBGL,21:00,1,-7,Pontual (D15),PONTUAL,0,162
ANAC_004474,2024-04-29,4,Monday,AZU,AD 3500,SBSP,SBSV,SBSP-SBSV,14:30,5,3,Pontual (D15),PONTUAL,0,174
ANAC_004475,2024-04-27,4,Saturday,GLO,G3 2122,SBBR,SBGR,SBBR-SBGR,07:15,-6,-3,Pontual (D15),PONTUAL,0,210
ANAC_004476,2024-07-17,7,Wednesday,AZU,AD 1563,SBRJ,SBCT,SBRJ-SBCT,13:00,10,-6,Pontual (D15),PONTUAL,0,174
ANAC_004477,2024-11-28,11,Thursday,GLO,G3 2153,SBPA,SBRF,SBPA-SBRF,17:15,50,46,Atraso Moderado (46-120 min),CONEX,10000,174
ANAC_004478,2024-01-06,1,Saturday,GLO,G3 2488,SBBR,SBPA,SBBR-SBPA,09:00,-2,8,Pontual (D15),PONTUAL,0,162
ANAC_004479,2024-11-30,11,Saturday,GLO,G3 1868,SBGR,SBPA,SBGR-SBPA,18:00,-8,0,Pontual (D15),PONTUAL,0,150
ANAC_004480,2024-09-23,9,Monday,GLO,G3 2822,SBGR,SBBR,SBGR-SBBR,08:30,-6,6,Pontual (D15),PONTUAL,0,186
ANAC_004481,2024-09-07,9,Saturday,GLO,G3 4789,SBKP,SBRF,SBKP-SBRF,22:30,11,2,Pontual (D15),PONTUAL,0,186
ANAC_004482,2024-08-14,8,Wednesday,TAM,LA 4808,SBRJ,SBSP,SBRJ-SBSP,11:30,1,13,Pontual (D15),PONTUAL,0,186
ANAC_004483,2024-08-20,8,Tuesday,GLO,G3 2511,SBGL,SBBR,SBGL-SBBR,22:15,-1,0,Pontual (D15),PONTUAL,0,186
ANAC_004484,2024-02-06,2,Tuesday,AZU,AD 2296,SBGR,SBBR,SBGR-SBBR,09:30,-4,7,Pontual (D15),PONTUAL,0,210
ANAC_004485,2024-07-30,7,Tuesday,TAM,LA 4311,SBSV,SBRF,SBSV-SBRF,11:45,0,0,Pontual (D15),PONTUAL,0,186
ANAC_004486,2024-09-09,9,Monday,AZU,AD 2554,SBRJ,SBPA,SBRJ-SBPA,13:00,50,43,Atraso Moderado (46-120 min),CLIMA,10000,162
ANAC_004487,2024-09-26,9,Thursday,GLO,G3 3872,SBRJ,SBSP,SBRJ-SBSP,17:45,13,5,Pontual (D15),PONTUAL,0,186
ANAC_004488,2024-08-29,8,Thursday,AZU,AD 3240,SBBR,SBGR,SBBR-SBGR,15:15,-6,-2,Pontual (D15),PONTUAL,0,210
ANAC_004489,2024-12-23,12,Monday,GLO,G3 2320,SBSV,SBRJ,SBSV-SBRJ,20:45,11,8,Pontual (D15),PONTUAL,0,186
ANAC_004490,2024-02-06,2,Tuesday,TAM,LA 3506,SBBR,SBGR,SBBR-SBGR,15:15,9,-5,Pontual (D15),PONTUAL,0,186
ANAC_004491,2024-01-18,1,Thursday,GLO,G3 2528,SBSP,SBCT,SBSP-SBCT,06:30,9,12,Pontual (D15),PONTUAL,0,174
ANAC_004492,2024-04-05,4,Friday,TAM,LA 4608,SBBR,SBCF,SBBR-SBCF,19:45,62,63,Atraso Moderado (46-120 min),SOLO,11320,162
ANAC_004493,2024-08-06,8,Tuesday,GLO,G3 3884,SBKP,SBRF,SBKP-SBRF,21:45,155,146,Atraso Severo (> 120 min),MANUT,41900,162
ANAC_004494,2024-09-29,9,Sunday,TAM,LA 4824,SBRJ,SBSP,SBRJ-SBSP,11:30,175,158,Atraso Severo (> 120 min),MANUT,45500,210
ANAC_004495,2024-01-29,1,Monday,GLO,G3 3639,SBCF,SBKP,SBCF-SBKP,12:00,6,-6,Pontual (D15),PONTUAL,0,174
ANAC_004496,2024-08-29,8,Thursday,GLO,G3 4322,SBBR,SBGR,SBBR-SBGR,06:30,13,3,Pontual (D15),PONTUAL,0,174
ANAC_004497,2024-09-29,9,Sunday,TAM,LA 1680,SBSP,SBRJ,SBSP-SBRJ,08:45,6,2,Pontual (D15),PONTUAL,0,174
ANAC_004498,2024-11-25,11,Monday,TAM,LA 4738,SBGR,SBPA,SBGR-SBPA,10:30,-1,-9,Pontual (D15),PONTUAL,0,210
ANAC_004499,2024-02-13,2,Tuesday,AZU,AD 2777,SBGL,SBPA,SBGL-SBPA,21:00,7,11,Pontual (D15),PONTUAL,0,210
ANAC_004500,2024-04-09,4,Tuesday,GLO,G3 4426,SBCF,SBKP,SBCF-SBKP,06:30,54,56,Atraso Moderado (46-120 min),SOLO,10440,150
ANAC_004501,2024-03-28,3,Thursday,TAM,LA 3945,SBBR,SBGR,SBBR-SBGR,12:45,-4,-2,Pontual (D15),PONTUAL,0,150
ANAC_004502,2024-01-08,1,Monday,GLO,G3 4587,SBCF,SBKP,SBCF-SBKP,18:15,37,42,Atraso Leve (16-45 min),CREW,3145,162
ANAC_004503,2024-04-16,4,Tuesday,TAM,LA 2653,SBSV,SBBR,SBSV-SBBR,14:15,2,-3,Pontual (D15),PONTUAL,0,186
ANAC_004504,2024-11-27,11,Wednesday,AZU,AD 3378,SBGR,SBPA,SBGR-SBPA,20:00,11,-5,Pontual (D15),PONTUAL,0,174
ANAC_004505,2024-09-27,9,Friday,AZU,AD 2136,SBRJ,SBCT,SBRJ-SBCT,12:45,42,44,Atraso Leve (16-45 min),CONEX,3570,210
ANAC_004506,2024-11-11,11,Monday,GLO,G3 2003,SBPA,SBGL,SBPA-SBGL,21:15,0,0,Cancelado,MANUT,48219,150
ANAC_004507,2024-02-19,2,Monday,AZU,AD 3741,SBCF,SBKP,SBCF-SBKP,08:45,65,71,Atraso Moderado (46-120 min),CLIMA,11650,162
ANAC_004508,2024-11-18,11,Monday,GLO,G3 4304,SBGL,SBRJ,SBGL-SBRJ,22:30,30,31,Atraso Leve (16-45 min),CONEX,2550,210
ANAC_004509,2024-05-28,5,Tuesday,GLO,G3 1326,SBRJ,SBCF,SBRJ-SBCF,19:15,0,3,Pontual (D15),PONTUAL,0,210
ANAC_004510,2024-10-03,10,Thursday,TAM,LA 2940,SBSP,SBRJ,SBSP-SBRJ,19:45,-8,-3,Pontual (D15),PONTUAL,0,174
ANAC_004511,2024-04-01,4,Monday,TAM,LA 4543,SBGR,SBBR,SBGR-SBBR,21:45,60,58,Atraso Moderado (46-120 min),ATC,11100,150
ANAC_004512,2024-12-06,12,Friday,TAM,LA 4511,SBGR,SBPA,SBGR-SBPA,18:30,0,9,Pontual (D15),PONTUAL,0,210
ANAC_004513,2024-02-10,2,Saturday,TAM,LA 3387,SBSP,SBRJ,SBSP-SBRJ,06:30,-5,-5,Pontual (D15),PONTUAL,0,186
ANAC_004514,2024-07-23,7,Tuesday,GLO,G3 1931,SBGR,SBPA,SBGR-SBPA,16:30,14,9,Pontual (D15),PONTUAL,0,138
ANAC_004515,2024-10-17,10,Thursday,TAM,LA 3419,SBKP,SBRF,SBKP-SBRF,20:15,3,1,Pontual (D15),PONTUAL,0,150
ANAC_004516,2024-10-21,10,Monday,GLO,G3 2557,SBSP,SBRJ,SBSP-SBRJ,14:15,18,17,Atraso Leve (16-45 min),CONEX,1530,162
ANAC_004517,2024-01-05,1,Friday,AZU,AD 1421,SBGR,SBPA,SBGR-SBPA,18:45,74,64,Atraso Moderado (46-120 min),CLIMA,12640,162
ANAC_004518,2024-08-01,8,Thursday,AZU,AD 1841,SBGR,SBSV,SBGR-SBSV,17:45,47,40,Atraso Moderado (46-120 min),CREW,9670,174
ANAC_004519,2024-03-21,3,Thursday,GLO,G3 1227,SBGR,SBRJ,SBGR-SBRJ,22:30,-2,3,Pontual (D15),PONTUAL,0,150
ANAC_004520,2024-07-31,7,Wednesday,GLO,G3 3957,SBRF,SBPA,SBRF-SBPA,22:45,19,20,Atraso Leve (16-45 min),SOLO,1615,138
ANAC_004521,2024-06-19,6,Wednesday,TAM,LA 3188,SBSP,SBRJ,SBSP-SBRJ,22:45,8,0,Pontual (D15),PONTUAL,0,138
ANAC_004522,2024-11-28,11,Thursday,TAM,LA 1374,SBSV,SBKP,SBSV-SBKP,15:45,-7,-2,Pontual (D15),PONTUAL,0,138
ANAC_004523,2024-04-20,4,Saturday,TAM,LA 2741,SBRJ,SBSP,SBRJ-SBSP,13:00,55,55,Atraso Moderado (46-120 min),ATC,10550,162
ANAC_004524,2024-07-22,7,Monday,TAM,LA 1397,SBCF,SBKP,SBCF-SBKP,17:15,71,70,Atraso Moderado (46-120 min),CLIMA,12310,138
ANAC_004525,2024-12-21,12,Saturday,AZU,AD 2080,SBSP,SBRJ,SBSP-SBRJ,14:30,0,11,Pontual (D15),PONTUAL,0,174
ANAC_004526,2024-04-15,4,Monday,GLO,G3 3144,SBCF,SBKP,SBCF-SBKP,07:15,96,91,Atraso Moderado (46-120 min),MANUT,15060,138
ANAC_004527,2024-10-03,10,Thursday,GLO,G3 4675,SBBR,SBCF,SBBR-SBCF,13:30,39,36,Atraso Leve (16-45 min),CONEX,3315,138
ANAC_004528,2024-03-09,3,Saturday,TAM,LA 1424,SBGR,SBCF,SBGR-SBCF,15:15,-8,-4,Pontual (D15),PONTUAL,0,210
ANAC_004529,2024-06-27,6,Thursday,PTB,2Z 1040,SBCT,SBBR,SBCT-SBBR,13:00,0,0,Cancelado,CLIMA,46816,186
ANAC_004530,2024-02-13,2,Tuesday,GLO,G3 1329,SBGR,SBBR,SBGR-SBBR,17:30,0,0,Cancelado,CLIMA,77607,150
ANAC_004531,2024-01-20,1,Saturday,PTB,2Z 3112,SBGR,SBBR,SBGR-SBBR,07:15,0,11,Pontual (D15),PONTUAL,0,186
ANAC_004532,2024-03-13,3,Wednesday,TAM,LA 2204,SBSP,SBRJ,SBSP-SBRJ,08:30,-8,11,Pontual (D15),PONTUAL,0,162
ANAC_004533,2024-05-20,5,Monday,PTB,2Z 1578,SBCT,SBRF,SBCT-SBRF,12:00,11,7,Pontual (D15),PONTUAL,0,162
ANAC_004534,2024-01-06,1,Saturday,TAM,LA 2424,SBPA,SBSV,SBPA-SBSV,15:45,9,1,Pontual (D15),PONTUAL,0,138
ANAC_004535,2024-02-23,2,Friday,TAM,LA 2350,SBGR,SBKP,SBGR-SBKP,14:45,40,37,Atraso Leve (16-45 min),CONEX,3400,174
ANAC_004536,2024-09-03,9,Tuesday,AZU,AD 4401,SBGR,SBSV,SBGR-SBSV,22:00,34,35,Atraso Leve (16-45 min),ATC,2890,174
ANAC_004537,2024-01-29,1,Monday,TAM,LA 3177,SBSP,SBRJ,SBSP-SBRJ,10:15,0,7,Pontual (D15),PONTUAL,0,150
ANAC_004538,2024-12-27,12,Friday,GLO,G3 4854,SBGR,SBSV,SBGR-SBSV,06:45,9,13,Pontual (D15),PONTUAL,0,150
ANAC_004539,2024-01-07,1,Sunday,AZU,AD 4392,SBCT,SBSV,SBCT-SBSV,19:30,8,0,Pontual (D15),PONTUAL,0,174
ANAC_004540,2024-10-18,10,Friday,GLO,G3 1741,SBKP,SBCF,SBKP-SBCF,14:00,47,44,Atraso Moderado (46-120 min),SOLO,9670,186
ANAC_004541,2024-09-02,9,Monday,GLO,G3 1911,SBPA,SBBR,SBPA-SBBR,21:30,14,2,Pontual (D15),PONTUAL,0,138
ANAC_004542,2024-01-08,1,Monday,AZU,AD 1398,SBRJ,SBBR,SBRJ-SBBR,08:00,160,137,Atraso Severo (> 120 min),MANUT,42800,174
ANAC_004543,2024-11-18,11,Monday,TAM,LA 2379,SBPA,SBKP,SBPA-SBKP,14:15,10,0,Pontual (D15),PONTUAL,0,186
ANAC_004544,2024-06-26,6,Wednesday,TAM,LA 3523,SBBR,SBRJ,SBBR-SBRJ,12:00,0,-1,Pontual (D15),PONTUAL,0,186
ANAC_004545,2024-02-16,2,Friday,GLO,G3 4723,SBGL,SBRJ,SBGL-SBRJ,20:00,16,14,Atraso Leve (16-45 min),CLIMA,1360,162
ANAC_004546,2024-12-11,12,Wednesday,AZU,AD 3907,SBGR,SBBR,SBGR-SBBR,09:30,6,-5,Pontual (D15),PONTUAL,0,138
ANAC_004547,2024-01-22,1,Monday,AZU,AD 4142,SBSV,SBGR,SBSV-SBGR,10:15,1,0,Pontual (D15),PONTUAL,0,186
ANAC_004548,2024-11-06,11,Wednesday,GLO,G3 3185,SBGR,SBPA,SBGR-SBPA,18:15,17,14,Atraso Leve (16-45 min),SOLO,1445,162
ANAC_004549,2024-12-15,12,Sunday,GLO,G3 4814,SBKP,SBRF,SBKP-SBRF,09:00,10,-1,Pontual (D15),PONTUAL,0,162
ANAC_004550,2024-06-18,6,Tuesday,GLO,G3 3541,SBBR,SBGR,SBBR-SBGR,17:45,52,57,Atraso Moderado (46-120 min),CONEX,10220,174
ANAC_004551,2024-08-21,8,Wednesday,GLO,G3 2576,SBGR,SBPA,SBGR-SBPA,18:00,59,67,Atraso Moderado (46-120 min),CLIMA,10990,150
ANAC_004552,2024-09-25,9,Wednesday,GLO,G3 3986,SBRJ,SBPA,SBRJ-SBPA,06:00,88,95,Atraso Moderado (46-120 min),CONEX,14180,138
ANAC_004553,2024-11-17,11,Sunday,AZU,AD 1616,SBGR,SBBR,SBGR-SBBR,21:15,3,7,Pontual (D15),PONTUAL,0,210
ANAC_004554,2024-02-17,2,Saturday,GLO,G3 3419,SBKP,SBCF,SBKP-SBCF,14:15,33,34,Atraso Leve (16-45 min),SOLO,2805,174
ANAC_004555,2024-05-23,5,Thursday,GLO,G3 1447,SBGR,SBSV,SBGR-SBSV,16:00,19,20,Atraso Leve (16-45 min),ATC,1615,162
ANAC_004556,2024-07-10,7,Wednesday,PTB,2Z 3745,SBCF,SBSV,SBCF-SBSV,08:45,7,-1,Pontual (D15),PONTUAL,0,138
ANAC_004557,2024-09-13,9,Friday,TAM,LA 2715,SBSP,SBPA,SBSP-SBPA,22:30,10,-6,Pontual (D15),PONTUAL,0,150
ANAC_004558,2024-09-18,9,Wednesday,TAM,LA 2170,SBRF,SBGR,SBRF-SBGR,08:30,58,51,Atraso Moderado (46-120 min),CREW,10880,210
ANAC_004559,2024-06-14,6,Friday,GLO,G3 3393,SBBR,SBCF,SBBR-SBCF,16:30,0,7,Pontual (D15),PONTUAL,0,150
ANAC_004560,2024-07-03,7,Wednesday,AZU,AD 2617,SBGR,SBSV,SBGR-SBSV,13:00,8,7,Pontual (D15),PONTUAL,0,186
ANAC_004561,2024-08-27,8,Tuesday,PTB,2Z 2049,SBGL,SBSP,SBGL-SBSP,13:30,37,42,Atraso Leve (16-45 min),CONEX,3145,68
ANAC_004562,2024-10-20,10,Sunday,TAM,LA 1182,SBGR,SBBR,SBGR-SBBR,11:00,58,56,Atraso Moderado (46-120 min),SOLO,10880,174
ANAC_004563,2024-06-25,6,Tuesday,TAM,LA 3771,SBGR,SBPA,SBGR-SBPA,08:30,23,19,Atraso Leve (16-45 min),CONEX,1955,150
ANAC_004564,2024-05-29,5,Wednesday,GLO,G3 3326,SBKP,SBRF,SBKP-SBRF,20:30,9,-2,Pontual (D15),PONTUAL,0,162
ANAC_004565,2024-08-02,8,Friday,GLO,G3 4229,SBKP,SBRF,SBKP-SBRF,10:00,11,-1,Pontual (D15),PONTUAL,0,150
ANAC_004566,2024-10-04,10,Friday,TAM,LA 1062,SBGR,SBPA,SBGR-SBPA,12:15,22,22,Atraso Leve (16-45 min),ATC,1870,162
ANAC_004567,2024-07-08,7,Monday,AZU,AD 3363,SBBR,SBGR,SBBR-SBGR,12:15,-7,-11,Pontual (D15),PONTUAL,0,162
ANAC_004568,2024-04-13,4,Saturday,TAM,LA 2588,SBPA,SBCF,SBPA-SBCF,12:15,12,-5,Pontual (D15),PONTUAL,0,186
ANAC_004569,2024-12-02,12,Monday,GLO,G3 2862,SBGR,SBSV,SBGR-SBSV,10:15,38,34,Atraso Leve (16-45 min),CONEX,3230,174
ANAC_004570,2024-01-31,1,Wednesday,TAM,LA 3190,SBKP,SBSV,SBKP-SBSV,06:00,59,64,Atraso Moderado (46-120 min),CREW,10990,162
ANAC_004571,2024-05-04,5,Saturday,TAM,LA 4855,SBSP,SBGL,SBSP-SBGL,22:30,-9,10,Pontual (D15),PONTUAL,0,138
ANAC_004572,2024-12-21,12,Saturday,AZU,AD 1405,SBRJ,SBSP,SBRJ-SBSP,10:00,8,9,Pontual (D15),PONTUAL,0,210
ANAC_004573,2024-10-12,10,Saturday,TAM,LA 3128,SBGR,SBBR,SBGR-SBBR,14:45,10,-8,Pontual (D15),PONTUAL,0,150
ANAC_004574,2024-07-11,7,Thursday,GLO,G3 4002,SBBR,SBGR,SBBR-SBGR,22:45,13,1,Pontual (D15),PONTUAL,0,138
ANAC_004575,2024-02-26,2,Monday,TAM,LA 3200,SBGR,SBSV,SBGR-SBSV,11:30,-2,-8,Pontual (D15),PONTUAL,0,150
ANAC_004576,2024-02-06,2,Tuesday,TAM,LA 4560,SBCT,SBCF,SBCT-SBCF,08:30,63,69,Atraso Moderado (46-120 min),SOLO,11430,186
ANAC_004577,2024-06-29,6,Saturday,AZU,AD 1417,SBGR,SBBR,SBGR-SBBR,09:15,61,62,Atraso Moderado (46-120 min),CLIMA,11210,186
ANAC_004578,2024-02-26,2,Monday,GLO,G3 3549,SBGR,SBSV,SBGR-SBSV,17:15,-5,-2,Pontual (D15),PONTUAL,0,174
ANAC_004579,2024-08-23,8,Friday,TAM,LA 2810,SBKP,SBRF,SBKP-SBRF,06:45,8,-10,Pontual (D15),PONTUAL,0,138
ANAC_004580,2024-10-12,10,Saturday,AZU,AD 1591,SBSV,SBGL,SBSV-SBGL,19:15,0,0,Cancelado,MANUT,65660,162
ANAC_004581,2024-08-23,8,Friday,AZU,AD 4416,SBCF,SBKP,SBCF-SBKP,09:00,43,45,Atraso Leve (16-45 min),ATC,3655,150
ANAC_004582,2024-08-20,8,Tuesday,GLO,G3 3206,SBGR,SBCT,SBGR-SBCT,15:15,4,13,Pontual (D15),PONTUAL,0,210
ANAC_004583,2024-09-15,9,Sunday,AZU,AD 4397,SBRJ,SBSP,SBRJ-SBSP,07:15,12,-6,Pontual (D15),PONTUAL,0,210
ANAC_004584,2024-04-03,4,Wednesday,GLO,G3 3268,SBBR,SBRF,SBBR-SBRF,09:00,3,-6,Pontual (D15),PONTUAL,0,186
ANAC_004585,2024-11-01,11,Friday,GLO,G3 3807,SBSP,SBRJ,SBSP-SBRJ,07:45,30,33,Atraso Leve (16-45 min),CLIMA,2550,150
ANAC_004586,2024-06-16,6,Sunday,AZU,AD 3487,SBGR,SBBR,SBGR-SBBR,09:30,2,-7,Pontual (D15),PONTUAL,0,186
ANAC_004587,2024-11-06,11,Wednesday,GLO,G3 3139,SBKP,SBRF,SBKP-SBRF,10:15,2,2,Pontual (D15),PONTUAL,0,162
ANAC_004588,2024-02-28,2,Wednesday,GLO,G3 1740,SBKP,SBCF,SBKP-SBCF,08:15,-3,-7,Pontual (D15),PONTUAL,0,210
ANAC_004589,2024-11-11,11,Monday,TAM,LA 2320,SBGR,SBSV,SBGR-SBSV,20:15,-6,0,Pontual (D15),PONTUAL,0,174
ANAC_004590,2024-02-02,2,Friday,GLO,G3 3854,SBGR,SBPA,SBGR-SBPA,20:15,48,47,Atraso Moderado (46-120 min),CREW,9780,138
ANAC_004591,2024-08-26,8,Monday,TAM,LA 4611,SBBR,SBCF,SBBR-SBCF,11:00,-4,3,Pontual (D15),PONTUAL,0,162
ANAC_004592,2024-08-04,8,Sunday,GLO,G3 3074,SBSP,SBGL,SBSP-SBGL,13:30,1,3,Pontual (D15),PONTUAL,0,186
ANAC_004593,2024-10-31,10,Thursday,AZU,AD 4284,SBSP,SBRJ,SBSP-SBRJ,15:30,60,65,Atraso Moderado (46-120 min),SOLO,11100,210
ANAC_004594,2024-02-23,2,Friday,TAM,LA 2814,SBSP,SBRJ,SBSP-SBRJ,10:15,64,59,Atraso Moderado (46-120 min),CLIMA,11540,162
ANAC_004595,2024-10-28,10,Monday,GLO,G3 4765,SBKP,SBGR,SBKP-SBGR,14:15,6,-7,Pontual (D15),PONTUAL,0,138
ANAC_004596,2024-08-04,8,Sunday,AZU,AD 4234,SBGR,SBGL,SBGR-SBGL,20:00,-5,8,Pontual (D15),PONTUAL,0,186
ANAC_004597,2024-12-09,12,Monday,GLO,G3 4492,SBBR,SBKP,SBBR-SBKP,22:45,124,118,Atraso Severo (> 120 min),MANUT,36320,210
ANAC_004598,2024-12-22,12,Sunday,TAM,LA 3275,SBRF,SBGR,SBRF-SBGR,16:15,84,77,Atraso Moderado (46-120 min),MANUT,13740,210
ANAC_004599,2024-04-07,4,Sunday,AZU,AD 1333,SBCT,SBBR,SBCT-SBBR,21:45,13,4,Pontual (D15),PONTUAL,0,174
ANAC_004600,2024-04-04,4,Thursday,AZU,AD 2242,SBSP,SBRJ,SBSP-SBRJ,14:30,-7,10,Pontual (D15),PONTUAL,0,150
ANAC_004601,2024-07-04,7,Thursday,TAM,LA 2797,SBRJ,SBSP,SBRJ-SBSP,11:45,8,5,Pontual (D15),PONTUAL,0,186
ANAC_004602,2024-08-13,8,Tuesday,AZU,AD 3362,SBBR,SBCF,SBBR-SBCF,12:30,0,-11,Pontual (D15),PONTUAL,0,210
ANAC_004603,2024-02-14,2,Wednesday,GLO,G3 4978,SBGR,SBPA,SBGR-SBPA,20:30,12,6,Pontual (D15),PONTUAL,0,150
ANAC_004604,2024-01-30,1,Tuesday,TAM,LA 3922,SBBR,SBCF,SBBR-SBCF,20:45,-5,-6,Pontual (D15),PONTUAL,0,138
ANAC_004605,2024-06-06,6,Thursday,TAM,LA 3642,SBGR,SBSV,SBGR-SBSV,09:00,105,104,Atraso Moderado (46-120 min),CLIMA,16050,150
ANAC_004606,2024-11-05,11,Tuesday,GLO,G3 3827,SBSP,SBGL,SBSP-SBGL,09:30,9,-4,Pontual (D15),PONTUAL,0,138
ANAC_004607,2024-06-29,6,Saturday,GLO,G3 4774,SBKP,SBRF,SBKP-SBRF,21:30,93,100,Atraso Moderado (46-120 min),CONEX,14730,174
ANAC_004608,2024-06-11,6,Tuesday,GLO,G3 1132,SBSP,SBRJ,SBSP-SBRJ,21:45,13,-1,Pontual (D15),PONTUAL,0,210
ANAC_004609,2024-07-26,7,Friday,GLO,G3 1358,SBBR,SBRF,SBBR-SBRF,12:00,14,6,Pontual (D15),PONTUAL,0,210
ANAC_004610,2024-08-16,8,Friday,TAM,LA 1788,SBGR,SBPA,SBGR-SBPA,06:15,42,47,Atraso Leve (16-45 min),CREW,3570,162
ANAC_004611,2024-02-26,2,Monday,TAM,LA 1549,SBGR,SBPA,SBGR-SBPA,22:15,-5,-1,Pontual (D15),PONTUAL,0,162
ANAC_004612,2024-08-22,8,Thursday,TAM,LA 2271,SBSP,SBRJ,SBSP-SBRJ,07:30,-2,-9,Pontual (D15),PONTUAL,0,186
ANAC_004613,2024-10-22,10,Tuesday,AZU,AD 1289,SBGR,SBPA,SBGR-SBPA,10:00,-3,-11,Pontual (D15),PONTUAL,0,138
ANAC_004614,2024-01-17,1,Wednesday,TAM,LA 2212,SBKP,SBRF,SBKP-SBRF,19:30,3,-4,Pontual (D15),PONTUAL,0,138
ANAC_004615,2024-12-29,12,Sunday,AZU,AD 1229,SBCF,SBKP,SBCF-SBKP,16:45,3,2,Pontual (D15),PONTUAL,0,186
ANAC_004616,2024-09-25,9,Wednesday,AZU,AD 1081,SBBR,SBGR,SBBR-SBGR,08:45,-2,0,Pontual (D15),PONTUAL,0,210
ANAC_004617,2024-08-17,8,Saturday,AZU,AD 2955,SBPA,SBGL,SBPA-SBGL,20:30,12,8,Pontual (D15),PONTUAL,0,150
ANAC_004618,2024-11-02,11,Saturday,AZU,AD 2066,SBGR,SBCT,SBGR-SBCT,21:45,11,9,Pontual (D15),PONTUAL,0,210
ANAC_004619,2024-10-09,10,Wednesday,GLO,G3 3073,SBGR,SBBR,SBGR-SBBR,13:45,-7,10,Pontual (D15),PONTUAL,0,210
ANAC_004620,2024-09-08,9,Sunday,TAM,LA 1779,SBSP,SBRJ,SBSP-SBRJ,13:45,-1,-1,Pontual (D15),PONTUAL,0,174
ANAC_004621,2024-11-25,11,Monday,TAM,LA 4002,SBGR,SBBR,SBGR-SBBR,08:00,38,42,Atraso Leve (16-45 min),CLIMA,3230,150
ANAC_004622,2024-01-28,1,Sunday,GLO,G3 3295,SBRJ,SBSP,SBRJ-SBSP,22:00,20,19,Atraso Leve (16-45 min),ATC,1700,174
ANAC_004623,2024-01-07,1,Sunday,PTB,2Z 3342,SBPA,SBSV,SBPA-SBSV,08:45,13,4,Pontual (D15),PONTUAL,0,174
ANAC_004624,2024-08-25,8,Sunday,GLO,G3 3354,SBKP,SBSP,SBKP-SBSP,15:15,60,64,Atraso Moderado (46-120 min),CLIMA,11100,186
ANAC_004625,2024-02-18,2,Sunday,TAM,LA 2121,SBGR,SBSV,SBGR-SBSV,21:45,-9,11,Pontual (D15),PONTUAL,0,138
ANAC_004626,2024-09-24,9,Tuesday,AZU,AD 4880,SBSV,SBCT,SBSV-SBCT,07:00,-4,2,Pontual (D15),PONTUAL,0,150
ANAC_004627,2024-08-02,8,Friday,TAM,LA 2542,SBGR,SBPA,SBGR-SBPA,14:45,94,107,Atraso Moderado (46-120 min),CLIMA,14840,174
ANAC_004628,2024-01-20,1,Saturday,TAM,LA 4749,SBSP,SBGL,SBSP-SBGL,18:15,-1,-3,Pontual (D15),PONTUAL,0,186
ANAC_004629,2024-07-06,7,Saturday,TAM,LA 2256,SBKP,SBCF,SBKP-SBCF,15:15,-8,6,Pontual (D15),PONTUAL,0,186
ANAC_004630,2024-03-13,3,Wednesday,TAM,LA 1121,SBGR,SBBR,SBGR-SBBR,08:45,35,30,Atraso Leve (16-45 min),CONEX,2975,174
ANAC_004631,2024-07-14,7,Sunday,AZU,AD 1849,SBSP,SBRJ,SBSP-SBRJ,18:00,12,3,Pontual (D15),PONTUAL,0,174
ANAC_004632,2024-01-09,1,Tuesday,TAM,LA 4716,SBRJ,SBSP,SBRJ-SBSP,22:15,8,8,Pontual (D15),PONTUAL,0,150
ANAC_004633,2024-08-19,8,Monday,AZU,AD 1676,SBGR,SBBR,SBGR-SBBR,12:00,-4,0,Pontual (D15),PONTUAL,0,210
ANAC_004634,2024-03-05,3,Tuesday,AZU,AD 3956,SBCF,SBKP,SBCF-SBKP,06:15,4,6,Pontual (D15),PONTUAL,0,162
ANAC_004635,2024-08-17,8,Saturday,TAM,LA 2892,SBBR,SBGR,SBBR-SBGR,18:30,18,17,Atraso Leve (16-45 min),CONEX,1530,174
ANAC_004636,2024-01-10,1,Wednesday,TAM,LA 2318,SBSP,SBSV,SBSP-SBSV,09:45,-1,-3,Pontual (D15),PONTUAL,0,138
ANAC_004637,2024-11-05,11,Tuesday,TAM,LA 2024,SBPA,SBRJ,SBPA-SBRJ,09:30,47,49,Atraso Moderado (46-120 min),ATC,9670,162
ANAC_004638,2024-06-28,6,Friday,GLO,G3 4141,SBBR,SBGR,SBBR-SBGR,13:15,123,129,Atraso Severo (> 120 min),CLIMA,36140,210
ANAC_004639,2024-04-19,4,Friday,TAM,LA 2427,SBKP,SBCF,SBKP-SBCF,09:30,-4,5,Pontual (D15),PONTUAL,0,162
ANAC_004640,2024-01-29,1,Monday,GLO,G3 4276,SBGR,SBSV,SBGR-SBSV,16:15,5,12,Pontual (D15),PONTUAL,0,174
ANAC_004641,2024-08-10,8,Saturday,GLO,G3 2053,SBSP,SBRJ,SBSP-SBRJ,11:30,30,29,Atraso Leve (16-45 min),CONEX,2550,210
ANAC_004642,2024-08-09,8,Friday,AZU,AD 4959,SBGR,SBSV,SBGR-SBSV,15:15,3,2,Pontual (D15),PONTUAL,0,162
ANAC_004643,2024-03-04,3,Monday,AZU,AD 4137,SBBR,SBGR,SBBR-SBGR,08:30,1,-9,Pontual (D15),PONTUAL,0,210
ANAC_004644,2024-10-15,10,Tuesday,GLO,G3 1338,SBBR,SBCF,SBBR-SBCF,19:15,-4,11,Pontual (D15),PONTUAL,0,162
ANAC_004645,2024-06-16,6,Sunday,TAM,LA 4512,SBSP,SBRJ,SBSP-SBRJ,07:30,69,77,Atraso Moderado (46-120 min),CLIMA,12090,174
ANAC_004646,2024-11-03,11,Sunday,AZU,AD 3035,SBBR,SBKP,SBBR-SBKP,10:00,2,-7,Pontual (D15),PONTUAL,0,162
ANAC_004647,2024-01-28,1,Sunday,TAM,LA 3713,SBGR,SBSV,SBGR-SBSV,17:00,0,-2,Pontual (D15),PONTUAL,0,174
ANAC_004648,2024-04-10,4,Wednesday,AZU,AD 1282,SBBR,SBGR,SBBR-SBGR,06:00,13,8,Pontual (D15),PONTUAL,0,174
ANAC_004649,2024-06-03,6,Monday,AZU,AD 4031,SBKP,SBGL,SBKP-SBGL,11:45,-9,8,Pontual (D15),PONTUAL,0,210
ANAC_004650,2024-06-29,6,Saturday,TAM,LA 4235,SBCF,SBBR,SBCF-SBBR,22:00,30,32,Atraso Leve (16-45 min),SOLO,2550,210
ANAC_004651,2024-11-30,11,Saturday,TAM,LA 1944,SBCT,SBGR,SBCT-SBGR,06:15,-1,-6,Pontual (D15),PONTUAL,0,138
ANAC_004652,2024-05-15,5,Wednesday,PTB,2Z 3548,SBRJ,SBCT,SBRJ-SBCT,09:45,0,0,Cancelado,CLIMA,55287,68
ANAC_004653,2024-08-29,8,Thursday,GLO,G3 4398,SBGR,SBCF,SBGR-SBCF,10:30,6,3,Pontual (D15),PONTUAL,0,174
ANAC_004654,2024-09-21,9,Saturday,GLO,G3 1546,SBBR,SBRF,SBBR-SBRF,15:00,0,0,Cancelado,CREW,43294,138
ANAC_004655,2024-02-13,2,Tuesday,TAM,LA 4329,SBCT,SBCF,SBCT-SBCF,10:45,13,-1,Pontual (D15),PONTUAL,0,138
ANAC_004656,2024-04-23,4,Tuesday,GLO,G3 1080,SBSP,SBKP,SBSP-SBKP,09:30,-2,-9,Pontual (D15),PONTUAL,0,162
ANAC_004657,2024-04-22,4,Monday,AZU,AD 1244,SBGR,SBBR,SBGR-SBBR,18:30,-2,1,Pontual (D15),PONTUAL,0,186
ANAC_004658,2024-04-08,4,Monday,TAM,LA 1346,SBKP,SBRF,SBKP-SBRF,18:15,-9,8,Pontual (D15),PONTUAL,0,186
ANAC_004659,2024-07-07,7,Sunday,TAM,LA 3793,SBRF,SBSP,SBRF-SBSP,18:00,25,26,Atraso Leve (16-45 min),ATC,2125,210
ANAC_004660,2024-05-16,5,Thursday,AZU,AD 1557,SBCT,SBSP,SBCT-SBSP,13:15,4,-8,Pontual (D15),PONTUAL,0,150
ANAC_004661,2024-09-11,9,Wednesday,TAM,LA 4196,SBSP,SBRJ,SBSP-SBRJ,13:45,2,10,Pontual (D15),PONTUAL,0,210
ANAC_004662,2024-02-20,2,Tuesday,TAM,LA 4102,SBKP,SBCF,SBKP-SBCF,08:45,6,10,Pontual (D15),PONTUAL,0,138
ANAC_004663,2024-09-11,9,Wednesday,GLO,G3 2266,SBGR,SBSV,SBGR-SBSV,22:45,110,98,Atraso Moderado (46-120 min),MANUT,16600,138
ANAC_004664,2024-09-01,9,Sunday,AZU,AD 3030,SBSP,SBRJ,SBSP-SBRJ,09:45,40,40,Atraso Leve (16-45 min),CONEX,3400,210
ANAC_004665,2024-04-13,4,Saturday,TAM,LA 1427,SBCF,SBSV,SBCF-SBSV,06:15,9,-4,Pontual (D15),PONTUAL,0,162
ANAC_004666,2024-10-21,10,Monday,TAM,LA 4218,SBCF,SBKP,SBCF-SBKP,12:00,6,0,Pontual (D15),PONTUAL,0,210
ANAC_004667,2024-05-29,5,Wednesday,GLO,G3 4082,SBGR,SBBR,SBGR-SBBR,12:30,-4,-6,Pontual (D15),PONTUAL,0,150
ANAC_004668,2024-09-17,9,Tuesday,GLO,G3 2377,SBGR,SBPA,SBGR-SBPA,10:30,20,19,Atraso Leve (16-45 min),ATC,1700,174
ANAC_004669,2024-01-20,1,Saturday,TAM,LA 3870,SBRJ,SBSP,SBRJ-SBSP,19:30,10,-11,Pontual (D15),PONTUAL,0,138
ANAC_004670,2024-07-17,7,Wednesday,GLO,G3 4563,SBBR,SBCF,SBBR-SBCF,11:45,-3,12,Pontual (D15),PONTUAL,0,174
ANAC_004671,2024-09-23,9,Monday,TAM,LA 4622,SBSP,SBKP,SBSP-SBKP,21:30,-4,1,Pontual (D15),PONTUAL,0,138
ANAC_004672,2024-08-27,8,Tuesday,TAM,LA 3900,SBBR,SBCF,SBBR-SBCF,16:15,30,29,Atraso Leve (16-45 min),ATC,2550,210
ANAC_004673,2024-11-06,11,Wednesday,TAM,LA 2098,SBBR,SBGR,SBBR-SBGR,19:45,53,46,Atraso Moderado (46-120 min),ATC,10330,138
ANAC_004674,2024-08-07,8,Wednesday,AZU,AD 2296,SBRJ,SBSP,SBRJ-SBSP,09:15,39,37,Atraso Leve (16-45 min),CONEX,3315,210
ANAC_004675,2024-06-21,6,Friday,GLO,G3 1546,SBKP,SBRF,SBKP-SBRF,06:00,-9,-11,Pontual (D15),PONTUAL,0,138
ANAC_004676,2024-12-17,12,Tuesday,TAM,LA 4250,SBGR,SBRF,SBGR-SBRF,08:15,61,56,Atraso Moderado (46-120 min),ATC,11210,162
ANAC_004677,2024-05-21,5,Tuesday,AZU,AD 4206,SBGR,SBPA,SBGR-SBPA,07:30,38,38,Atraso Leve (16-45 min),ATC,3230,162
ANAC_004678,2024-11-24,11,Sunday,GLO,G3 4642,SBRF,SBGR,SBRF-SBGR,18:30,-4,7,Pontual (D15),PONTUAL,0,174
ANAC_004679,2024-08-11,8,Sunday,GLO,G3 2261,SBCF,SBKP,SBCF-SBKP,07:45,0,7,Pontual (D15),PONTUAL,0,210
ANAC_004680,2024-11-24,11,Sunday,TAM,LA 3090,SBBR,SBCF,SBBR-SBCF,19:45,16,18,Atraso Leve (16-45 min),ATC,1360,210
ANAC_004681,2024-12-28,12,Saturday,GLO,G3 2071,SBKP,SBRF,SBKP-SBRF,07:15,12,9,Pontual (D15),PONTUAL,0,174
ANAC_004682,2024-04-10,4,Wednesday,GLO,G3 4915,SBGR,SBPA,SBGR-SBPA,21:00,0,9,Pontual (D15),PONTUAL,0,150
ANAC_004683,2024-12-25,12,Wednesday,GLO,G3 1389,SBRJ,SBSP,SBRJ-SBSP,17:30,26,22,Atraso Leve (16-45 min),SOLO,2210,150
ANAC_004684,2024-08-04,8,Sunday,AZU,AD 2039,SBPA,SBCT,SBPA-SBCT,10:00,3,-6,Pontual (D15),PONTUAL,0,162
ANAC_004685,2024-04-30,4,Tuesday,GLO,G3 3964,SBKP,SBCF,SBKP-SBCF,14:15,13,4,Pontual (D15),PONTUAL,0,174
ANAC_004686,2024-12-18,12,Wednesday,AZU,AD 2876,SBBR,SBRF,SBBR-SBRF,17:15,-9,-4,Pontual (D15),PONTUAL,0,186
ANAC_004687,2024-06-13,6,Thursday,GLO,G3 3287,SBSP,SBRJ,SBSP-SBRJ,21:15,79,86,Atraso Moderado (46-120 min),MANUT,13190,162
ANAC_004688,2024-10-18,10,Friday,TAM,LA 2029,SBGR,SBBR,SBGR-SBBR,15:45,19,18,Atraso Leve (16-45 min),MANUT,1615,138
ANAC_004689,2024-04-23,4,Tuesday,TAM,LA 2018,SBSV,SBSP,SBSV-SBSP,17:30,34,30,Atraso Leve (16-45 min),CONEX,2890,186
ANAC_004690,2024-05-02,5,Thursday,AZU,AD 3312,SBCF,SBKP,SBCF-SBKP,08:15,-6,-4,Pontual (D15),PONTUAL,0,138
ANAC_004691,2024-10-09,10,Wednesday,TAM,LA 1514,SBRF,SBSV,SBRF-SBSV,21:15,12,9,Pontual (D15),PONTUAL,0,186
ANAC_004692,2024-02-20,2,Tuesday,GLO,G3 3762,SBKP,SBRF,SBKP-SBRF,18:15,67,76,Atraso Moderado (46-120 min),MANUT,11870,138
ANAC_004693,2024-06-23,6,Sunday,GLO,G3 4650,SBRJ,SBSP,SBRJ-SBSP,12:15,1,-7,Pontual (D15),PONTUAL,0,174
ANAC_004694,2024-03-14,3,Thursday,GLO,G3 4176,SBSP,SBKP,SBSP-SBKP,15:30,45,42,Atraso Leve (16-45 min),CLIMA,3825,210
ANAC_004695,2024-05-28,5,Tuesday,GLO,G3 3993,SBRJ,SBSP,SBRJ-SBSP,21:30,14,5,Pontual (D15),PONTUAL,0,138
ANAC_004696,2024-05-23,5,Thursday,GLO,G3 3232,SBRJ,SBSP,SBRJ-SBSP,07:45,-7,3,Pontual (D15),PONTUAL,0,138
ANAC_004697,2024-11-08,11,Friday,GLO,G3 2727,SBCF,SBKP,SBCF-SBKP,07:30,14,3,Pontual (D15),PONTUAL,0,174
ANAC_004698,2024-12-14,12,Saturday,AZU,AD 4414,SBPA,SBGL,SBPA-SBGL,20:00,78,77,Atraso Moderado (46-120 min),MANUT,13080,210
ANAC_004699,2024-04-16,4,Tuesday,TAM,LA 2971,SBSP,SBRJ,SBSP-SBRJ,06:15,-1,11,Pontual (D15),PONTUAL,0,150
ANAC_004700,2024-01-24,1,Wednesday,PTB,2Z 3511,SBGR,SBPA,SBGR-SBPA,12:00,9,-1,Pontual (D15),PONTUAL,0,186
ANAC_004701,2024-03-22,3,Friday,GLO,G3 3476,SBRJ,SBSP,SBRJ-SBSP,19:00,11,-3,Pontual (D15),PONTUAL,0,174
ANAC_004702,2024-10-06,10,Sunday,GLO,G3 2889,SBSP,SBKP,SBSP-SBKP,12:45,23,22,Atraso Leve (16-45 min),CONEX,1955,186
ANAC_004703,2024-11-30,11,Saturday,GLO,G3 1259,SBGR,SBSV,SBGR-SBSV,22:30,14,8,Pontual (D15),PONTUAL,0,210
ANAC_004704,2024-05-09,5,Thursday,GLO,G3 4613,SBCF,SBKP,SBCF-SBKP,19:45,-7,-4,Pontual (D15),PONTUAL,0,150
ANAC_004705,2024-10-30,10,Wednesday,GLO,G3 1743,SBGR,SBSV,SBGR-SBSV,09:45,41,36,Atraso Leve (16-45 min),CREW,3485,174
ANAC_004706,2024-08-23,8,Friday,GLO,G3 1376,SBGR,SBSV,SBGR-SBSV,16:00,-5,13,Pontual (D15),PONTUAL,0,138
ANAC_004707,2024-03-20,3,Wednesday,AZU,AD 3065,SBCF,SBRJ,SBCF-SBRJ,13:45,0,13,Pontual (D15),PONTUAL,0,150
ANAC_004708,2024-08-29,8,Thursday,TAM,LA 3253,SBGR,SBBR,SBGR-SBBR,17:45,48,51,Atraso Moderado (46-120 min),CONEX,9780,150
ANAC_004709,2024-01-18,1,Thursday,AZU,AD 4497,SBPA,SBRF,SBPA-SBRF,10:30,11,8,Pontual (D15),PONTUAL,0,174
ANAC_004710,2024-03-24,3,Sunday,GLO,G3 4184,SBKP,SBGR,SBKP-SBGR,09:30,0,0,Cancelado,CLIMA,69346,210
ANAC_004711,2024-01-17,1,Wednesday,TAM,LA 2262,SBBR,SBGR,SBBR-SBGR,07:00,60,54,Atraso Moderado (46-120 min),SOLO,11100,174
ANAC_004712,2024-09-22,9,Sunday,TAM,LA 1257,SBCF,SBKP,SBCF-SBKP,14:00,62,65,Atraso Moderado (46-120 min),ATC,11320,186
ANAC_004713,2024-07-17,7,Wednesday,AZU,AD 1339,SBKP,SBRF,SBKP-SBRF,19:00,8,6,Pontual (D15),PONTUAL,0,150
ANAC_004714,2024-09-30,9,Monday,TAM,LA 3538,SBRF,SBBR,SBRF-SBBR,20:45,14,4,Pontual (D15),PONTUAL,0,150
ANAC_004715,2024-07-13,7,Saturday,TAM,LA 1817,SBKP,SBGR,SBKP-SBGR,21:15,4,-1,Pontual (D15),PONTUAL,0,210
ANAC_004716,2024-11-11,11,Monday,AZU,AD 3198,SBRJ,SBSP,SBRJ-SBSP,21:00,0,0,Cancelado,CREW,74360,150
ANAC_004717,2024-03-03,3,Sunday,TAM,LA 3230,SBBR,SBCF,SBBR-SBCF,14:15,12,-9,Pontual (D15),PONTUAL,0,138
ANAC_004718,2024-01-25,1,Thursday,GLO,G3 3174,SBSP,SBRJ,SBSP-SBRJ,09:45,29,32,Atraso Leve (16-45 min),CONEX,2465,186
ANAC_004719,2024-11-16,11,Saturday,AZU,AD 1872,SBBR,SBRJ,SBBR-SBRJ,07:15,79,71,Atraso Moderado (46-120 min),CLIMA,13190,174
ANAC_004720,2024-09-13,9,Friday,TAM,LA 2973,SBGR,SBSV,SBGR-SBSV,16:00,29,29,Atraso Leve (16-45 min),CONEX,2465,162
ANAC_004721,2024-09-03,9,Tuesday,TAM,LA 1079,SBRJ,SBSP,SBRJ-SBSP,10:45,10,-5,Pontual (D15),PONTUAL,0,210
ANAC_004722,2024-09-22,9,Sunday,GLO,G3 3535,SBBR,SBGR,SBBR-SBGR,13:45,8,-9,Pontual (D15),PONTUAL,0,174
ANAC_004723,2024-08-09,8,Friday,GLO,G3 3577,SBPA,SBGR,SBPA-SBGR,22:45,4,10,Pontual (D15),PONTUAL,0,162
ANAC_004724,2024-01-14,1,Sunday,AZU,AD 4556,SBGR,SBSV,SBGR-SBSV,07:30,1,-5,Pontual (D15),PONTUAL,0,138
ANAC_004725,2024-10-18,10,Friday,TAM,LA 1946,SBCT,SBSP,SBCT-SBSP,15:45,0,-1,Pontual (D15),PONTUAL,0,138
ANAC_004726,2024-09-13,9,Friday,AZU,AD 1609,SBKP,SBCF,SBKP-SBCF,12:45,34,37,Atraso Leve (16-45 min),ATC,2890,162
ANAC_004727,2024-02-06,2,Tuesday,GLO,G3 2330,SBCT,SBRF,SBCT-SBRF,16:15,6,7,Pontual (D15),PONTUAL,0,186
ANAC_004728,2024-05-28,5,Tuesday,GLO,G3 2663,SBBR,SBGR,SBBR-SBGR,14:30,2,-5,Pontual (D15),PONTUAL,0,138
ANAC_004729,2024-11-13,11,Wednesday,GLO,G3 4880,SBGR,SBPA,SBGR-SBPA,08:30,-3,8,Pontual (D15),PONTUAL,0,138
ANAC_004730,2024-11-25,11,Monday,TAM,LA 2234,SBKP,SBCF,SBKP-SBCF,16:45,4,-7,Pontual (D15),PONTUAL,0,210
ANAC_004731,2024-03-23,3,Saturday,GLO,G3 1255,SBRJ,SBSP,SBRJ-SBSP,10:15,9,2,Pontual (D15),PONTUAL,0,210
ANAC_004732,2024-02-04,2,Sunday,GLO,G3 2351,SBGR,SBBR,SBGR-SBBR,10:45,-5,-5,Pontual (D15),PONTUAL,0,186
ANAC_004733,2024-12-02,12,Monday,TAM,LA 3986,SBBR,SBCF,SBBR-SBCF,11:15,-2,9,Pontual (D15),PONTUAL,0,138
ANAC_004734,2024-06-03,6,Monday,GLO,G3 2144,SBGR,SBBR,SBGR-SBBR,19:45,121,132,Atraso Severo (> 120 min),CLIMA,35780,138
ANAC_004735,2024-10-15,10,Tuesday,TAM,LA 1200,SBRF,SBCF,SBRF-SBCF,07:45,14,-2,Pontual (D15),PONTUAL,0,162
ANAC_004736,2024-07-20,7,Saturday,GLO,G3 3177,SBCT,SBGR,SBCT-SBGR,21:45,-9,5,Pontual (D15),PONTUAL,0,174
ANAC_004737,2024-12-24,12,Tuesday,AZU,AD 1443,SBBR,SBGR,SBBR-SBGR,20:15,11,-9,Pontual (D15),PONTUAL,0,186
ANAC_004738,2024-05-02,5,Thursday,TAM,LA 4164,SBGR,SBSV,SBGR-SBSV,11:30,1,9,Pontual (D15),PONTUAL,0,174
ANAC_004739,2024-10-10,10,Thursday,GLO,G3 4180,SBGR,SBSV,SBGR-SBSV,09:15,1,6,Pontual (D15),PONTUAL,0,174
ANAC_004740,2024-07-27,7,Saturday,TAM,LA 4360,SBBR,SBCF,SBBR-SBCF,16:45,-7,-1,Pontual (D15),PONTUAL,0,150
ANAC_004741,2024-06-27,6,Thursday,GLO,G3 4860,SBRJ,SBCT,SBRJ-SBCT,07:00,59,55,Atraso Moderado (46-120 min),CREW,10990,174
ANAC_004742,2024-12-10,12,Tuesday,TAM,LA 2301,SBKP,SBCT,SBKP-SBCT,13:45,91,86,Atraso Moderado (46-120 min),CLIMA,14510,150
ANAC_004743,2024-10-18,10,Friday,TAM,LA 2719,SBCT,SBCF,SBCT-SBCF,08:45,-1,-4,Pontual (D15),PONTUAL,0,150
ANAC_004744,2024-07-11,7,Thursday,TAM,LA 4131,SBGL,SBBR,SBGL-SBBR,16:15,0,3,Pontual (D15),PONTUAL,0,174
ANAC_004745,2024-05-27,5,Monday,TAM,LA 3731,SBKP,SBCF,SBKP-SBCF,17:15,10,0,Pontual (D15),PONTUAL,0,186
ANAC_004746,2024-10-04,10,Friday,TAM,LA 1177,SBKP,SBCF,SBKP-SBCF,06:00,0,5,Pontual (D15),PONTUAL,0,210
ANAC_004747,2024-07-23,7,Tuesday,AZU,AD 4976,SBSV,SBSP,SBSV-SBSP,12:15,124,106,Atraso Severo (> 120 min),CLIMA,36320,138
ANAC_004748,2024-04-24,4,Wednesday,TAM,LA 2827,SBCF,SBKP,SBCF-SBKP,20:00,0,0,Cancelado,CLIMA,64262,186
ANAC_004749,2024-12-29,12,Sunday,TAM,LA 3631,SBKP,SBCF,SBKP-SBCF,11:00,-6,0,Pontual (D15),PONTUAL,0,174
ANAC_004750,2024-05-18,5,Saturday,TAM,LA 2691,SBSP,SBRJ,SBSP-SBRJ,20:15,-1,-8,Pontual (D15),PONTUAL,0,186
ANAC_004751,2024-02-28,2,Wednesday,TAM,LA 3366,SBCF,SBKP,SBCF-SBKP,12:45,-6,-11,Pontual (D15),PONTUAL,0,138
ANAC_004752,2024-02-14,2,Wednesday,GLO,G3 2223,SBKP,SBRJ,SBKP-SBRJ,20:45,-9,-4,Pontual (D15),PONTUAL,0,162
ANAC_004753,2024-06-19,6,Wednesday,GLO,G3 1049,SBRJ,SBCT,SBRJ-SBCT,11:15,13,13,Pontual (D15),PONTUAL,0,162
ANAC_004754,2024-08-12,8,Monday,GLO,G3 1053,SBSV,SBCF,SBSV-SBCF,11:30,52,50,Atraso Moderado (46-120 min),CONEX,10220,150
ANAC_004755,2024-02-18,2,Sunday,AZU,AD 1420,SBKP,SBCF,SBKP-SBCF,06:15,-6,8,Pontual (D15),PONTUAL,0,210
ANAC_004756,2024-02-26,2,Monday,GLO,G3 1007,SBGR,SBSV,SBGR-SBSV,20:15,2,8,Pontual (D15),PONTUAL,0,150
ANAC_004757,2024-06-08,6,Saturday,TAM,LA 3820,SBRJ,SBSP,SBRJ-SBSP,17:00,-7,6,Pontual (D15),PONTUAL,0,186
ANAC_004758,2024-10-26,10,Saturday,TAM,LA 3348,SBKP,SBBR,SBKP-SBBR,07:30,4,0,Pontual (D15),PONTUAL,0,162
ANAC_004759,2024-03-31,3,Sunday,AZU,AD 4521,SBBR,SBCF,SBBR-SBCF,16:00,5,7,Pontual (D15),PONTUAL,0,138
ANAC_004760,2024-08-28,8,Wednesday,AZU,AD 2117,SBGR,SBPA,SBGR-SBPA,20:30,42,39,Atraso Leve (16-45 min),CONEX,3570,186
ANAC_004761,2024-12-24,12,Tuesday,TAM,LA 4761,SBGR,SBCF,SBGR-SBCF,19:00,10,0,Pontual (D15),PONTUAL,0,174
ANAC_004762,2024-10-09,10,Wednesday,AZU,AD 4813,SBSP,SBRJ,SBSP-SBRJ,16:45,-3,-7,Pontual (D15),PONTUAL,0,210
ANAC_004763,2024-08-30,8,Friday,AZU,AD 4642,SBKP,SBCF,SBKP-SBCF,21:00,35,33,Atraso Leve (16-45 min),CONEX,2975,186
ANAC_004764,2024-08-19,8,Monday,GLO,G3 1797,SBRJ,SBSP,SBRJ-SBSP,15:15,-7,6,Pontual (D15),PONTUAL,0,210
ANAC_004765,2024-08-30,8,Friday,AZU,AD 2318,SBGR,SBSV,SBGR-SBSV,14:45,0,-6,Pontual (D15),PONTUAL,0,162
ANAC_004766,2024-05-15,5,Wednesday,GLO,G3 1353,SBKP,SBRF,SBKP-SBRF,20:00,-8,12,Pontual (D15),PONTUAL,0,138
ANAC_004767,2024-03-22,3,Friday,GLO,G3 4909,SBKP,SBCF,SBKP-SBCF,18:15,0,10,Pontual (D15),PONTUAL,0,174
ANAC_004768,2024-08-25,8,Sunday,PTB,2Z 2284,SBBR,SBGR,SBBR-SBGR,08:00,52,47,Atraso Moderado (46-120 min),CONEX,10220,162
ANAC_004769,2024-01-09,1,Tuesday,PTB,2Z 3809,SBGR,SBBR,SBGR-SBBR,12:15,28,28,Atraso Leve (16-45 min),CREW,2380,210
ANAC_004770,2024-06-23,6,Sunday,GLO,G3 1056,SBCF,SBRJ,SBCF-SBRJ,14:45,-1,-3,Pontual (D15),PONTUAL,0,162
ANAC_004771,2024-04-09,4,Tuesday,GLO,G3 3459,SBGR,SBPA,SBGR-SBPA,10:15,41,36,Atraso Leve (16-45 min),ATC,3485,210
ANAC_004772,2024-12-07,12,Saturday,TAM,LA 2363,SBSP,SBRJ,SBSP-SBRJ,08:45,7,0,Pontual (D15),PONTUAL,0,174
ANAC_004773,2024-01-07,1,Sunday,TAM,LA 3565,SBGR,SBSV,SBGR-SBSV,17:30,63,63,Atraso Moderado (46-120 min),ATC,11430,150
ANAC_004774,2024-08-08,8,Thursday,AZU,AD 3215,SBCF,SBKP,SBCF-SBKP,06:45,-5,-9,Pontual (D15),PONTUAL,0,150
ANAC_004775,2024-03-06,3,Wednesday,GLO,G3 1904,SBKP,SBGL,SBKP-SBGL,12:45,8,11,Pontual (D15),PONTUAL,0,174
ANAC_004776,2024-05-02,5,Thursday,TAM,LA 3779,SBBR,SBGR,SBBR-SBGR,20:00,-5,11,Pontual (D15),PONTUAL,0,150
ANAC_004777,2024-09-18,9,Wednesday,GLO,G3 1070,SBSP,SBRJ,SBSP-SBRJ,19:00,95,102,Atraso Moderado (46-120 min),MANUT,14950,150
ANAC_004778,2024-12-22,12,Sunday,TAM,LA 2980,SBKP,SBRF,SBKP-SBRF,12:30,13,9,Pontual (D15),PONTUAL,0,150
ANAC_004779,2024-11-03,11,Sunday,GLO,G3 1306,SBKP,SBRF,SBKP-SBRF,08:30,43,39,Atraso Leve (16-45 min),ATC,3655,210
ANAC_004780,2024-05-26,5,Sunday,TAM,LA 4336,SBBR,SBCF,SBBR-SBCF,18:45,7,-3,Pontual (D15),PONTUAL,0,174
ANAC_004781,2024-02-07,2,Wednesday,AZU,AD 4828,SBGR,SBBR,SBGR-SBBR,07:15,0,0,Cancelado,CLIMA,54734,138
ANAC_004782,2024-05-30,5,Thursday,GLO,G3 3461,SBPA,SBRF,SBPA-SBRF,16:15,6,0,Pontual (D15),PONTUAL,0,186
ANAC_004783,2024-11-18,11,Monday,TAM,LA 3321,SBBR,SBCF,SBBR-SBCF,21:00,9,-8,Pontual (D15),PONTUAL,0,138
ANAC_004784,2024-08-23,8,Friday,TAM,LA 3786,SBBR,SBCF,SBBR-SBCF,12:30,7,2,Pontual (D15),PONTUAL,0,150
ANAC_004785,2024-08-14,8,Wednesday,AZU,AD 1259,SBBR,SBGR,SBBR-SBGR,09:00,7,-5,Pontual (D15),PONTUAL,0,174
ANAC_004786,2024-12-15,12,Sunday,TAM,LA 2760,SBCF,SBGL,SBCF-SBGL,06:30,8,-4,Pontual (D15),PONTUAL,0,150
ANAC_004787,2024-02-13,2,Tuesday,GLO,G3 2940,SBBR,SBGR,SBBR-SBGR,20:45,1,-7,Pontual (D15),PONTUAL,0,210
ANAC_004788,2024-03-10,3,Sunday,TAM,LA 2154,SBBR,SBCF,SBBR-SBCF,16:00,13,-3,Pontual (D15),PONTUAL,0,186
ANAC_004789,2024-06-16,6,Sunday,AZU,AD 2579,SBGR,SBBR,SBGR-SBBR,10:00,2,-10,Pontual (D15),PONTUAL,0,186
ANAC_004790,2024-10-11,10,Friday,GLO,G3 2529,SBCF,SBRF,SBCF-SBRF,17:00,49,47,Atraso Moderado (46-120 min),MANUT,9890,138
ANAC_004791,2024-07-27,7,Saturday,TAM,LA 3129,SBBR,SBCF,SBBR-SBCF,16:45,30,27,Atraso Leve (16-45 min),CONEX,2550,186
ANAC_004792,2024-09-05,9,Thursday,AZU,AD 1605,SBBR,SBGR,SBBR-SBGR,16:45,0,-4,Pontual (D15),PONTUAL,0,174
ANAC_004793,2024-01-15,1,Monday,TAM,LA 3453,SBRJ,SBSP,SBRJ-SBSP,12:00,0,0,Cancelado,MANUT,59462,186
ANAC_004794,2024-03-01,3,Friday,AZU,AD 4617,SBKP,SBRF,SBKP-SBRF,20:00,10,-3,Pontual (D15),PONTUAL,0,210
ANAC_004795,2024-03-11,3,Monday,AZU,AD 3866,SBGR,SBSV,SBGR-SBSV,10:30,6,-8,Pontual (D15),PONTUAL,0,138
ANAC_004796,2024-06-10,6,Monday,GLO,G3 4295,SBGR,SBBR,SBGR-SBBR,20:15,106,111,Atraso Moderado (46-120 min),MANUT,16160,150
ANAC_004797,2024-07-17,7,Wednesday,AZU,AD 1625,SBCF,SBRJ,SBCF-SBRJ,12:45,-2,2,Pontual (D15),PONTUAL,0,150
ANAC_004798,2024-09-12,9,Thursday,AZU,AD 3785,SBSP,SBRJ,SBSP-SBRJ,18:15,109,104,Atraso Moderado (46-120 min),MANUT,16490,162
ANAC_004799,2024-12-17,12,Tuesday,AZU,AD 4904,SBGR,SBBR,SBGR-SBBR,15:45,0,0,Cancelado,MANUT,75801,162
ANAC_004800,2024-09-29,9,Sunday,TAM,LA 1611,SBRJ,SBSP,SBRJ-SBSP,21:45,10,-1,Pontual (D15),PONTUAL,0,150
ANAC_004801,2024-01-05,1,Friday,AZU,AD 1987,SBGR,SBPA,SBGR-SBPA,18:00,0,0,Cancelado,CREW,44647,138
ANAC_004802,2024-02-04,2,Sunday,TAM,LA 3350,SBSP,SBRJ,SBSP-SBRJ,22:30,-3,-5,Pontual (D15),PONTUAL,0,210
ANAC_004803,2024-10-05,10,Saturday,GLO,G3 2962,SBSP,SBBR,SBSP-SBBR,21:15,88,80,Atraso Moderado (46-120 min),CLIMA,14180,186
ANAC_004804,2024-12-30,12,Monday,TAM,LA 4850,SBGR,SBSP,SBGR-SBSP,20:15,31,28,Atraso Leve (16-45 min),ATC,2635,150
ANAC_004805,2024-12-10,12,Tuesday,AZU,AD 2465,SBGR,SBBR,SBGR-SBBR,13:15,109,92,Atraso Moderado (46-120 min),CLIMA,16490,162
ANAC_004806,2024-08-14,8,Wednesday,TAM,LA 4925,SBSP,SBCF,SBSP-SBCF,17:45,82,86,Atraso Moderado (46-120 min),MANUT,13520,150
ANAC_004807,2024-07-26,7,Friday,AZU,AD 2497,SBGR,SBBR,SBGR-SBBR,19:00,74,71,Atraso Moderado (46-120 min),CLIMA,12640,138
ANAC_004808,2024-02-25,2,Sunday,TAM,LA 1164,SBPA,SBKP,SBPA-SBKP,20:00,-3,-2,Pontual (D15),PONTUAL,0,210
ANAC_004809,2024-07-11,7,Thursday,GLO,G3 3513,SBGR,SBPA,SBGR-SBPA,19:30,7,-9,Pontual (D15),PONTUAL,0,210
ANAC_004810,2024-04-24,4,Wednesday,GLO,G3 3156,SBSP,SBBR,SBSP-SBBR,21:15,-9,8,Pontual (D15),PONTUAL,0,150
ANAC_004811,2024-11-13,11,Wednesday,TAM,LA 2851,SBCT,SBRJ,SBCT-SBRJ,22:00,13,1,Pontual (D15),PONTUAL,0,174
ANAC_004812,2024-11-23,11,Saturday,GLO,G3 2695,SBRJ,SBSP,SBRJ-SBSP,21:30,63,60,Atraso Moderado (46-120 min),SOLO,11430,162
ANAC_004813,2024-06-30,6,Sunday,TAM,LA 3677,SBSP,SBRJ,SBSP-SBRJ,12:45,-7,-11,Pontual (D15),PONTUAL,0,162
ANAC_004814,2024-11-12,11,Tuesday,GLO,G3 3201,SBGR,SBPA,SBGR-SBPA,13:15,92,81,Atraso Moderado (46-120 min),CLIMA,14620,186
ANAC_004815,2024-10-04,10,Friday,GLO,G3 4817,SBSP,SBRJ,SBSP-SBRJ,10:30,-3,-9,Pontual (D15),PONTUAL,0,162
ANAC_004816,2024-05-04,5,Saturday,GLO,G3 3143,SBRF,SBRJ,SBRF-SBRJ,13:15,0,1,Pontual (D15),PONTUAL,0,150
ANAC_004817,2024-12-25,12,Wednesday,AZU,AD 2968,SBCF,SBKP,SBCF-SBKP,21:45,1,7,Pontual (D15),PONTUAL,0,138
ANAC_004818,2024-03-28,3,Thursday,GLO,G3 2275,SBSP,SBRJ,SBSP-SBRJ,19:15,0,0,Pontual (D15),PONTUAL,0,174
ANAC_004819,2024-07-20,7,Saturday,AZU,AD 2536,SBBR,SBGR,SBBR-SBGR,11:45,0,-3,Pontual (D15),PONTUAL,0,186
ANAC_004820,2024-01-10,1,Wednesday,TAM,LA 4851,SBCF,SBKP,SBCF-SBKP,15:15,5,-4,Pontual (D15),PONTUAL,0,150
ANAC_004821,2024-04-07,4,Sunday,AZU,AD 2983,SBRJ,SBSP,SBRJ-SBSP,22:15,-2,13,Pontual (D15),PONTUAL,0,174
ANAC_004822,2024-06-24,6,Monday,GLO,G3 1286,SBGR,SBBR,SBGR-SBBR,09:00,36,34,Atraso Leve (16-45 min),CONEX,3060,186
ANAC_004823,2024-01-25,1,Thursday,GLO,G3 3200,SBGR,SBCF,SBGR-SBCF,20:30,-6,5,Pontual (D15),PONTUAL,0,150
ANAC_004824,2024-06-18,6,Tuesday,GLO,G3 1760,SBCF,SBKP,SBCF-SBKP,07:00,122,122,Atraso Severo (> 120 min),CLIMA,35960,210
ANAC_004825,2024-08-18,8,Sunday,AZU,AD 2724,SBBR,SBCF,SBBR-SBCF,12:00,0,0,Cancelado,MANUT,48704,174
ANAC_004826,2024-03-17,3,Sunday,GLO,G3 1074,SBRJ,SBSP,SBRJ-SBSP,19:45,10,3,Pontual (D15),PONTUAL,0,174
ANAC_004827,2024-01-02,1,Tuesday,GLO,G3 4191,SBRF,SBGR,SBRF-SBGR,15:15,11,-7,Pontual (D15),PONTUAL,0,162
ANAC_004828,2024-11-30,11,Saturday,AZU,AD 4968,SBRJ,SBSP,SBRJ-SBSP,08:45,-6,4,Pontual (D15),PONTUAL,0,150
ANAC_004829,2024-04-18,4,Thursday,TAM,LA 3849,SBGR,SBCT,SBGR-SBCT,13:45,0,10,Pontual (D15),PONTUAL,0,186
ANAC_004830,2024-08-01,8,Thursday,GLO,G3 3728,SBSP,SBRJ,SBSP-SBRJ,08:15,0,3,Pontual (D15),PONTUAL,0,138
ANAC_004831,2024-07-07,7,Sunday,AZU,AD 1115,SBBR,SBCF,SBBR-SBCF,14:00,-6,7,Pontual (D15),PONTUAL,0,174
ANAC_004832,2024-02-03,2,Saturday,GLO,G3 1754,SBGR,SBSV,SBGR-SBSV,19:00,3,2,Pontual (D15),PONTUAL,0,186
ANAC_004833,2024-09-21,9,Saturday,TAM,LA 3362,SBRJ,SBSP,SBRJ-SBSP,06:30,61,61,Atraso Moderado (46-120 min),MANUT,11210,174
ANAC_004834,2024-03-30,3,Saturday,GLO,G3 3099,SBGR,SBCT,SBGR-SBCT,09:30,8,-10,Pontual (D15),PONTUAL,0,162
ANAC_004835,2024-07-09,7,Tuesday,GLO,G3 3928,SBCF,SBKP,SBCF-SBKP,09:45,88,88,Atraso Moderado (46-120 min),CLIMA,14180,174
ANAC_004836,2024-07-23,7,Tuesday,AZU,AD 3416,SBGR,SBBR,SBGR-SBBR,15:45,101,98,Atraso Moderado (46-120 min),CLIMA,15610,174
ANAC_004837,2024-05-08,5,Wednesday,AZU,AD 4303,SBKP,SBRF,SBKP-SBRF,09:45,2,12,Pontual (D15),PONTUAL,0,186
ANAC_004838,2024-03-18,3,Monday,TAM,LA 3534,SBGL,SBBR,SBGL-SBBR,12:00,0,12,Pontual (D15),PONTUAL,0,162
ANAC_004839,2024-04-27,4,Saturday,GLO,G3 3413,SBSP,SBSV,SBSP-SBSV,07:15,52,45,Atraso Moderado (46-120 min),CONEX,10220,174
ANAC_004840,2024-12-20,12,Friday,AZU,AD 4623,SBGR,SBPA,SBGR-SBPA,18:15,70,59,Atraso Moderado (46-120 min),CONEX,12200,174
ANAC_004841,2024-12-17,12,Tuesday,GLO,G3 2475,SBKP,SBCF,SBKP-SBCF,12:45,27,24,Atraso Leve (16-45 min),CONEX,2295,174
ANAC_004842,2024-07-19,7,Friday,GLO,G3 1604,SBGR,SBRJ,SBGR-SBRJ,18:45,90,79,Atraso Moderado (46-120 min),CLIMA,14400,150
ANAC_004843,2024-08-29,8,Thursday,TAM,LA 3066,SBBR,SBGR,SBBR-SBGR,19:45,6,-2,Pontual (D15),PONTUAL,0,186
ANAC_004844,2024-03-02,3,Saturday,TAM,LA 1533,SBCF,SBKP,SBCF-SBKP,20:45,-3,-8,Pontual (D15),PONTUAL,0,210
ANAC_004845,2024-11-08,11,Friday,TAM,LA 3863,SBCF,SBKP,SBCF-SBKP,17:00,46,49,Atraso Moderado (46-120 min),CONEX,9560,174
ANAC_004846,2024-10-22,10,Tuesday,TAM,LA 1135,SBGR,SBBR,SBGR-SBBR,22:45,39,39,Atraso Leve (16-45 min),SOLO,3315,138
ANAC_004847,2024-06-23,6,Sunday,AZU,AD 2371,SBKP,SBCT,SBKP-SBCT,06:15,-9,5,Pontual (D15),PONTUAL,0,174
ANAC_004848,2024-04-24,4,Wednesday,GLO,G3 2536,SBRJ,SBPA,SBRJ-SBPA,15:00,21,21,Atraso Leve (16-45 min),ATC,1785,150
ANAC_004849,2024-12-18,12,Wednesday,GLO,G3 1964,SBSP,SBRF,SBSP-SBRF,17:45,3,11,Pontual (D15),PONTUAL,0,174
ANAC_004850,2024-04-10,4,Wednesday,TAM,LA 2194,SBCF,SBSP,SBCF-SBSP,20:00,112,107,Atraso Moderado (46-120 min),CONEX,16820,162
ANAC_004851,2024-10-12,10,Saturday,GLO,G3 3144,SBGR,SBSV,SBGR-SBSV,06:00,0,0,Cancelado,CLIMA,45244,138
ANAC_004852,2024-05-27,5,Monday,AZU,AD 4761,SBCF,SBKP,SBCF-SBKP,15:45,12,-9,Pontual (D15),PONTUAL,0,210
ANAC_004853,2024-08-15,8,Thursday,AZU,AD 1530,SBGR,SBPA,SBGR-SBPA,09:00,113,110,Atraso Moderado (46-120 min),MANUT,16930,210
ANAC_004854,2024-02-04,2,Sunday,GLO,G3 2728,SBCF,SBKP,SBCF-SBKP,14:30,85,80,Atraso Moderado (46-120 min),CONEX,13850,138
ANAC_004855,2024-01-30,1,Tuesday,TAM,LA 3639,SBRJ,SBPA,SBRJ-SBPA,09:00,7,9,Pontual (D15),PONTUAL,0,150
ANAC_004856,2024-03-21,3,Thursday,TAM,LA 1476,SBKP,SBCF,SBKP-SBCF,10:45,-3,3,Pontual (D15),PONTUAL,0,186
ANAC_004857,2024-08-28,8,Wednesday,AZU,AD 4356,SBKP,SBCF,SBKP-SBCF,15:30,3,7,Pontual (D15),PONTUAL,0,174
ANAC_004858,2024-10-20,10,Sunday,GLO,G3 4944,SBRJ,SBSP,SBRJ-SBSP,15:30,6,-4,Pontual (D15),PONTUAL,0,186
ANAC_004859,2024-12-15,12,Sunday,PTB,2Z 4810,SBBR,SBCF,SBBR-SBCF,21:00,7,2,Pontual (D15),PONTUAL,0,68
ANAC_004860,2024-11-10,11,Sunday,GLO,G3 4859,SBCF,SBKP,SBCF-SBKP,11:15,6,-7,Pontual (D15),PONTUAL,0,150
ANAC_004861,2024-07-31,7,Wednesday,GLO,G3 3193,SBKP,SBRF,SBKP-SBRF,18:45,13,0,Pontual (D15),PONTUAL,0,186
ANAC_004862,2024-07-23,7,Tuesday,AZU,AD 3202,SBRJ,SBSP,SBRJ-SBSP,11:00,-5,12,Pontual (D15),PONTUAL,0,186
ANAC_004863,2024-03-20,3,Wednesday,AZU,AD 3463,SBGR,SBSV,SBGR-SBSV,17:30,31,27,Atraso Leve (16-45 min),CONEX,2635,210
ANAC_004864,2024-05-26,5,Sunday,GLO,G3 1473,SBKP,SBCT,SBKP-SBCT,12:45,4,12,Pontual (D15),PONTUAL,0,186
ANAC_004865,2024-01-31,1,Wednesday,GLO,G3 4771,SBKP,SBRF,SBKP-SBRF,17:00,60,61,Atraso Moderado (46-120 min),CREW,11100,138
ANAC_004866,2024-12-29,12,Sunday,GLO,G3 3106,SBKP,SBRF,SBKP-SBRF,14:15,24,21,Atraso Leve (16-45 min),CREW,2040,174
ANAC_004867,2024-06-10,6,Monday,TAM,LA 1163,SBRF,SBPA,SBRF-SBPA,14:15,14,-1,Pontual (D15),PONTUAL,0,162
ANAC_004868,2024-02-19,2,Monday,TAM,LA 2495,SBSP,SBRJ,SBSP-SBRJ,19:45,106,93,Atraso Moderado (46-120 min),CLIMA,16160,186
ANAC_004869,2024-03-29,3,Friday,PTB,2Z 1640,SBCT,SBKP,SBCT-SBKP,17:15,12,10,Pontual (D15),PONTUAL,0,186
ANAC_004870,2024-07-23,7,Tuesday,AZU,AD 4767,SBCF,SBKP,SBCF-SBKP,10:45,10,-8,Pontual (D15),PONTUAL,0,138
ANAC_004871,2024-05-14,5,Tuesday,GLO,G3 4231,SBCF,SBKP,SBCF-SBKP,22:30,74,76,Atraso Moderado (46-120 min),MANUT,12640,210
ANAC_004872,2024-07-13,7,Saturday,AZU,AD 2545,SBRJ,SBRF,SBRJ-SBRF,19:15,51,45,Atraso Moderado (46-120 min),ATC,10110,210
ANAC_004873,2024-03-25,3,Monday,TAM,LA 1499,SBKP,SBRF,SBKP-SBRF,14:15,0,0,Cancelado,CLIMA,42181,210
ANAC_004874,2024-05-17,5,Friday,GLO,G3 4784,SBSP,SBRJ,SBSP-SBRJ,08:45,6,-3,Pontual (D15),PONTUAL,0,162
ANAC_004875,2024-09-06,9,Friday,GLO,G3 2143,SBGR,SBPA,SBGR-SBPA,21:45,-1,3,Pontual (D15),PONTUAL,0,150
ANAC_004876,2024-05-28,5,Tuesday,TAM,LA 3407,SBGR,SBSV,SBGR-SBSV,09:15,22,22,Atraso Leve (16-45 min),ATC,1870,138
ANAC_004877,2024-04-07,4,Sunday,TAM,LA 1991,SBBR,SBCF,SBBR-SBCF,20:30,9,0,Pontual (D15),PONTUAL,0,210
ANAC_004878,2024-12-20,12,Friday,GLO,G3 2360,SBBR,SBGR,SBBR-SBGR,08:30,4,-9,Pontual (D15),PONTUAL,0,162
ANAC_004879,2024-05-25,5,Saturday,GLO,G3 2079,SBCF,SBKP,SBCF-SBKP,15:00,14,-10,Pontual (D15),PONTUAL,0,210
ANAC_004880,2024-12-24,12,Tuesday,GLO,G3 1117,SBKP,SBRF,SBKP-SBRF,15:45,9,4,Pontual (D15),PONTUAL,0,162
ANAC_004881,2024-01-30,1,Tuesday,GLO,G3 4232,SBBR,SBCF,SBBR-SBCF,15:15,-9,-4,Pontual (D15),PONTUAL,0,174
ANAC_004882,2024-06-05,6,Wednesday,GLO,G3 2748,SBCF,SBKP,SBCF-SBKP,15:30,30,31,Atraso Leve (16-45 min),CONEX,2550,186
ANAC_004883,2024-04-24,4,Wednesday,TAM,LA 1151,SBBR,SBGR,SBBR-SBGR,18:00,-3,10,Pontual (D15),PONTUAL,0,186
ANAC_004884,2024-10-06,10,Sunday,TAM,LA 1520,SBKP,SBRF,SBKP-SBRF,22:00,4,4,Pontual (D15),PONTUAL,0,174
ANAC_004885,2024-04-13,4,Saturday,PTB,2Z 4921,SBCF,SBKP,SBCF-SBKP,09:30,0,13,Pontual (D15),PONTUAL,0,138
ANAC_004886,2024-05-28,5,Tuesday,TAM,LA 4286,SBRJ,SBSP,SBRJ-SBSP,06:00,9,3,Pontual (D15),PONTUAL,0,174
ANAC_004887,2024-03-05,3,Tuesday,AZU,AD 3519,SBRF,SBGL,SBRF-SBGL,09:30,10,-4,Pontual (D15),PONTUAL,0,210
ANAC_004888,2024-05-30,5,Thursday,AZU,AD 3107,SBPA,SBRJ,SBPA-SBRJ,08:00,19,16,Atraso Leve (16-45 min),ATC,1615,150
ANAC_004889,2024-06-27,6,Thursday,TAM,LA 1669,SBRJ,SBBR,SBRJ-SBBR,11:45,-1,9,Pontual (D15),PONTUAL,0,150
ANAC_004890,2024-03-28,3,Thursday,AZU,AD 1863,SBGR,SBBR,SBGR-SBBR,09:15,-3,1,Pontual (D15),PONTUAL,0,210
ANAC_004891,2024-05-05,5,Sunday,TAM,LA 3658,SBPA,SBSV,SBPA-SBSV,08:15,22,18,Atraso Leve (16-45 min),MANUT,1870,174
ANAC_004892,2024-08-07,8,Wednesday,AZU,AD 1873,SBKP,SBCF,SBKP-SBCF,21:00,11,11,Pontual (D15),PONTUAL,0,174
ANAC_004893,2024-01-19,1,Friday,GLO,G3 2870,SBBR,SBCF,SBBR-SBCF,09:45,35,33,Atraso Leve (16-45 min),SOLO,2975,150
ANAC_004894,2024-02-19,2,Monday,GLO,G3 3672,SBGR,SBPA,SBGR-SBPA,15:15,-1,-10,Pontual (D15),PONTUAL,0,174
ANAC_004895,2024-01-06,1,Saturday,AZU,AD 1086,SBRJ,SBKP,SBRJ-SBKP,18:15,12,10,Pontual (D15),PONTUAL,0,210
ANAC_004896,2024-04-17,4,Wednesday,GLO,G3 2006,SBCF,SBRJ,SBCF-SBRJ,10:00,-1,8,Pontual (D15),PONTUAL,0,210
ANAC_004897,2024-08-29,8,Thursday,AZU,AD 2587,SBGR,SBPA,SBGR-SBPA,14:15,0,0,Cancelado,CLIMA,55131,138
ANAC_004898,2024-12-04,12,Wednesday,TAM,LA 1386,SBRJ,SBSP,SBRJ-SBSP,18:45,5,-6,Pontual (D15),PONTUAL,0,162
ANAC_004899,2024-06-17,6,Monday,GLO,G3 3218,SBKP,SBCF,SBKP-SBCF,20:30,14,0,Pontual (D15),PONTUAL,0,138
ANAC_004900,2024-03-28,3,Thursday,PTB,2Z 1056,SBKP,SBRF,SBKP-SBRF,08:30,3,5,Pontual (D15),PONTUAL,0,162
ANAC_004901,2024-03-06,3,Wednesday,TAM,LA 1545,SBBR,SBRF,SBBR-SBRF,16:15,8,-9,Pontual (D15),PONTUAL,0,186
ANAC_004902,2024-04-30,4,Tuesday,TAM,LA 3378,SBGR,SBSV,SBGR-SBSV,22:00,10,3,Pontual (D15),PONTUAL,0,210
ANAC_004903,2024-08-10,8,Saturday,GLO,G3 1163,SBGR,SBSV,SBGR-SBSV,13:30,-3,-10,Pontual (D15),PONTUAL,0,162
ANAC_004904,2024-03-16,3,Saturday,GLO,G3 3265,SBGR,SBKP,SBGR-SBKP,21:30,7,0,Pontual (D15),PONTUAL,0,162
ANAC_004905,2024-12-02,12,Monday,AZU,AD 3282,SBGL,SBSP,SBGL-SBSP,10:45,11,-1,Pontual (D15),PONTUAL,0,186
ANAC_004906,2024-12-24,12,Tuesday,GLO,G3 4928,SBGR,SBSV,SBGR-SBSV,16:30,96,90,Atraso Moderado (46-120 min),CONEX,15060,138
ANAC_004907,2024-07-29,7,Monday,TAM,LA 1466,SBKP,SBRJ,SBKP-SBRJ,19:30,52,56,Atraso Moderado (46-120 min),CREW,10220,186
ANAC_004908,2024-08-30,8,Friday,GLO,G3 3975,SBKP,SBCF,SBKP-SBCF,06:30,0,6,Pontual (D15),PONTUAL,0,186
ANAC_004909,2024-04-23,4,Tuesday,TAM,LA 2614,SBKP,SBRF,SBKP-SBRF,21:45,-9,-7,Pontual (D15),PONTUAL,0,210
ANAC_004910,2024-08-10,8,Saturday,TAM,LA 3763,SBBR,SBGR,SBBR-SBGR,18:00,10,5,Pontual (D15),PONTUAL,0,186
ANAC_004911,2024-02-03,2,Saturday,TAM,LA 2116,SBGL,SBCF,SBGL-SBCF,19:00,1,11,Pontual (D15),PONTUAL,0,162
ANAC_004912,2024-12-07,12,Saturday,TAM,LA 1789,SBGL,SBBR,SBGL-SBBR,14:15,0,-3,Pontual (D15),PONTUAL,0,210
ANAC_004913,2024-03-09,3,Saturday,GLO,G3 1145,SBGL,SBKP,SBGL-SBKP,10:30,5,-2,Pontual (D15),PONTUAL,0,186
ANAC_004914,2024-10-11,10,Friday,TAM,LA 2819,SBGR,SBSV,SBGR-SBSV,21:45,1,-1,Pontual (D15),PONTUAL,0,150
ANAC_004915,2024-10-08,10,Tuesday,GLO,G3 2107,SBRJ,SBSV,SBRJ-SBSV,22:00,7,5,Pontual (D15),PONTUAL,0,186
ANAC_004916,2024-04-22,4,Monday,TAM,LA 1826,SBGR,SBPA,SBGR-SBPA,06:45,20,20,Atraso Leve (16-45 min),CONEX,1700,162
ANAC_004917,2024-02-06,2,Tuesday,GLO,G3 1135,SBCF,SBKP,SBCF-SBKP,06:30,10,-1,Pontual (D15),PONTUAL,0,162
ANAC_004918,2024-08-01,8,Thursday,AZU,AD 4742,SBKP,SBCF,SBKP-SBCF,21:15,0,-3,Pontual (D15),PONTUAL,0,210
ANAC_004919,2024-02-28,2,Wednesday,GLO,G3 2211,SBSP,SBRJ,SBSP-SBRJ,09:00,6,10,Pontual (D15),PONTUAL,0,174
ANAC_004920,2024-01-06,1,Saturday,TAM,LA 4985,SBGR,SBSV,SBGR-SBSV,12:15,46,44,Atraso Moderado (46-120 min),CONEX,9560,162
ANAC_004921,2024-01-27,1,Saturday,GLO,G3 1480,SBGR,SBPA,SBGR-SBPA,07:00,-5,-2,Pontual (D15),PONTUAL,0,210
ANAC_004922,2024-02-23,2,Friday,AZU,AD 2157,SBKP,SBCF,SBKP-SBCF,07:30,-5,11,Pontual (D15),PONTUAL,0,150
ANAC_004923,2024-10-18,10,Friday,TAM,LA 4364,SBRF,SBSV,SBRF-SBSV,13:15,-4,1,Pontual (D15),PONTUAL,0,138
ANAC_004924,2024-03-24,3,Sunday,GLO,G3 1449,SBRJ,SBSP,SBRJ-SBSP,16:45,-5,10,Pontual (D15),PONTUAL,0,210
ANAC_004925,2024-06-04,6,Tuesday,GLO,G3 4440,SBGR,SBBR,SBGR-SBBR,20:15,7,5,Pontual (D15),PONTUAL,0,174
ANAC_004926,2024-04-20,4,Saturday,TAM,LA 4125,SBGR,SBSV,SBGR-SBSV,15:45,-4,3,Pontual (D15),PONTUAL,0,210
ANAC_004927,2024-01-07,1,Sunday,AZU,AD 3046,SBBR,SBCF,SBBR-SBCF,10:30,5,-10,Pontual (D15),PONTUAL,0,174
ANAC_004928,2024-01-03,1,Wednesday,TAM,LA 1241,SBPA,SBSP,SBPA-SBSP,15:45,2,-6,Pontual (D15),PONTUAL,0,174
ANAC_004929,2024-02-18,2,Sunday,TAM,LA 2441,SBSP,SBRJ,SBSP-SBRJ,13:30,44,39,Atraso Leve (16-45 min),CONEX,3740,138
ANAC_004930,2024-04-04,4,Thursday,TAM,LA 1128,SBGL,SBCT,SBGL-SBCT,10:00,-3,5,Pontual (D15),PONTUAL,0,150
ANAC_004931,2024-01-21,1,Sunday,AZU,AD 1399,SBSP,SBRJ,SBSP-SBRJ,19:30,0,-10,Pontual (D15),PONTUAL,0,174
ANAC_004932,2024-12-21,12,Saturday,GLO,G3 1248,SBGR,SBBR,SBGR-SBBR,11:30,61,65,Atraso Moderado (46-120 min),CONEX,11210,210
ANAC_004933,2024-07-25,7,Thursday,GLO,G3 3378,SBRJ,SBKP,SBRJ-SBKP,06:00,5,-8,Pontual (D15),PONTUAL,0,150
ANAC_004934,2024-02-03,2,Saturday,TAM,LA 3819,SBGR,SBGL,SBGR-SBGL,20:00,17,19,Atraso Leve (16-45 min),CREW,1445,162
ANAC_004935,2024-11-22,11,Friday,AZU,AD 4837,SBGR,SBSV,SBGR-SBSV,14:15,-9,0,Pontual (D15),PONTUAL,0,162
ANAC_004936,2024-07-03,7,Wednesday,TAM,LA 3261,SBBR,SBCF,SBBR-SBCF,19:00,59,59,Atraso Moderado (46-120 min),ATC,10990,186
ANAC_004937,2024-02-04,2,Sunday,TAM,LA 2218,SBCF,SBRF,SBCF-SBRF,21:15,8,-7,Pontual (D15),PONTUAL,0,162
ANAC_004938,2024-02-12,2,Monday,GLO,G3 4196,SBGR,SBPA,SBGR-SBPA,08:00,55,62,Atraso Moderado (46-120 min),ATC,10550,138
ANAC_004939,2024-12-22,12,Sunday,AZU,AD 4241,SBCF,SBKP,SBCF-SBKP,14:30,1,-5,Pontual (D15),PONTUAL,0,138
ANAC_004940,2024-08-21,8,Wednesday,TAM,LA 2965,SBSV,SBGR,SBSV-SBGR,06:45,2,-5,Pontual (D15),PONTUAL,0,138
ANAC_004941,2024-09-06,9,Friday,TAM,LA 4908,SBRJ,SBSP,SBRJ-SBSP,21:00,10,11,Pontual (D15),PONTUAL,0,174
ANAC_004942,2024-09-12,9,Thursday,TAM,LA 1300,SBKP,SBRF,SBKP-SBRF,08:15,119,114,Atraso Moderado (46-120 min),CLIMA,17590,174
ANAC_004943,2024-01-26,1,Friday,GLO,G3 3242,SBBR,SBKP,SBBR-SBKP,14:45,-3,10,Pontual (D15),PONTUAL,0,174
ANAC_004944,2024-01-21,1,Sunday,TAM,LA 4288,SBSP,SBKP,SBSP-SBKP,18:00,0,0,Cancelado,CLIMA,54123,186
ANAC_004945,2024-10-17,10,Thursday,TAM,LA 4455,SBKP,SBRF,SBKP-SBRF,16:00,12,10,Pontual (D15),PONTUAL,0,186
ANAC_004946,2024-06-06,6,Thursday,GLO,G3 4795,SBKP,SBRF,SBKP-SBRF,12:15,20,21,Atraso Leve (16-45 min),ATC,1700,162
ANAC_004947,2024-10-13,10,Sunday,GLO,G3 2985,SBCF,SBGR,SBCF-SBGR,13:45,34,38,Atraso Leve (16-45 min),CONEX,2890,210
ANAC_004948,2024-02-21,2,Wednesday,TAM,LA 2149,SBRJ,SBSP,SBRJ-SBSP,22:30,5,-8,Pontual (D15),PONTUAL,0,162
ANAC_004949,2024-07-14,7,Sunday,TAM,LA 3321,SBBR,SBGR,SBBR-SBGR,20:30,5,-1,Pontual (D15),PONTUAL,0,174
ANAC_004950,2024-03-11,3,Monday,GLO,G3 1104,SBCF,SBGL,SBCF-SBGL,15:45,0,0,Cancelado,CLIMA,50372,162
ANAC_004951,2024-03-25,3,Monday,GLO,G3 1126,SBCF,SBPA,SBCF-SBPA,08:30,6,8,Pontual (D15),PONTUAL,0,138
ANAC_004952,2024-09-19,9,Thursday,TAM,LA 1235,SBKP,SBRF,SBKP-SBRF,20:00,64,69,Atraso Moderado (46-120 min),CLIMA,11540,162
ANAC_004953,2024-03-08,3,Friday,GLO,G3 2352,SBBR,SBGR,SBBR-SBGR,13:00,104,111,Atraso Moderado (46-120 min),CLIMA,15940,174
ANAC_004954,2024-07-22,7,Monday,GLO,G3 3553,SBSP,SBRJ,SBSP-SBRJ,06:15,-7,-11,Pontual (D15),PONTUAL,0,162
ANAC_004955,2024-12-25,12,Wednesday,AZU,AD 1110,SBKP,SBGR,SBKP-SBGR,19:15,114,116,Atraso Moderado (46-120 min),MANUT,17040,150
ANAC_004956,2024-04-03,4,Wednesday,AZU,AD 1442,SBBR,SBCF,SBBR-SBCF,11:15,-3,10,Pontual (D15),PONTUAL,0,138
ANAC_004957,2024-03-09,3,Saturday,AZU,AD 1288,SBKP,SBRF,SBKP-SBRF,20:00,-5,9,Pontual (D15),PONTUAL,0,162
ANAC_004958,2024-09-29,9,Sunday,GLO,G3 2654,SBRJ,SBSP,SBRJ-SBSP,12:45,14,-11,Pontual (D15),PONTUAL,0,138
ANAC_004959,2024-02-14,2,Wednesday,AZU,AD 3995,SBGR,SBBR,SBGR-SBBR,18:45,16,13,Atraso Leve (16-45 min),ATC,1360,162
ANAC_004960,2024-01-08,1,Monday,GLO,G3 3187,SBPA,SBSP,SBPA-SBSP,22:45,13,11,Pontual (D15),PONTUAL,0,138
ANAC_004961,2024-07-11,7,Thursday,GLO,G3 3685,SBPA,SBSV,SBPA-SBSV,19:15,4,-2,Pontual (D15),PONTUAL,0,138
ANAC_004962,2024-04-19,4,Friday,TAM,LA 2286,SBGR,SBBR,SBGR-SBBR,18:45,25,27,Atraso Leve (16-45 min),CONEX,2125,138
ANAC_004963,2024-09-22,9,Sunday,GLO,G3 2872,SBCT,SBSV,SBCT-SBSV,08:30,32,28,Atraso Leve (16-45 min),CONEX,2720,150
ANAC_004964,2024-12-06,12,Friday,TAM,LA 1490,SBGR,SBPA,SBGR-SBPA,09:15,33,37,Atraso Leve (16-45 min),ATC,2805,150
ANAC_004965,2024-01-25,1,Thursday,TAM,LA 2198,SBSP,SBRJ,SBSP-SBRJ,13:30,11,13,Pontual (D15),PONTUAL,0,150
ANAC_004966,2024-11-22,11,Friday,TAM,LA 3622,SBBR,SBCF,SBBR-SBCF,11:15,7,5,Pontual (D15),PONTUAL,0,138
ANAC_004967,2024-08-30,8,Friday,GLO,G3 2166,SBRJ,SBSP,SBRJ-SBSP,08:30,-3,11,Pontual (D15),PONTUAL,0,162
ANAC_004968,2024-03-17,3,Sunday,PTB,2Z 4822,SBBR,SBCF,SBBR-SBCF,08:00,43,47,Atraso Leve (16-45 min),CONEX,3655,138
ANAC_004969,2024-10-26,10,Saturday,AZU,AD 4753,SBKP,SBRF,SBKP-SBRF,20:30,4,2,Pontual (D15),PONTUAL,0,186
ANAC_004970,2024-09-01,9,Sunday,GLO,G3 2633,SBKP,SBRJ,SBKP-SBRJ,15:30,-9,13,Pontual (D15),PONTUAL,0,150
ANAC_004971,2024-09-20,9,Friday,GLO,G3 2175,SBSP,SBRJ,SBSP-SBRJ,07:15,-7,10,Pontual (D15),PONTUAL,0,186
ANAC_004972,2024-08-18,8,Sunday,PTB,2Z 3903,SBRJ,SBSP,SBRJ-SBSP,14:45,-3,-8,Pontual (D15),PONTUAL,0,174
ANAC_004973,2024-07-16,7,Tuesday,TAM,LA 3082,SBRF,SBCT,SBRF-SBCT,21:15,-8,2,Pontual (D15),PONTUAL,0,162
ANAC_004974,2024-05-17,5,Friday,AZU,AD 4941,SBKP,SBRF,SBKP-SBRF,20:30,11,3,Pontual (D15),PONTUAL,0,186
ANAC_004975,2024-05-28,5,Tuesday,AZU,AD 4796,SBGR,SBSV,SBGR-SBSV,09:30,10,-6,Pontual (D15),PONTUAL,0,174
ANAC_004976,2024-06-28,6,Friday,AZU,AD 1235,SBRF,SBGL,SBRF-SBGL,17:15,45,46,Atraso Leve (16-45 min),CONEX,3825,150
ANAC_004977,2024-08-10,8,Saturday,TAM,LA 3432,SBKP,SBCT,SBKP-SBCT,10:30,11,5,Pontual (D15),PONTUAL,0,174
ANAC_004978,2024-05-20,5,Monday,AZU,AD 1180,SBGR,SBSV,SBGR-SBSV,16:30,-4,3,Pontual (D15),PONTUAL,0,210
ANAC_004979,2024-04-05,4,Friday,GLO,G3 3187,SBRJ,SBSP,SBRJ-SBSP,15:30,54,52,Atraso Moderado (46-120 min),CLIMA,10440,186
ANAC_004980,2024-10-29,10,Tuesday,GLO,G3 4669,SBRF,SBGR,SBRF-SBGR,12:30,3,-11,Pontual (D15),PONTUAL,0,162
ANAC_004981,2024-08-02,8,Friday,TAM,LA 2798,SBPA,SBRF,SBPA-SBRF,06:00,-6,2,Pontual (D15),PONTUAL,0,174
ANAC_004982,2024-08-25,8,Sunday,GLO,G3 1766,SBCT,SBCF,SBCT-SBCF,11:00,0,0,Cancelado,MANUT,77994,138
ANAC_004983,2024-08-21,8,Wednesday,AZU,AD 3230,SBCF,SBRJ,SBCF-SBRJ,12:15,-5,13,Pontual (D15),PONTUAL,0,174
ANAC_004984,2024-08-26,8,Monday,AZU,AD 2525,SBRJ,SBGR,SBRJ-SBGR,08:30,170,176,Atraso Severo (> 120 min),MANUT,44600,186
ANAC_004985,2024-03-09,3,Saturday,AZU,AD 2939,SBBR,SBGR,SBBR-SBGR,12:45,-9,-11,Pontual (D15),PONTUAL,0,210
ANAC_004986,2024-09-12,9,Thursday,GLO,G3 3925,SBSP,SBCT,SBSP-SBCT,08:00,0,-10,Pontual (D15),PONTUAL,0,210
ANAC_004987,2024-12-06,12,Friday,GLO,G3 3505,SBRJ,SBKP,SBRJ-SBKP,09:15,85,75,Atraso Moderado (46-120 min),CLIMA,13850,186
ANAC_004988,2024-01-24,1,Wednesday,AZU,AD 1412,SBGR,SBPA,SBGR-SBPA,21:15,-8,-7,Pontual (D15),PONTUAL,0,210
ANAC_004989,2024-02-03,2,Saturday,GLO,G3 4551,SBRF,SBCF,SBRF-SBCF,14:45,-8,5,Pontual (D15),PONTUAL,0,186
ANAC_004990,2024-11-03,11,Sunday,TAM,LA 1933,SBCT,SBRJ,SBCT-SBRJ,06:00,6,2,Pontual (D15),PONTUAL,0,186
ANAC_004991,2024-04-02,4,Tuesday,AZU,AD 4089,SBGR,SBPA,SBGR-SBPA,06:00,5,10,Pontual (D15),PONTUAL,0,138
ANAC_004992,2024-02-20,2,Tuesday,AZU,AD 1477,SBCF,SBSP,SBCF-SBSP,22:00,-1,-9,Pontual (D15),PONTUAL,0,174
ANAC_004993,2024-02-02,2,Friday,TAM,LA 1303,SBRJ,SBSP,SBRJ-SBSP,07:45,7,-9,Pontual (D15),PONTUAL,0,210
ANAC_004994,2024-09-10,9,Tuesday,GLO,G3 3156,SBGR,SBPA,SBGR-SBPA,11:15,12,-7,Pontual (D15),PONTUAL,0,162
ANAC_004995,2024-04-04,4,Thursday,TAM,LA 1887,SBKP,SBCT,SBKP-SBCT,17:45,13,11,Pontual (D15),PONTUAL,0,174
ANAC_004996,2024-12-16,12,Monday,TAM,LA 3790,SBRF,SBSP,SBRF-SBSP,06:45,36,37,Atraso Leve (16-45 min),CREW,3060,150
ANAC_004997,2024-08-26,8,Monday,TAM,LA 3671,SBCF,SBKP,SBCF-SBKP,10:00,-9,-10,Pontual (D15),PONTUAL,0,138
ANAC_004998,2024-07-18,7,Thursday,TAM,LA 2305,SBCF,SBKP,SBCF-SBKP,13:30,-9,-1,Pontual (D15),PONTUAL,0,138
ANAC_004999,2024-09-23,9,Monday,GLO,G3 3150,SBSP,SBRJ,SBSP-SBRJ,07:45,24,20,Atraso Leve (16-45 min),CONEX,2040,162
ANAC_005000,2024-07-03,7,Wednesday,GLO,G3 1465,SBKP,SBRF,SBKP-SBRF,19:15,20,22,Atraso Leve (16-45 min),CONEX,1700,162
ANAC_005001,2024-01-27,1,Saturday,GLO,G3 3730,SBCF,SBKP,SBCF-SBKP,15:00,-2,-11,Pontual (D15),PONTUAL,0,138
ANAC_005002,2024-05-28,5,Tuesday,AZU,AD 1379,SBSP,SBBR,SBSP-SBBR,21:15,5,10,Pontual (D15),PONTUAL,0,174
ANAC_005003,2024-10-04,10,Friday,GLO,G3 3668,SBSP,SBPA,SBSP-SBPA,06:00,24,25,Atraso Leve (16-45 min),ATC,2040,210
ANAC_005004,2024-03-30,3,Saturday,AZU,AD 2333,SBGR,SBBR,SBGR-SBBR,22:45,-2,-5,Pontual (D15),PONTUAL,0,162
ANAC_005005,2024-09-21,9,Saturday,AZU,AD 4316,SBSP,SBRJ,SBSP-SBRJ,17:30,2,-8,Pontual (D15),PONTUAL,0,174
ANAC_005006,2024-12-27,12,Friday,GLO,G3 4305,SBCF,SBKP,SBCF-SBKP,20:00,53,59,Atraso Moderado (46-120 min),ATC,10330,138
ANAC_005007,2024-04-11,4,Thursday,GLO,G3 2336,SBGR,SBSV,SBGR-SBSV,14:30,12,-4,Pontual (D15),PONTUAL,0,150
ANAC_005008,2024-09-05,9,Thursday,TAM,LA 1310,SBSP,SBRJ,SBSP-SBRJ,11:45,54,57,Atraso Moderado (46-120 min),CONEX,10440,162
ANAC_005009,2024-02-13,2,Tuesday,AZU,AD 3899,SBRJ,SBSV,SBRJ-SBSV,12:00,0,-3,Pontual (D15),PONTUAL,0,162
ANAC_005010,2024-01-26,1,Friday,GLO,G3 2247,SBSP,SBRJ,SBSP-SBRJ,22:30,-4,-9,Pontual (D15),PONTUAL,0,174
ANAC_005011,2024-05-12,5,Sunday,GLO,G3 3710,SBRJ,SBSP,SBRJ-SBSP,12:15,-1,10,Pontual (D15),PONTUAL,0,162
ANAC_005012,2024-03-22,3,Friday,GLO,G3 2007,SBRJ,SBSP,SBRJ-SBSP,18:30,55,46,Atraso Moderado (46-120 min),MANUT,10550,138
ANAC_005013,2024-01-28,1,Sunday,GLO,G3 4343,SBGR,SBSV,SBGR-SBSV,07:15,32,31,Atraso Leve (16-45 min),CONEX,2720,138
ANAC_005014,2024-03-25,3,Monday,TAM,LA 1178,SBSP,SBBR,SBSP-SBBR,10:45,119,129,Atraso Moderado (46-120 min),MANUT,17590,162
ANAC_005015,2024-11-11,11,Monday,TAM,LA 1720,SBGR,SBBR,SBGR-SBBR,13:45,2,11,Pontual (D15),PONTUAL,0,174
ANAC_005016,2024-05-11,5,Saturday,TAM,LA 3437,SBKP,SBRF,SBKP-SBRF,14:30,4,0,Pontual (D15),PONTUAL,0,186
ANAC_005017,2024-10-07,10,Monday,TAM,LA 4026,SBBR,SBGR,SBBR-SBGR,19:45,12,-1,Pontual (D15),PONTUAL,0,162
ANAC_005018,2024-05-04,5,Saturday,GLO,G3 4939,SBKP,SBCF,SBKP-SBCF,22:00,5,1,Pontual (D15),PONTUAL,0,162
ANAC_005019,2024-03-25,3,Monday,TAM,LA 2715,SBKP,SBRJ,SBKP-SBRJ,21:45,7,6,Pontual (D15),PONTUAL,0,138
ANAC_005020,2024-07-12,7,Friday,AZU,AD 2173,SBGR,SBPA,SBGR-SBPA,19:45,100,109,Atraso Moderado (46-120 min),CLIMA,15500,186
ANAC_005021,2024-02-29,2,Thursday,GLO,G3 4936,SBSP,SBRJ,SBSP-SBRJ,06:45,-6,-2,Pontual (D15),PONTUAL,0,186
ANAC_005022,2024-11-17,11,Sunday,TAM,LA 2562,SBGR,SBBR,SBGR-SBBR,07:15,-8,-8,Pontual (D15),PONTUAL,0,150
ANAC_005023,2024-01-03,1,Wednesday,GLO,G3 2322,SBCF,SBKP,SBCF-SBKP,14:45,-2,-4,Pontual (D15),PONTUAL,0,162
ANAC_005024,2024-01-21,1,Sunday,TAM,LA 4184,SBBR,SBGR,SBBR-SBGR,14:00,-6,6,Pontual (D15),PONTUAL,0,138
ANAC_005025,2024-02-16,2,Friday,AZU,AD 2356,SBRJ,SBSP,SBRJ-SBSP,17:45,104,99,Atraso Moderado (46-120 min),CONEX,15940,162
ANAC_005026,2024-08-06,8,Tuesday,TAM,LA 3470,SBBR,SBKP,SBBR-SBKP,12:15,4,5,Pontual (D15),PONTUAL,0,210
ANAC_005027,2024-08-05,8,Monday,TAM,LA 4204,SBGL,SBCF,SBGL-SBCF,12:30,2,0,Pontual (D15),PONTUAL,0,150
ANAC_005028,2024-06-19,6,Wednesday,GLO,G3 4306,SBCF,SBKP,SBCF-SBKP,20:15,124,132,Atraso Severo (> 120 min),CONEX,36320,150
ANAC_005029,2024-11-27,11,Wednesday,GLO,G3 2983,SBBR,SBGL,SBBR-SBGL,12:30,-5,6,Pontual (D15),PONTUAL,0,186
ANAC_005030,2024-10-06,10,Sunday,TAM,LA 4071,SBSP,SBRJ,SBSP-SBRJ,10:15,0,1,Pontual (D15),PONTUAL,0,150
ANAC_005031,2024-08-31,8,Saturday,GLO,G3 2414,SBSP,SBRJ,SBSP-SBRJ,21:15,95,104,Atraso Moderado (46-120 min),MANUT,14950,150
ANAC_005032,2024-10-04,10,Friday,TAM,LA 3084,SBKP,SBCF,SBKP-SBCF,10:30,12,-10,Pontual (D15),PONTUAL,0,186
ANAC_005033,2024-03-25,3,Monday,TAM,LA 2029,SBGR,SBSV,SBGR-SBSV,19:15,5,-4,Pontual (D15),PONTUAL,0,138
ANAC_005034,2024-07-23,7,Tuesday,GLO,G3 2568,SBSP,SBBR,SBSP-SBBR,12:45,153,153,Atraso Severo (> 120 min),CONEX,41540,162
ANAC_005035,2024-02-04,2,Sunday,AZU,AD 4626,SBSP,SBRJ,SBSP-SBRJ,21:30,11,-1,Pontual (D15),PONTUAL,0,174
ANAC_005036,2024-12-12,12,Thursday,AZU,AD 1056,SBGR,SBBR,SBGR-SBBR,14:00,0,0,Cancelado,MANUT,54873,162
ANAC_005037,2024-08-05,8,Monday,TAM,LA 3765,SBBR,SBCF,SBBR-SBCF,21:15,12,-10,Pontual (D15),PONTUAL,0,138
ANAC_005038,2024-12-16,12,Monday,GLO,G3 4163,SBGR,SBPA,SBGR-SBPA,10:45,49,53,Atraso Moderado (46-120 min),CONEX,9890,210
ANAC_005039,2024-12-04,12,Wednesday,GLO,G3 3905,SBKP,SBCF,SBKP-SBCF,07:15,-4,-10,Pontual (D15),PONTUAL,0,174
ANAC_005040,2024-10-26,10,Saturday,GLO,G3 1723,SBSP,SBPA,SBSP-SBPA,09:00,58,52,Atraso Moderado (46-120 min),ATC,10880,174
ANAC_005041,2024-04-13,4,Saturday,GLO,G3 4377,SBRJ,SBSP,SBRJ-SBSP,15:00,-6,1,Pontual (D15),PONTUAL,0,162
ANAC_005042,2024-10-12,10,Saturday,GLO,G3 2831,SBKP,SBRF,SBKP-SBRF,15:15,7,-9,Pontual (D15),PONTUAL,0,186
ANAC_005043,2024-05-26,5,Sunday,GLO,G3 2955,SBRJ,SBGR,SBRJ-SBGR,20:15,31,32,Atraso Leve (16-45 min),CONEX,2635,138
ANAC_005044,2024-01-16,1,Tuesday,TAM,LA 3754,SBBR,SBCF,SBBR-SBCF,09:45,11,12,Pontual (D15),PONTUAL,0,186
ANAC_005045,2024-10-11,10,Friday,TAM,LA 3775,SBRJ,SBSP,SBRJ-SBSP,08:00,33,30,Atraso Leve (16-45 min),CONEX,2805,174
ANAC_005046,2024-04-20,4,Saturday,TAM,LA 2971,SBGR,SBRF,SBGR-SBRF,14:30,-6,5,Pontual (D15),PONTUAL,0,186
ANAC_005047,2024-08-02,8,Friday,TAM,LA 3459,SBKP,SBCF,SBKP-SBCF,17:00,0,-3,Pontual (D15),PONTUAL,0,138
ANAC_005048,2024-08-15,8,Thursday,AZU,AD 4032,SBGL,SBGR,SBGL-SBGR,06:30,-1,-3,Pontual (D15),PONTUAL,0,210
ANAC_005049,2024-02-13,2,Tuesday,TAM,LA 2759,SBRJ,SBBR,SBRJ-SBBR,14:30,62,65,Atraso Moderado (46-120 min),CLIMA,11320,174
ANAC_005050,2024-10-15,10,Tuesday,TAM,LA 1824,SBGR,SBPA,SBGR-SBPA,22:15,33,28,Atraso Leve (16-45 min),ATC,2805,210
ANAC_005051,2024-11-28,11,Thursday,PTB,2Z 2156,SBGR,SBPA,SBGR-SBPA,16:15,3,-3,Pontual (D15),PONTUAL,0,186
ANAC_005052,2024-06-24,6,Monday,PTB,2Z 3389,SBCF,SBKP,SBCF-SBKP,18:30,127,136,Atraso Severo (> 120 min),CONEX,36860,210
ANAC_005053,2024-06-10,6,Monday,GLO,G3 1477,SBCF,SBKP,SBCF-SBKP,18:00,13,2,Pontual (D15),PONTUAL,0,138
ANAC_005054,2024-05-24,5,Friday,PTB,2Z 3014,SBBR,SBCF,SBBR-SBCF,10:00,12,-9,Pontual (D15),PONTUAL,0,162
ANAC_005055,2024-02-28,2,Wednesday,TAM,LA 4450,SBGR,SBBR,SBGR-SBBR,22:30,10,-4,Pontual (D15),PONTUAL,0,138
ANAC_005056,2024-01-20,1,Saturday,GLO,G3 3173,SBGR,SBSV,SBGR-SBSV,17:30,12,13,Pontual (D15),PONTUAL,0,186
ANAC_005057,2024-01-22,1,Monday,TAM,LA 4737,SBCF,SBRJ,SBCF-SBRJ,15:45,4,-11,Pontual (D15),PONTUAL,0,150
ANAC_005058,2024-02-20,2,Tuesday,PTB,2Z 3274,SBKP,SBRJ,SBKP-SBRJ,21:15,47,45,Atraso Moderado (46-120 min),CONEX,9670,138
ANAC_005059,2024-08-07,8,Wednesday,TAM,LA 1580,SBCF,SBGR,SBCF-SBGR,14:15,0,-7,Pontual (D15),PONTUAL,0,138
ANAC_005060,2024-07-12,7,Friday,PTB,2Z 1964,SBKP,SBRF,SBKP-SBRF,17:15,3,12,Pontual (D15),PONTUAL,0,68
ANAC_005061,2024-07-08,7,Monday,GLO,G3 1377,SBSP,SBBR,SBSP-SBBR,13:15,12,-9,Pontual (D15),PONTUAL,0,138
ANAC_005062,2024-07-24,7,Wednesday,GLO,G3 2765,SBGR,SBSP,SBGR-SBSP,17:45,51,47,Atraso Moderado (46-120 min),CREW,10110,186
ANAC_005063,2024-08-07,8,Wednesday,AZU,AD 3392,SBGL,SBRF,SBGL-SBRF,17:45,-1,-1,Pontual (D15),PONTUAL,0,186
ANAC_005064,2024-10-02,10,Wednesday,GLO,G3 2487,SBPA,SBRF,SBPA-SBRF,08:45,-9,-2,Pontual (D15),PONTUAL,0,210
ANAC_005065,2024-04-15,4,Monday,AZU,AD 2829,SBRJ,SBSP,SBRJ-SBSP,09:30,19,19,Atraso Leve (16-45 min),ATC,1615,210
ANAC_005066,2024-07-28,7,Sunday,GLO,G3 2738,SBCF,SBKP,SBCF-SBKP,08:15,11,-8,Pontual (D15),PONTUAL,0,150
ANAC_005067,2024-02-28,2,Wednesday,AZU,AD 1228,SBBR,SBGR,SBBR-SBGR,17:45,-6,2,Pontual (D15),PONTUAL,0,186
ANAC_005068,2024-11-22,11,Friday,GLO,G3 4488,SBKP,SBCF,SBKP-SBCF,14:00,55,59,Atraso Moderado (46-120 min),CREW,10550,210
ANAC_005069,2024-04-15,4,Monday,GLO,G3 4875,SBSP,SBBR,SBSP-SBBR,06:30,0,-3,Pontual (D15),PONTUAL,0,138
ANAC_005070,2024-01-29,1,Monday,TAM,LA 3305,SBBR,SBCF,SBBR-SBCF,16:15,101,88,Atraso Moderado (46-120 min),CLIMA,15610,162
ANAC_005071,2024-01-18,1,Thursday,TAM,LA 3781,SBGR,SBSV,SBGR-SBSV,22:30,-6,-2,Pontual (D15),PONTUAL,0,150
ANAC_005072,2024-08-29,8,Thursday,TAM,LA 4499,SBPA,SBGR,SBPA-SBGR,22:45,3,13,Pontual (D15),PONTUAL,0,162
ANAC_005073,2024-01-02,1,Tuesday,GLO,G3 2640,SBGR,SBBR,SBGR-SBBR,14:45,27,25,Atraso Leve (16-45 min),ATC,2295,210
ANAC_005074,2024-11-14,11,Thursday,TAM,LA 2686,SBBR,SBGR,SBBR-SBGR,07:45,8,7,Pontual (D15),PONTUAL,0,138
ANAC_005075,2024-09-08,9,Sunday,TAM,LA 2666,SBBR,SBGR,SBBR-SBGR,20:00,43,42,Atraso Leve (16-45 min),CREW,3655,138
ANAC_005076,2024-02-01,2,Thursday,AZU,AD 2943,SBPA,SBBR,SBPA-SBBR,18:15,-7,6,Pontual (D15),PONTUAL,0,162
ANAC_005077,2024-11-15,11,Friday,TAM,LA 3593,SBCF,SBKP,SBCF-SBKP,12:15,126,121,Atraso Severo (> 120 min),CONEX,36680,174
ANAC_005078,2024-09-17,9,Tuesday,TAM,LA 3656,SBBR,SBCF,SBBR-SBCF,15:15,46,41,Atraso Moderado (46-120 min),SOLO,9560,210
ANAC_005079,2024-10-03,10,Thursday,GLO,G3 2795,SBGR,SBBR,SBGR-SBBR,18:45,73,62,Atraso Moderado (46-120 min),CONEX,12530,174
ANAC_005080,2024-01-15,1,Monday,GLO,G3 4082,SBGR,SBPA,SBGR-SBPA,17:45,-1,8,Pontual (D15),PONTUAL,0,162
ANAC_005081,2024-02-04,2,Sunday,AZU,AD 4144,SBGL,SBPA,SBGL-SBPA,06:30,-5,-1,Pontual (D15),PONTUAL,0,162
ANAC_005082,2024-04-20,4,Saturday,AZU,AD 3429,SBRF,SBSP,SBRF-SBSP,14:30,-8,-7,Pontual (D15),PONTUAL,0,150
ANAC_005083,2024-01-05,1,Friday,GLO,G3 3153,SBKP,SBRJ,SBKP-SBRJ,20:15,7,-4,Pontual (D15),PONTUAL,0,138
ANAC_005084,2024-02-04,2,Sunday,TAM,LA 3884,SBGR,SBSV,SBGR-SBSV,06:45,52,52,Atraso Moderado (46-120 min),ATC,10220,162
ANAC_005085,2024-09-21,9,Saturday,GLO,G3 1050,SBBR,SBGR,SBBR-SBGR,19:30,6,10,Pontual (D15),PONTUAL,0,174
ANAC_005086,2024-02-19,2,Monday,GLO,G3 3538,SBBR,SBGR,SBBR-SBGR,19:45,68,71,Atraso Moderado (46-120 min),CLIMA,11980,186
ANAC_005087,2024-08-10,8,Saturday,GLO,G3 2329,SBSP,SBRJ,SBSP-SBRJ,14:30,9,-6,Pontual (D15),PONTUAL,0,138
ANAC_005088,2024-04-16,4,Tuesday,AZU,AD 2593,SBGL,SBKP,SBGL-SBKP,13:45,4,-4,Pontual (D15),PONTUAL,0,150
ANAC_005089,2024-04-25,4,Thursday,AZU,AD 2132,SBCF,SBSP,SBCF-SBSP,15:00,9,11,Pontual (D15),PONTUAL,0,138
ANAC_005090,2024-08-20,8,Tuesday,TAM,LA 4951,SBBR,SBCF,SBBR-SBCF,12:45,-8,1,Pontual (D15),PONTUAL,0,162
ANAC_005091,2024-02-21,2,Wednesday,AZU,AD 2893,SBGR,SBPA,SBGR-SBPA,20:00,9,0,Pontual (D15),PONTUAL,0,138
ANAC_005092,2024-11-17,11,Sunday,AZU,AD 2261,SBRJ,SBSP,SBRJ-SBSP,20:15,64,63,Atraso Moderado (46-120 min),SOLO,11540,138
ANAC_005093,2024-09-14,9,Saturday,AZU,AD 4758,SBCF,SBKP,SBCF-SBKP,16:00,-2,7,Pontual (D15),PONTUAL,0,150
ANAC_005094,2024-05-07,5,Tuesday,TAM,LA 4064,SBBR,SBGR,SBBR-SBGR,15:45,-1,0,Pontual (D15),PONTUAL,0,174
ANAC_005095,2024-03-17,3,Sunday,AZU,AD 2345,SBGR,SBPA,SBGR-SBPA,13:00,50,45,Atraso Moderado (46-120 min),CLIMA,10000,150
ANAC_005096,2024-03-15,3,Friday,GLO,G3 3617,SBSP,SBKP,SBSP-SBKP,14:00,9,0,Pontual (D15),PONTUAL,0,174
ANAC_005097,2024-04-20,4,Saturday,GLO,G3 4396,SBKP,SBRF,SBKP-SBRF,14:00,-5,0,Pontual (D15),PONTUAL,0,138
ANAC_005098,2024-12-02,12,Monday,GLO,G3 2771,SBKP,SBRF,SBKP-SBRF,14:00,36,38,Atraso Leve (16-45 min),CONEX,3060,174
ANAC_005099,2024-04-18,4,Thursday,GLO,G3 2185,SBCT,SBCF,SBCT-SBCF,15:45,-4,-10,Pontual (D15),PONTUAL,0,174
ANAC_005100,2024-12-05,12,Thursday,GLO,G3 1371,SBGR,SBSV,SBGR-SBSV,22:00,4,-6,Pontual (D15),PONTUAL,0,150
ANAC_005101,2024-08-05,8,Monday,GLO,G3 3531,SBSP,SBRF,SBSP-SBRF,09:30,2,7,Pontual (D15),PONTUAL,0,186
ANAC_005102,2024-12-13,12,Friday,AZU,AD 1198,SBCF,SBKP,SBCF-SBKP,19:15,13,8,Pontual (D15),PONTUAL,0,150
ANAC_005103,2024-08-14,8,Wednesday,AZU,AD 3151,SBBR,SBGR,SBBR-SBGR,08:15,-7,5,Pontual (D15),PONTUAL,0,186
ANAC_005104,2024-11-02,11,Saturday,TAM,LA 3282,SBSP,SBRJ,SBSP-SBRJ,06:45,5,-6,Pontual (D15),PONTUAL,0,174
ANAC_005105,2024-03-15,3,Friday,TAM,LA 2403,SBGR,SBSV,SBGR-SBSV,19:15,20,22,Atraso Leve (16-45 min),CONEX,1700,186
ANAC_005106,2024-07-02,7,Tuesday,GLO,G3 4745,SBGR,SBBR,SBGR-SBBR,12:30,4,-10,Pontual (D15),PONTUAL,0,150
ANAC_005107,2024-01-02,1,Tuesday,TAM,LA 2171,SBPA,SBCT,SBPA-SBCT,08:00,4,-7,Pontual (D15),PONTUAL,0,138
ANAC_005108,2024-12-12,12,Thursday,GLO,G3 4287,SBGR,SBPA,SBGR-SBPA,09:15,42,40,Atraso Leve (16-45 min),SOLO,3570,210
ANAC_005109,2024-05-31,5,Friday,GLO,G3 3638,SBGL,SBCT,SBGL-SBCT,10:00,-1,6,Pontual (D15),PONTUAL,0,150
ANAC_005110,2024-12-16,12,Monday,TAM,LA 3490,SBRF,SBSV,SBRF-SBSV,07:45,42,47,Atraso Leve (16-45 min),CONEX,3570,174
ANAC_005111,2024-01-21,1,Sunday,GLO,G3 3315,SBKP,SBCF,SBKP-SBCF,19:30,91,88,Atraso Moderado (46-120 min),MANUT,14510,186
ANAC_005112,2024-11-11,11,Monday,GLO,G3 3906,SBGR,SBPA,SBGR-SBPA,16:15,7,0,Pontual (D15),PONTUAL,0,138
ANAC_005113,2024-04-05,4,Friday,TAM,LA 2561,SBSP,SBSV,SBSP-SBSV,14:15,21,20,Atraso Leve (16-45 min),ATC,1785,174
ANAC_005114,2024-02-18,2,Sunday,GLO,G3 2369,SBKP,SBRF,SBKP-SBRF,21:00,-6,-1,Pontual (D15),PONTUAL,0,150
ANAC_005115,2024-09-25,9,Wednesday,AZU,AD 2037,SBKP,SBCF,SBKP-SBCF,18:45,0,6,Pontual (D15),PONTUAL,0,138
ANAC_005116,2024-12-21,12,Saturday,GLO,G3 3560,SBSV,SBPA,SBSV-SBPA,20:15,8,12,Pontual (D15),PONTUAL,0,150
ANAC_005117,2024-09-01,9,Sunday,TAM,LA 3494,SBBR,SBCF,SBBR-SBCF,06:30,-9,6,Pontual (D15),PONTUAL,0,150
ANAC_005118,2024-05-14,5,Tuesday,TAM,LA 1183,SBPA,SBSV,SBPA-SBSV,10:15,0,4,Pontual (D15),PONTUAL,0,162
ANAC_005119,2024-05-26,5,Sunday,GLO,G3 1227,SBSP,SBRJ,SBSP-SBRJ,19:30,13,-2,Pontual (D15),PONTUAL,0,150
ANAC_005120,2024-03-22,3,Friday,AZU,AD 3442,SBKP,SBRF,SBKP-SBRF,11:30,86,95,Atraso Moderado (46-120 min),CLIMA,13960,150
ANAC_005121,2024-03-06,3,Wednesday,GLO,G3 4480,SBRF,SBPA,SBRF-SBPA,17:45,33,31,Atraso Leve (16-45 min),SOLO,2805,138
ANAC_005122,2024-07-16,7,Tuesday,AZU,AD 2688,SBGR,SBBR,SBGR-SBBR,20:45,1,1,Pontual (D15),PONTUAL,0,162
ANAC_005123,2024-10-08,10,Tuesday,GLO,G3 3123,SBGR,SBBR,SBGR-SBBR,21:45,1,1,Pontual (D15),PONTUAL,0,210
ANAC_005124,2024-09-19,9,Thursday,TAM,LA 4436,SBSV,SBRF,SBSV-SBRF,19:00,25,28,Atraso Leve (16-45 min),CREW,2125,150
ANAC_005125,2024-04-18,4,Thursday,TAM,LA 1755,SBRJ,SBSP,SBRJ-SBSP,17:45,47,42,Atraso Moderado (46-120 min),ATC,9670,138
ANAC_005126,2024-10-14,10,Monday,TAM,LA 3518,SBCF,SBSP,SBCF-SBSP,15:00,0,0,Cancelado,MANUT,63137,174
ANAC_005127,2024-01-15,1,Monday,AZU,AD 3904,SBBR,SBGR,SBBR-SBGR,20:00,9,-8,Pontual (D15),PONTUAL,0,210
ANAC_005128,2024-11-25,11,Monday,AZU,AD 3195,SBGR,SBBR,SBGR-SBBR,12:45,45,39,Atraso Leve (16-45 min),SOLO,3825,162
ANAC_005129,2024-02-29,2,Thursday,GLO,G3 3396,SBSP,SBRJ,SBSP-SBRJ,17:15,0,-6,Pontual (D15),PONTUAL,0,210
ANAC_005130,2024-10-24,10,Thursday,GLO,G3 1480,SBRJ,SBSP,SBRJ-SBSP,19:00,-5,-1,Pontual (D15),PONTUAL,0,150
ANAC_005131,2024-10-08,10,Tuesday,TAM,LA 2258,SBRJ,SBRF,SBRJ-SBRF,06:15,1,2,Pontual (D15),PONTUAL,0,162
ANAC_005132,2024-07-24,7,Wednesday,AZU,AD 1931,SBRF,SBRJ,SBRF-SBRJ,22:30,6,10,Pontual (D15),PONTUAL,0,150
ANAC_005133,2024-12-30,12,Monday,GLO,G3 2890,SBGR,SBBR,SBGR-SBBR,07:30,38,32,Atraso Leve (16-45 min),ATC,3230,174
ANAC_005134,2024-12-30,12,Monday,PTB,2Z 1591,SBKP,SBCF,SBKP-SBCF,07:00,34,30,Atraso Leve (16-45 min),CONEX,2890,138
ANAC_005135,2024-04-10,4,Wednesday,TAM,LA 3419,SBRJ,SBSP,SBRJ-SBSP,13:30,0,0,Cancelado,CLIMA,46906,138
ANAC_005136,2024-09-07,9,Saturday,TAM,LA 3275,SBBR,SBSP,SBBR-SBSP,15:45,13,8,Pontual (D15),PONTUAL,0,186
ANAC_005137,2024-01-12,1,Friday,TAM,LA 4126,SBPA,SBSP,SBPA-SBSP,10:00,3,3,Pontual (D15),PONTUAL,0,210
ANAC_005138,2024-06-04,6,Tuesday,AZU,AD 1467,SBBR,SBPA,SBBR-SBPA,16:45,8,13,Pontual (D15),PONTUAL,0,150
ANAC_005139,2024-11-01,11,Friday,TAM,LA 4986,SBBR,SBRJ,SBBR-SBRJ,14:45,3,8,Pontual (D15),PONTUAL,0,138
ANAC_005140,2024-06-09,6,Sunday,GLO,G3 2106,SBGR,SBSV,SBGR-SBSV,18:45,41,41,Atraso Leve (16-45 min),ATC,3485,162
ANAC_005141,2024-09-20,9,Friday,GLO,G3 1811,SBGR,SBKP,SBGR-SBKP,17:30,102,98,Atraso Moderado (46-120 min),CONEX,15720,150
ANAC_005142,2024-02-13,2,Tuesday,GLO,G3 2687,SBKP,SBRF,SBKP-SBRF,20:45,-9,3,Pontual (D15),PONTUAL,0,186
ANAC_005143,2024-06-07,6,Friday,AZU,AD 4652,SBBR,SBCF,SBBR-SBCF,20:30,97,83,Atraso Moderado (46-120 min),CONEX,15170,150
ANAC_005144,2024-10-08,10,Tuesday,TAM,LA 3595,SBCF,SBKP,SBCF-SBKP,09:00,110,95,Atraso Moderado (46-120 min),MANUT,16600,162
ANAC_005145,2024-12-07,12,Saturday,PTB,2Z 3700,SBKP,SBCF,SBKP-SBCF,17:45,40,44,Atraso Leve (16-45 min),CREW,3400,174
ANAC_005146,2024-08-27,8,Tuesday,AZU,AD 4929,SBKP,SBCF,SBKP-SBCF,13:15,-6,5,Pontual (D15),PONTUAL,0,186
ANAC_005147,2024-12-12,12,Thursday,GLO,G3 1199,SBKP,SBGL,SBKP-SBGL,16:15,20,21,Atraso Leve (16-45 min),CLIMA,1700,138
ANAC_005148,2024-11-13,11,Wednesday,TAM,LA 4884,SBGR,SBPA,SBGR-SBPA,09:45,2,7,Pontual (D15),PONTUAL,0,210
ANAC_005149,2024-01-27,1,Saturday,TAM,LA 4834,SBGR,SBBR,SBGR-SBBR,21:45,0,1,Pontual (D15),PONTUAL,0,174
ANAC_005150,2024-09-15,9,Sunday,TAM,LA 3338,SBGR,SBPA,SBGR-SBPA,06:15,60,60,Atraso Moderado (46-120 min),CREW,11100,162
ANAC_005151,2024-04-06,4,Saturday,TAM,LA 2917,SBRF,SBRJ,SBRF-SBRJ,12:15,0,5,Pontual (D15),PONTUAL,0,138
ANAC_005152,2024-12-21,12,Saturday,GLO,G3 1978,SBSP,SBCT,SBSP-SBCT,14:30,3,-5,Pontual (D15),PONTUAL,0,174
ANAC_005153,2024-11-03,11,Sunday,TAM,LA 4826,SBBR,SBPA,SBBR-SBPA,12:00,2,9,Pontual (D15),PONTUAL,0,138
ANAC_005154,2024-08-21,8,Wednesday,AZU,AD 2671,SBBR,SBGR,SBBR-SBGR,13:30,4,-11,Pontual (D15),PONTUAL,0,138
ANAC_005155,2024-08-26,8,Monday,GLO,G3 3120,SBSP,SBRJ,SBSP-SBRJ,06:30,62,57,Atraso Moderado (46-120 min),CLIMA,11320,150
ANAC_005156,2024-03-10,3,Sunday,TAM,LA 1399,SBKP,SBCF,SBKP-SBCF,17:00,2,-11,Pontual (D15),PONTUAL,0,162
ANAC_005157,2024-09-16,9,Monday,GLO,G3 2970,SBRJ,SBSP,SBRJ-SBSP,14:30,14,-2,Pontual (D15),PONTUAL,0,150
ANAC_005158,2024-09-29,9,Sunday,TAM,LA 2065,SBGR,SBCT,SBGR-SBCT,13:15,0,2,Pontual (D15),PONTUAL,0,138
ANAC_005159,2024-11-05,11,Tuesday,GLO,G3 4182,SBKP,SBRF,SBKP-SBRF,13:00,7,-2,Pontual (D15),PONTUAL,0,210
ANAC_005160,2024-03-12,3,Tuesday,TAM,LA 1367,SBPA,SBGL,SBPA-SBGL,12:00,69,69,Atraso Moderado (46-120 min),CLIMA,12090,138
ANAC_005161,2024-08-08,8,Thursday,TAM,LA 3737,SBRJ,SBSP,SBRJ-SBSP,11:15,-1,-5,Pontual (D15),PONTUAL,0,138
ANAC_005162,2024-07-08,7,Monday,GLO,G3 2703,SBPA,SBCT,SBPA-SBCT,06:00,12,4,Pontual (D15),PONTUAL,0,138
ANAC_005163,2024-05-09,5,Thursday,GLO,G3 2809,SBGR,SBPA,SBGR-SBPA,08:15,0,0,Cancelado,CREW,69611,150
ANAC_005164,2024-05-18,5,Saturday,TAM,LA 1135,SBKP,SBRF,SBKP-SBRF,22:00,-2,12,Pontual (D15),PONTUAL,0,186
ANAC_005165,2024-01-23,1,Tuesday,GLO,G3 3387,SBCF,SBKP,SBCF-SBKP,06:00,1,3,Pontual (D15),PONTUAL,0,150
ANAC_005166,2024-06-09,6,Sunday,TAM,LA 1943,SBGR,SBBR,SBGR-SBBR,06:00,3,2,Pontual (D15),PONTUAL,0,162
ANAC_005167,2024-03-16,3,Saturday,TAM,LA 1632,SBSV,SBGR,SBSV-SBGR,16:15,13,7,Pontual (D15),PONTUAL,0,210
ANAC_005168,2024-06-25,6,Tuesday,GLO,G3 3147,SBBR,SBCF,SBBR-SBCF,17:45,-8,5,Pontual (D15),PONTUAL,0,162
ANAC_005169,2024-10-24,10,Thursday,TAM,LA 4093,SBSP,SBRJ,SBSP-SBRJ,09:15,11,5,Pontual (D15),PONTUAL,0,138
ANAC_005170,2024-05-10,5,Friday,AZU,AD 3055,SBBR,SBGL,SBBR-SBGL,11:45,0,6,Pontual (D15),PONTUAL,0,162
ANAC_005171,2024-10-12,10,Saturday,AZU,AD 3475,SBSP,SBPA,SBSP-SBPA,18:30,-2,8,Pontual (D15),PONTUAL,0,150
ANAC_005172,2024-11-13,11,Wednesday,GLO,G3 1538,SBCF,SBKP,SBCF-SBKP,22:00,64,60,Atraso Moderado (46-120 min),SOLO,11540,210
ANAC_005173,2024-10-22,10,Tuesday,AZU,AD 2107,SBCF,SBGL,SBCF-SBGL,21:45,2,10,Pontual (D15),PONTUAL,0,162
ANAC_005174,2024-10-22,10,Tuesday,GLO,G3 2614,SBSP,SBRJ,SBSP-SBRJ,16:45,-5,6,Pontual (D15),PONTUAL,0,162
ANAC_005175,2024-08-03,8,Saturday,PTB,2Z 3321,SBSP,SBRJ,SBSP-SBRJ,14:15,-3,-7,Pontual (D15),PONTUAL,0,138
ANAC_005176,2024-01-22,1,Monday,AZU,AD 4128,SBRF,SBCT,SBRF-SBCT,11:00,2,-4,Pontual (D15),PONTUAL,0,150
ANAC_005177,2024-12-04,12,Wednesday,AZU,AD 1082,SBRJ,SBSP,SBRJ-SBSP,08:00,3,-8,Pontual (D15),PONTUAL,0,150
ANAC_005178,2024-08-13,8,Tuesday,TAM,LA 1093,SBCF,SBKP,SBCF-SBKP,17:00,2,7,Pontual (D15),PONTUAL,0,174
ANAC_005179,2024-04-09,4,Tuesday,TAM,LA 1141,SBBR,SBCF,SBBR-SBCF,11:30,-9,-2,Pontual (D15),PONTUAL,0,174
ANAC_005180,2024-11-14,11,Thursday,GLO,G3 2413,SBGR,SBSV,SBGR-SBSV,10:00,-8,9,Pontual (D15),PONTUAL,0,210
ANAC_005181,2024-10-04,10,Friday,TAM,LA 3245,SBRF,SBSV,SBRF-SBSV,13:15,3,0,Pontual (D15),PONTUAL,0,210
ANAC_005182,2024-04-17,4,Wednesday,TAM,LA 4244,SBKP,SBCF,SBKP-SBCF,20:15,56,61,Atraso Moderado (46-120 min),CREW,10660,210
ANAC_005183,2024-06-21,6,Friday,GLO,G3 2840,SBGL,SBGR,SBGL-SBGR,20:30,50,49,Atraso Moderado (46-120 min),CONEX,10000,174
ANAC_005184,2024-08-09,8,Friday,TAM,LA 2352,SBGR,SBSV,SBGR-SBSV,07:15,0,0,Cancelado,MANUT,44480,138
ANAC_005185,2024-06-13,6,Thursday,TAM,LA 3757,SBKP,SBCF,SBKP-SBCF,14:15,-4,0,Pontual (D15),PONTUAL,0,174
ANAC_005186,2024-04-21,4,Sunday,TAM,LA 2132,SBBR,SBGR,SBBR-SBGR,21:45,-1,5,Pontual (D15),PONTUAL,0,210
ANAC_005187,2024-01-10,1,Wednesday,TAM,LA 3884,SBCT,SBPA,SBCT-SBPA,06:45,13,0,Pontual (D15),PONTUAL,0,210
ANAC_005188,2024-08-19,8,Monday,TAM,LA 3342,SBKP,SBRF,SBKP-SBRF,07:00,118,103,Atraso Moderado (46-120 min),CONEX,17480,210
ANAC_005189,2024-07-06,7,Saturday,TAM,LA 1922,SBCF,SBKP,SBCF-SBKP,16:45,9,-1,Pontual (D15),PONTUAL,0,210
ANAC_005190,2024-09-23,9,Monday,AZU,AD 4965,SBSP,SBCF,SBSP-SBCF,20:15,-9,-3,Pontual (D15),PONTUAL,0,138
ANAC_005191,2024-10-15,10,Tuesday,GLO,G3 4283,SBGR,SBBR,SBGR-SBBR,15:45,4,11,Pontual (D15),PONTUAL,0,174
ANAC_005192,2024-07-03,7,Wednesday,AZU,AD 2680,SBRF,SBPA,SBRF-SBPA,15:15,-6,-2,Pontual (D15),PONTUAL,0,150
ANAC_005193,2024-08-04,8,Sunday,TAM,LA 2784,SBRJ,SBSP,SBRJ-SBSP,10:15,0,11,Pontual (D15),PONTUAL,0,138
ANAC_005194,2024-06-21,6,Friday,TAM,LA 2718,SBBR,SBCT,SBBR-SBCT,10:45,10,8,Pontual (D15),PONTUAL,0,186
ANAC_005195,2024-01-25,1,Thursday,GLO,G3 1023,SBBR,SBGR,SBBR-SBGR,11:00,4,-6,Pontual (D15),PONTUAL,0,174
ANAC_005196,2024-10-20,10,Sunday,TAM,LA 1130,SBGR,SBSV,SBGR-SBSV,18:30,58,53,Atraso Moderado (46-120 min),CONEX,10880,162
ANAC_005197,2024-05-24,5,Friday,GLO,G3 3436,SBGR,SBBR,SBGR-SBBR,20:15,-9,3,Pontual (D15),PONTUAL,0,186
ANAC_005198,2024-01-03,1,Wednesday,GLO,G3 2888,SBCF,SBKP,SBCF-SBKP,22:30,109,124,Atraso Moderado (46-120 min),MANUT,16490,186
ANAC_005199,2024-10-12,10,Saturday,PTB,2Z 4581,SBPA,SBSP,SBPA-SBSP,22:00,11,-9,Pontual (D15),PONTUAL,0,162
ANAC_005200,2024-03-23,3,Saturday,AZU,AD 4863,SBRJ,SBSP,SBRJ-SBSP,07:00,0,9,Pontual (D15),PONTUAL,0,210
ANAC_005201,2024-12-19,12,Thursday,TAM,LA 3567,SBCT,SBGL,SBCT-SBGL,08:00,0,-3,Pontual (D15),PONTUAL,0,186
ANAC_005202,2024-05-25,5,Saturday,GLO,G3 3797,SBBR,SBCF,SBBR-SBCF,19:15,10,7,Pontual (D15),PONTUAL,0,150
ANAC_005203,2024-12-21,12,Saturday,TAM,LA 1263,SBGR,SBRJ,SBGR-SBRJ,18:15,130,121,Atraso Severo (> 120 min),MANUT,37400,210
ANAC_005204,2024-12-09,12,Monday,TAM,LA 1275,SBPA,SBGL,SBPA-SBGL,15:15,13,-6,Pontual (D15),PONTUAL,0,150
ANAC_005205,2024-08-02,8,Friday,GLO,G3 2124,SBBR,SBGR,SBBR-SBGR,10:45,-5,-7,Pontual (D15),PONTUAL,0,174
ANAC_005206,2024-10-18,10,Friday,AZU,AD 4485,SBBR,SBGR,SBBR-SBGR,06:15,12,-4,Pontual (D15),PONTUAL,0,138
ANAC_005207,2024-08-23,8,Friday,AZU,AD 2597,SBKP,SBRF,SBKP-SBRF,09:45,9,10,Pontual (D15),PONTUAL,0,162
ANAC_005208,2024-06-20,6,Thursday,GLO,G3 4546,SBGR,SBPA,SBGR-SBPA,14:15,7,12,Pontual (D15),PONTUAL,0,174
ANAC_005209,2024-05-14,5,Tuesday,GLO,G3 1198,SBRJ,SBBR,SBRJ-SBBR,07:00,74,63,Atraso Moderado (46-120 min),MANUT,12640,162
ANAC_005210,2024-06-06,6,Thursday,GLO,G3 2940,SBKP,SBCF,SBKP-SBCF,07:45,-3,-3,Pontual (D15),PONTUAL,0,186
ANAC_005211,2024-04-16,4,Tuesday,AZU,AD 2048,SBKP,SBCF,SBKP-SBCF,21:00,51,45,Atraso Moderado (46-120 min),CONEX,10110,210
ANAC_005212,2024-02-21,2,Wednesday,GLO,G3 3042,SBSP,SBRJ,SBSP-SBRJ,20:15,13,8,Pontual (D15),PONTUAL,0,138
ANAC_005213,2024-08-01,8,Thursday,TAM,LA 3222,SBKP,SBCF,SBKP-SBCF,09:45,0,0,Cancelado,MANUT,68136,162
ANAC_005214,2024-12-17,12,Tuesday,GLO,G3 1715,SBKP,SBSP,SBKP-SBSP,06:45,59,67,Atraso Moderado (46-120 min),MANUT,10990,138
ANAC_005215,2024-06-19,6,Wednesday,AZU,AD 1045,SBKP,SBCF,SBKP-SBCF,11:45,5,13,Pontual (D15),PONTUAL,0,174
ANAC_005216,2024-05-05,5,Sunday,AZU,AD 4821,SBKP,SBRF,SBKP-SBRF,15:15,-8,1,Pontual (D15),PONTUAL,0,150
ANAC_005217,2024-11-25,11,Monday,GLO,G3 1030,SBCF,SBKP,SBCF-SBKP,18:30,14,1,Pontual (D15),PONTUAL,0,138
ANAC_005218,2024-02-07,2,Wednesday,GLO,G3 2957,SBKP,SBCF,SBKP-SBCF,07:00,30,31,Atraso Leve (16-45 min),CONEX,2550,150
ANAC_005219,2024-06-25,6,Tuesday,GLO,G3 4770,SBCF,SBKP,SBCF-SBKP,14:45,14,-3,Pontual (D15),PONTUAL,0,150
ANAC_005220,2024-05-24,5,Friday,GLO,G3 3780,SBCF,SBKP,SBCF-SBKP,19:45,-1,2,Pontual (D15),PONTUAL,0,162
ANAC_005221,2024-10-03,10,Thursday,TAM,LA 4581,SBCF,SBRF,SBCF-SBRF,12:30,5,8,Pontual (D15),PONTUAL,0,186
ANAC_005222,2024-01-28,1,Sunday,GLO,G3 4613,SBKP,SBCF,SBKP-SBCF,09:15,0,13,Pontual (D15),PONTUAL,0,150
ANAC_005223,2024-07-04,7,Thursday,AZU,AD 1866,SBKP,SBCF,SBKP-SBCF,10:30,-1,8,Pontual (D15),PONTUAL,0,162
ANAC_005224,2024-03-26,3,Tuesday,GLO,G3 1500,SBBR,SBCF,SBBR-SBCF,18:15,-6,-3,Pontual (D15),PONTUAL,0,162
ANAC_005225,2024-01-16,1,Tuesday,GLO,G3 1206,SBKP,SBRF,SBKP-SBRF,09:15,-3,-11,Pontual (D15),PONTUAL,0,186
ANAC_005226,2024-02-07,2,Wednesday,TAM,LA 2882,SBGR,SBBR,SBGR-SBBR,08:15,96,103,Atraso Moderado (46-120 min),CLIMA,15060,162
ANAC_005227,2024-06-28,6,Friday,GLO,G3 2350,SBSP,SBGR,SBSP-SBGR,08:15,122,113,Atraso Severo (> 120 min),CONEX,35960,150
ANAC_005228,2024-05-31,5,Friday,GLO,G3 4706,SBSV,SBGL,SBSV-SBGL,17:30,14,-3,Pontual (D15),PONTUAL,0,174
ANAC_005229,2024-03-22,3,Friday,AZU,AD 1461,SBBR,SBCF,SBBR-SBCF,11:15,6,4,Pontual (D15),PONTUAL,0,150
ANAC_005230,2024-03-12,3,Tuesday,AZU,AD 2886,SBBR,SBCF,SBBR-SBCF,21:30,8,6,Pontual (D15),PONTUAL,0,162
ANAC_005231,2024-05-25,5,Saturday,GLO,G3 2224,SBRF,SBBR,SBRF-SBBR,21:30,7,-10,Pontual (D15),PONTUAL,0,174
ANAC_005232,2024-06-26,6,Wednesday,TAM,LA 1951,SBBR,SBGR,SBBR-SBGR,07:15,-3,-10,Pontual (D15),PONTUAL,0,150
ANAC_005233,2024-08-27,8,Tuesday,TAM,LA 4771,SBRJ,SBRF,SBRJ-SBRF,09:30,31,29,Atraso Leve (16-45 min),CONEX,2635,150
ANAC_005234,2024-11-26,11,Tuesday,TAM,LA 4341,SBGR,SBPA,SBGR-SBPA,21:00,16,15,Atraso Leve (16-45 min),CONEX,1360,162
ANAC_005235,2024-07-23,7,Tuesday,TAM,LA 2130,SBGR,SBPA,SBGR-SBPA,07:45,8,2,Pontual (D15),PONTUAL,0,210
ANAC_005236,2024-01-09,1,Tuesday,TAM,LA 2875,SBPA,SBRJ,SBPA-SBRJ,06:45,-3,-2,Pontual (D15),PONTUAL,0,138
ANAC_005237,2024-06-17,6,Monday,TAM,LA 1669,SBSP,SBCT,SBSP-SBCT,12:15,4,10,Pontual (D15),PONTUAL,0,174
ANAC_005238,2024-11-21,11,Thursday,GLO,G3 2239,SBRJ,SBCF,SBRJ-SBCF,19:45,13,11,Pontual (D15),PONTUAL,0,210
ANAC_005239,2024-08-25,8,Sunday,TAM,LA 1237,SBKP,SBSP,SBKP-SBSP,09:15,-8,12,Pontual (D15),PONTUAL,0,186
ANAC_005240,2024-05-02,5,Thursday,AZU,AD 4941,SBRJ,SBRF,SBRJ-SBRF,09:00,7,-4,Pontual (D15),PONTUAL,0,174
ANAC_005241,2024-03-27,3,Wednesday,TAM,LA 2491,SBBR,SBGR,SBBR-SBGR,16:45,11,4,Pontual (D15),PONTUAL,0,150
ANAC_005242,2024-03-30,3,Saturday,AZU,AD 1949,SBBR,SBSP,SBBR-SBSP,07:15,-1,8,Pontual (D15),PONTUAL,0,186
ANAC_005243,2024-04-23,4,Tuesday,AZU,AD 4240,SBCT,SBRF,SBCT-SBRF,20:15,32,35,Atraso Leve (16-45 min),CONEX,2720,138
ANAC_005244,2024-02-22,2,Thursday,GLO,G3 3949,SBBR,SBGR,SBBR-SBGR,20:00,129,111,Atraso Severo (> 120 min),CLIMA,37220,138
ANAC_005245,2024-02-19,2,Monday,TAM,LA 1684,SBCF,SBRJ,SBCF-SBRJ,17:45,63,60,Atraso Moderado (46-120 min),CREW,11430,150
ANAC_005246,2024-02-11,2,Sunday,GLO,G3 4790,SBBR,SBCF,SBBR-SBCF,10:15,7,-9,Pontual (D15),PONTUAL,0,210
ANAC_005247,2024-06-29,6,Saturday,AZU,AD 3332,SBCF,SBPA,SBCF-SBPA,18:30,7,-4,Pontual (D15),PONTUAL,0,162
ANAC_005248,2024-02-05,2,Monday,TAM,LA 4781,SBBR,SBGR,SBBR-SBGR,08:30,26,22,Atraso Leve (16-45 min),CONEX,2210,150
ANAC_005249,2024-10-01,10,Tuesday,GLO,G3 2806,SBSP,SBRJ,SBSP-SBRJ,13:15,3,11,Pontual (D15),PONTUAL,0,210
ANAC_005250,2024-12-11,12,Wednesday,GLO,G3 3696,SBRJ,SBSP,SBRJ-SBSP,12:15,9,10,Pontual (D15),PONTUAL,0,150
ANAC_005251,2024-06-06,6,Thursday,AZU,AD 4288,SBGR,SBSV,SBGR-SBSV,19:45,-8,0,Pontual (D15),PONTUAL,0,138
ANAC_005252,2024-09-30,9,Monday,TAM,LA 4110,SBBR,SBGR,SBBR-SBGR,12:30,0,-7,Pontual (D15),PONTUAL,0,174
ANAC_005253,2024-04-17,4,Wednesday,TAM,LA 3065,SBGR,SBSV,SBGR-SBSV,22:15,-9,7,Pontual (D15),PONTUAL,0,150
ANAC_005254,2024-04-30,4,Tuesday,GLO,G3 1078,SBRJ,SBSV,SBRJ-SBSV,12:45,-6,3,Pontual (D15),PONTUAL,0,186
ANAC_005255,2024-04-18,4,Thursday,TAM,LA 4168,SBGR,SBSV,SBGR-SBSV,13:45,12,-6,Pontual (D15),PONTUAL,0,150
ANAC_005256,2024-04-12,4,Friday,TAM,LA 4590,SBRJ,SBSP,SBRJ-SBSP,14:15,12,-9,Pontual (D15),PONTUAL,0,138
ANAC_005257,2024-01-30,1,Tuesday,TAM,LA 1257,SBBR,SBPA,SBBR-SBPA,12:00,6,2,Pontual (D15),PONTUAL,0,210
ANAC_005258,2024-05-21,5,Tuesday,GLO,G3 1593,SBKP,SBRF,SBKP-SBRF,21:45,-4,12,Pontual (D15),PONTUAL,0,150
ANAC_005259,2024-10-11,10,Friday,AZU,AD 1271,SBSP,SBRJ,SBSP-SBRJ,09:45,21,20,Atraso Leve (16-45 min),ATC,1785,150
ANAC_005260,2024-01-07,1,Sunday,GLO,G3 1462,SBBR,SBGR,SBBR-SBGR,09:30,-5,8,Pontual (D15),PONTUAL,0,186
ANAC_005261,2024-04-30,4,Tuesday,TAM,LA 2116,SBGL,SBSP,SBGL-SBSP,06:45,-1,-9,Pontual (D15),PONTUAL,0,210
ANAC_005262,2024-04-05,4,Friday,AZU,AD 1029,SBGR,SBBR,SBGR-SBBR,08:15,11,2,Pontual (D15),PONTUAL,0,150
ANAC_005263,2024-07-21,7,Sunday,GLO,G3 1265,SBGR,SBBR,SBGR-SBBR,11:30,3,-4,Pontual (D15),PONTUAL,0,186
ANAC_005264,2024-12-10,12,Tuesday,GLO,G3 2752,SBGR,SBBR,SBGR-SBBR,11:45,2,6,Pontual (D15),PONTUAL,0,174
ANAC_005265,2024-01-01,1,Monday,AZU,AD 1954,SBRF,SBKP,SBRF-SBKP,09:15,-8,-2,Pontual (D15),PONTUAL,0,210
ANAC_005266,2024-10-28,10,Monday,AZU,AD 2911,SBBR,SBCF,SBBR-SBCF,17:00,13,-9,Pontual (D15),PONTUAL,0,138
ANAC_005267,2024-06-11,6,Tuesday,TAM,LA 1784,SBCF,SBKP,SBCF-SBKP,21:15,0,0,Cancelado,CREW,68061,210
ANAC_005268,2024-05-09,5,Thursday,AZU,AD 1700,SBBR,SBGR,SBBR-SBGR,21:30,-1,3,Pontual (D15),PONTUAL,0,186
ANAC_005269,2024-02-15,2,Thursday,TAM,LA 1819,SBKP,SBRF,SBKP-SBRF,15:45,4,-11,Pontual (D15),PONTUAL,0,186
ANAC_005270,2024-06-05,6,Wednesday,AZU,AD 4477,SBKP,SBCF,SBKP-SBCF,20:30,-6,8,Pontual (D15),PONTUAL,0,186
ANAC_005271,2024-03-20,3,Wednesday,TAM,LA 4690,SBCF,SBRJ,SBCF-SBRJ,06:15,1,5,Pontual (D15),PONTUAL,0,186
ANAC_005272,2024-01-05,1,Friday,TAM,LA 3729,SBBR,SBCT,SBBR-SBCT,15:00,-6,-9,Pontual (D15),PONTUAL,0,210
ANAC_005273,2024-09-06,9,Friday,TAM,LA 3515,SBBR,SBCF,SBBR-SBCF,22:45,-5,-5,Pontual (D15),PONTUAL,0,162
ANAC_005274,2024-11-17,11,Sunday,AZU,AD 4560,SBGR,SBRJ,SBGR-SBRJ,21:45,-4,-3,Pontual (D15),PONTUAL,0,150
ANAC_005275,2024-07-09,7,Tuesday,TAM,LA 3757,SBGL,SBRF,SBGL-SBRF,18:15,55,58,Atraso Moderado (46-120 min),CREW,10550,162
ANAC_005276,2024-02-06,2,Tuesday,AZU,AD 2751,SBSP,SBRJ,SBSP-SBRJ,12:30,0,-6,Pontual (D15),PONTUAL,0,150
ANAC_005277,2024-07-18,7,Thursday,AZU,AD 2046,SBKP,SBRF,SBKP-SBRF,09:00,142,144,Atraso Severo (> 120 min),MANUT,39560,138
ANAC_005278,2024-03-01,3,Friday,AZU,AD 3956,SBSV,SBGR,SBSV-SBGR,13:00,0,0,Cancelado,MANUT,68323,174
ANAC_005279,2024-09-02,9,Monday,GLO,G3 4195,SBBR,SBCF,SBBR-SBCF,22:45,46,43,Atraso Moderado (46-120 min),ATC,9560,186
ANAC_005280,2024-12-30,12,Monday,TAM,LA 1454,SBKP,SBRF,SBKP-SBRF,16:00,-2,13,Pontual (D15),PONTUAL,0,150
ANAC_005281,2024-11-07,11,Thursday,GLO,G3 2991,SBKP,SBRF,SBKP-SBRF,15:45,14,11,Pontual (D15),PONTUAL,0,174
ANAC_005282,2024-08-01,8,Thursday,PTB,2Z 1515,SBSV,SBKP,SBSV-SBKP,17:00,5,6,Pontual (D15),PONTUAL,0,174
ANAC_005283,2024-10-03,10,Thursday,GLO,G3 1337,SBSP,SBRF,SBSP-SBRF,11:30,-5,0,Pontual (D15),PONTUAL,0,210
ANAC_005284,2024-06-21,6,Friday,GLO,G3 2381,SBCF,SBCT,SBCF-SBCT,20:00,105,115,Atraso Moderado (46-120 min),MANUT,16050,150
ANAC_005285,2024-02-10,2,Saturday,GLO,G3 4053,SBCF,SBKP,SBCF-SBKP,14:00,120,120,Atraso Moderado (46-120 min),CONEX,17700,174
ANAC_005286,2024-05-11,5,Saturday,GLO,G3 1197,SBGR,SBRJ,SBGR-SBRJ,18:45,24,27,Atraso Leve (16-45 min),ATC,2040,210
ANAC_005287,2024-12-11,12,Wednesday,GLO,G3 2139,SBGR,SBPA,SBGR-SBPA,20:00,50,51,Atraso Moderado (46-120 min),CONEX,10000,162
ANAC_005288,2024-02-05,2,Monday,TAM,LA 3645,SBGR,SBPA,SBGR-SBPA,21:00,65,68,Atraso Moderado (46-120 min),CLIMA,11650,150
ANAC_005289,2024-02-07,2,Wednesday,TAM,LA 4920,SBGR,SBSV,SBGR-SBSV,08:30,0,-5,Pontual (D15),PONTUAL,0,150
ANAC_005290,2024-01-24,1,Wednesday,AZU,AD 3120,SBRJ,SBRF,SBRJ-SBRF,17:30,40,35,Atraso Leve (16-45 min),CREW,3400,150
ANAC_005291,2024-08-19,8,Monday,TAM,LA 4205,SBKP,SBCF,SBKP-SBCF,08:15,139,141,Atraso Severo (> 120 min),MANUT,39020,174
ANAC_005292,2024-04-21,4,Sunday,GLO,G3 2465,SBBR,SBCF,SBBR-SBCF,09:15,53,58,Atraso Moderado (46-120 min),CONEX,10330,186
ANAC_005293,2024-11-30,11,Saturday,TAM,LA 1170,SBGR,SBSV,SBGR-SBSV,22:30,-6,1,Pontual (D15),PONTUAL,0,174
ANAC_005294,2024-05-08,5,Wednesday,GLO,G3 3479,SBRJ,SBSP,SBRJ-SBSP,18:15,0,-11,Pontual (D15),PONTUAL,0,186
ANAC_005295,2024-06-02,6,Sunday,GLO,G3 1888,SBBR,SBCF,SBBR-SBCF,15:30,11,0,Pontual (D15),PONTUAL,0,186
ANAC_005296,2024-06-16,6,Sunday,GLO,G3 4506,SBRJ,SBSP,SBRJ-SBSP,22:45,63,56,Atraso Moderado (46-120 min),CLIMA,11430,186
ANAC_005297,2024-02-04,2,Sunday,TAM,LA 4073,SBBR,SBCF,SBBR-SBCF,22:15,-6,3,Pontual (D15),PONTUAL,0,138
ANAC_005298,2024-04-27,4,Saturday,GLO,G3 4608,SBBR,SBCF,SBBR-SBCF,21:15,5,-11,Pontual (D15),PONTUAL,0,186
ANAC_005299,2024-11-24,11,Sunday,TAM,LA 1518,SBGR,SBBR,SBGR-SBBR,15:45,-9,0,Pontual (D15),PONTUAL,0,150
ANAC_005300,2024-06-18,6,Tuesday,TAM,LA 4973,SBPA,SBSP,SBPA-SBSP,17:00,-7,8,Pontual (D15),PONTUAL,0,150
ANAC_005301,2024-08-28,8,Wednesday,TAM,LA 4336,SBCF,SBKP,SBCF-SBKP,19:00,3,12,Pontual (D15),PONTUAL,0,138
ANAC_005302,2024-08-05,8,Monday,TAM,LA 1876,SBRF,SBPA,SBRF-SBPA,18:15,-4,7,Pontual (D15),PONTUAL,0,186
ANAC_005303,2024-02-08,2,Thursday,TAM,LA 4160,SBKP,SBPA,SBKP-SBPA,11:00,7,6,Pontual (D15),PONTUAL,0,150
ANAC_005304,2024-11-07,11,Thursday,PTB,2Z 2806,SBKP,SBCF,SBKP-SBCF,16:30,11,0,Pontual (D15),PONTUAL,0,68
ANAC_005305,2024-04-19,4,Friday,GLO,G3 3224,SBCT,SBPA,SBCT-SBPA,19:00,0,0,Cancelado,MANUT,67076,210
ANAC_005306,2024-08-07,8,Wednesday,AZU,AD 1733,SBSP,SBRJ,SBSP-SBRJ,12:00,1,-4,Pontual (D15),PONTUAL,0,210
ANAC_005307,2024-07-06,7,Saturday,GLO,G3 3953,SBBR,SBGR,SBBR-SBGR,07:15,50,48,Atraso Moderado (46-120 min),SOLO,10000,210
ANAC_005308,2024-03-31,3,Sunday,TAM,LA 1043,SBGR,SBPA,SBGR-SBPA,10:00,118,111,Atraso Moderado (46-120 min),MANUT,17480,162
ANAC_005309,2024-08-18,8,Sunday,GLO,G3 1743,SBCF,SBSP,SBCF-SBSP,20:15,63,68,Atraso Moderado (46-120 min),ATC,11430,150
ANAC_005310,2024-04-27,4,Saturday,AZU,AD 2559,SBGR,SBBR,SBGR-SBBR,09:15,57,50,Atraso Moderado (46-120 min),CLIMA,10770,162
ANAC_005311,2024-02-24,2,Saturday,GLO,G3 4609,SBCF,SBRF,SBCF-SBRF,22:30,-3,11,Pontual (D15),PONTUAL,0,210
ANAC_005312,2024-02-19,2,Monday,TAM,LA 3602,SBGR,SBSV,SBGR-SBSV,12:30,-3,-7,Pontual (D15),PONTUAL,0,210
ANAC_005313,2024-06-28,6,Friday,AZU,AD 2323,SBGR,SBSV,SBGR-SBSV,22:45,3,7,Pontual (D15),PONTUAL,0,186
ANAC_005314,2024-12-29,12,Sunday,AZU,AD 4571,SBGR,SBSV,SBGR-SBSV,14:30,7,5,Pontual (D15),PONTUAL,0,150
ANAC_005315,2024-02-18,2,Sunday,TAM,LA 3004,SBGR,SBPA,SBGR-SBPA,20:00,3,5,Pontual (D15),PONTUAL,0,210
ANAC_005316,2024-10-19,10,Saturday,AZU,AD 4562,SBGR,SBSV,SBGR-SBSV,12:00,2,3,Pontual (D15),PONTUAL,0,186
ANAC_005317,2024-11-06,11,Wednesday,AZU,AD 3237,SBGR,SBGL,SBGR-SBGL,19:00,84,75,Atraso Moderado (46-120 min),CLIMA,13740,162
ANAC_005318,2024-03-03,3,Sunday,PTB,2Z 3987,SBGR,SBBR,SBGR-SBBR,12:15,54,55,Atraso Moderado (46-120 min),CLIMA,10440,138
ANAC_005319,2024-07-16,7,Tuesday,GLO,G3 1262,SBRF,SBGR,SBRF-SBGR,14:15,9,8,Pontual (D15),PONTUAL,0,150
ANAC_005320,2024-09-22,9,Sunday,GLO,G3 2225,SBGR,SBBR,SBGR-SBBR,21:30,-5,6,Pontual (D15),PONTUAL,0,174
ANAC_005321,2024-09-04,9,Wednesday,AZU,AD 1910,SBGR,SBPA,SBGR-SBPA,10:15,5,13,Pontual (D15),PONTUAL,0,186
ANAC_005322,2024-09-08,9,Sunday,TAM,LA 2248,SBKP,SBRF,SBKP-SBRF,15:00,-4,9,Pontual (D15),PONTUAL,0,138
ANAC_005323,2024-05-30,5,Thursday,TAM,LA 2110,SBSP,SBRJ,SBSP-SBRJ,17:45,32,29,Atraso Leve (16-45 min),ATC,2720,162
ANAC_005324,2024-03-19,3,Tuesday,TAM,LA 4731,SBKP,SBRF,SBKP-SBRF,22:30,-2,6,Pontual (D15),PONTUAL,0,162
ANAC_005325,2024-11-07,11,Thursday,TAM,LA 4796,SBCF,SBKP,SBCF-SBKP,18:30,-4,3,Pontual (D15),PONTUAL,0,186
ANAC_005326,2024-02-20,2,Tuesday,TAM,LA 2238,SBRJ,SBPA,SBRJ-SBPA,10:15,9,0,Pontual (D15),PONTUAL,0,138
ANAC_005327,2024-03-05,3,Tuesday,GLO,G3 1585,SBCF,SBKP,SBCF-SBKP,07:30,109,94,Atraso Moderado (46-120 min),MANUT,16490,210
ANAC_005328,2024-02-22,2,Thursday,GLO,G3 3063,SBRJ,SBSP,SBRJ-SBSP,06:30,-3,8,Pontual (D15),PONTUAL,0,210
ANAC_005329,2024-04-06,4,Saturday,TAM,LA 1975,SBRJ,SBSP,SBRJ-SBSP,06:30,14,7,Pontual (D15),PONTUAL,0,162
ANAC_005330,2024-12-30,12,Monday,TAM,LA 1169,SBSV,SBBR,SBSV-SBBR,13:00,13,-2,Pontual (D15),PONTUAL,0,174
ANAC_005331,2024-08-13,8,Tuesday,GLO,G3 4233,SBGR,SBPA,SBGR-SBPA,08:00,-4,2,Pontual (D15),PONTUAL,0,150
ANAC_005332,2024-01-07,1,Sunday,GLO,G3 1890,SBBR,SBCF,SBBR-SBCF,15:45,2,12,Pontual (D15),PONTUAL,0,162
ANAC_005333,2024-02-03,2,Saturday,GLO,G3 1619,SBGR,SBPA,SBGR-SBPA,06:45,-8,-6,Pontual (D15),PONTUAL,0,174
ANAC_005334,2024-01-02,1,Tuesday,GLO,G3 4998,SBSP,SBRJ,SBSP-SBRJ,14:30,1,-3,Pontual (D15),PONTUAL,0,138
ANAC_005335,2024-01-29,1,Monday,TAM,LA 1341,SBCT,SBPA,SBCT-SBPA,20:00,-8,4,Pontual (D15),PONTUAL,0,186
ANAC_005336,2024-12-03,12,Tuesday,TAM,LA 2276,SBBR,SBGR,SBBR-SBGR,21:45,0,-8,Pontual (D15),PONTUAL,0,186
ANAC_005337,2024-12-14,12,Saturday,GLO,G3 4340,SBGR,SBSV,SBGR-SBSV,17:00,2,0,Pontual (D15),PONTUAL,0,162
ANAC_005338,2024-06-27,6,Thursday,TAM,LA 3212,SBGR,SBBR,SBGR-SBBR,13:45,159,170,Atraso Severo (> 120 min),CLIMA,42620,174
ANAC_005339,2024-04-04,4,Thursday,TAM,LA 3260,SBBR,SBCF,SBBR-SBCF,20:15,64,66,Atraso Moderado (46-120 min),CREW,11540,138
ANAC_005340,2024-07-26,7,Friday,AZU,AD 3284,SBGR,SBBR,SBGR-SBBR,14:45,-7,11,Pontual (D15),PONTUAL,0,150
ANAC_005341,2024-04-13,4,Saturday,TAM,LA 4851,SBCF,SBKP,SBCF-SBKP,15:30,-2,-2,Pontual (D15),PONTUAL,0,186
ANAC_005342,2024-04-14,4,Sunday,GLO,G3 4051,SBRJ,SBSP,SBRJ-SBSP,12:15,-7,2,Pontual (D15),PONTUAL,0,174
ANAC_005343,2024-02-25,2,Sunday,AZU,AD 2637,SBKP,SBCF,SBKP-SBCF,19:00,-6,11,Pontual (D15),PONTUAL,0,174
ANAC_005344,2024-05-03,5,Friday,TAM,LA 3828,SBCT,SBRJ,SBCT-SBRJ,08:15,50,50,Atraso Moderado (46-120 min),CONEX,10000,174
ANAC_005345,2024-06-12,6,Wednesday,TAM,LA 1747,SBBR,SBGR,SBBR-SBGR,12:15,3,0,Pontual (D15),PONTUAL,0,138
ANAC_005346,2024-11-03,11,Sunday,GLO,G3 1939,SBGR,SBBR,SBGR-SBBR,18:45,0,10,Pontual (D15),PONTUAL,0,210
ANAC_005347,2024-01-05,1,Friday,AZU,AD 4682,SBGR,SBBR,SBGR-SBBR,21:15,36,34,Atraso Leve (16-45 min),SOLO,3060,210
ANAC_005348,2024-06-28,6,Friday,TAM,LA 1841,SBKP,SBCF,SBKP-SBCF,08:45,13,-5,Pontual (D15),PONTUAL,0,138
ANAC_005349,2024-06-02,6,Sunday,TAM,LA 4692,SBSP,SBGR,SBSP-SBGR,21:45,14,-6,Pontual (D15),PONTUAL,0,186
ANAC_005350,2024-02-29,2,Thursday,GLO,G3 3809,SBBR,SBCF,SBBR-SBCF,14:00,0,1,Pontual (D15),PONTUAL,0,174
ANAC_005351,2024-01-15,1,Monday,TAM,LA 3179,SBKP,SBRF,SBKP-SBRF,14:15,6,7,Pontual (D15),PONTUAL,0,138
ANAC_005352,2024-05-03,5,Friday,GLO,G3 3594,SBSV,SBPA,SBSV-SBPA,11:15,10,5,Pontual (D15),PONTUAL,0,150
ANAC_005353,2024-05-31,5,Friday,TAM,LA 1766,SBRJ,SBGL,SBRJ-SBGL,17:45,80,84,Atraso Moderado (46-120 min),CLIMA,13300,162
ANAC_005354,2024-01-26,1,Friday,TAM,LA 2149,SBGR,SBBR,SBGR-SBBR,14:30,0,0,Cancelado,CLIMA,60440,162
ANAC_005355,2024-08-27,8,Tuesday,TAM,LA 3387,SBCF,SBKP,SBCF-SBKP,19:30,30,32,Atraso Leve (16-45 min),CONEX,2550,174
ANAC_005356,2024-12-04,12,Wednesday,AZU,AD 2735,SBCF,SBKP,SBCF-SBKP,22:30,-4,-5,Pontual (D15),PONTUAL,0,186
ANAC_005357,2024-12-25,12,Wednesday,TAM,LA 3105,SBCT,SBPA,SBCT-SBPA,16:00,0,6,Pontual (D15),PONTUAL,0,210
ANAC_005358,2024-06-21,6,Friday,TAM,LA 3441,SBSV,SBPA,SBSV-SBPA,18:00,32,30,Atraso Leve (16-45 min),CONEX,2720,138
ANAC_005359,2024-11-03,11,Sunday,GLO,G3 3622,SBSP,SBPA,SBSP-SBPA,07:15,117,130,Atraso Moderado (46-120 min),CLIMA,17370,162
ANAC_005360,2024-12-29,12,Sunday,AZU,AD 1614,SBRJ,SBSP,SBRJ-SBSP,17:30,4,-7,Pontual (D15),PONTUAL,0,174
ANAC_005361,2024-09-09,9,Monday,GLO,G3 2699,SBBR,SBCF,SBBR-SBCF,13:45,12,6,Pontual (D15),PONTUAL,0,210
ANAC_005362,2024-09-22,9,Sunday,GLO,G3 4069,SBBR,SBGR,SBBR-SBGR,17:15,47,45,Atraso Moderado (46-120 min),CONEX,9670,150
ANAC_005363,2024-12-21,12,Saturday,TAM,LA 3485,SBCF,SBKP,SBCF-SBKP,10:00,70,76,Atraso Moderado (46-120 min),CLIMA,12200,150
ANAC_005364,2024-04-04,4,Thursday,TAM,LA 3631,SBKP,SBRJ,SBKP-SBRJ,11:00,-1,1,Pontual (D15),PONTUAL,0,138
ANAC_005365,2024-05-17,5,Friday,TAM,LA 4759,SBGR,SBSV,SBGR-SBSV,16:45,38,41,Atraso Leve (16-45 min),SOLO,3230,186
ANAC_005366,2024-12-30,12,Monday,AZU,AD 3141,SBGR,SBSV,SBGR-SBSV,13:15,36,32,Atraso Leve (16-45 min),CREW,3060,162
ANAC_005367,2024-10-01,10,Tuesday,TAM,LA 3134,SBGR,SBPA,SBGR-SBPA,13:00,0,4,Pontual (D15),PONTUAL,0,186
ANAC_005368,2024-04-17,4,Wednesday,GLO,G3 1385,SBKP,SBRF,SBKP-SBRF,08:00,-1,6,Pontual (D15),PONTUAL,0,150
ANAC_005369,2024-08-31,8,Saturday,AZU,AD 2486,SBSP,SBRJ,SBSP-SBRJ,10:00,11,-7,Pontual (D15),PONTUAL,0,162
ANAC_005370,2024-02-18,2,Sunday,PTB,2Z 2971,SBKP,SBRJ,SBKP-SBRJ,09:15,11,-5,Pontual (D15),PONTUAL,0,138
ANAC_005371,2024-10-12,10,Saturday,TAM,LA 3614,SBRJ,SBSP,SBRJ-SBSP,13:30,-1,2,Pontual (D15),PONTUAL,0,150
ANAC_005372,2024-01-26,1,Friday,GLO,G3 3023,SBKP,SBRF,SBKP-SBRF,17:15,83,78,Atraso Moderado (46-120 min),CLIMA,13630,186
ANAC_005373,2024-08-26,8,Monday,AZU,AD 1304,SBBR,SBGR,SBBR-SBGR,20:15,8,12,Pontual (D15),PONTUAL,0,150
ANAC_005374,2024-01-08,1,Monday,AZU,AD 4153,SBCT,SBPA,SBCT-SBPA,07:30,9,5,Pontual (D15),PONTUAL,0,162
ANAC_005375,2024-01-13,1,Saturday,AZU,AD 3078,SBKP,SBCF,SBKP-SBCF,16:30,-7,-3,Pontual (D15),PONTUAL,0,150
ANAC_005376,2024-07-27,7,Saturday,TAM,LA 1486,SBGR,SBCF,SBGR-SBCF,21:30,4,-11,Pontual (D15),PONTUAL,0,162
ANAC_005377,2024-01-03,1,Wednesday,AZU,AD 4770,SBKP,SBSP,SBKP-SBSP,20:30,44,41,Atraso Leve (16-45 min),ATC,3740,186
ANAC_005378,2024-02-14,2,Wednesday,GLO,G3 4802,SBCT,SBBR,SBCT-SBBR,17:15,6,-7,Pontual (D15),PONTUAL,0,174
ANAC_005379,2024-12-21,12,Saturday,GLO,G3 3338,SBGR,SBPA,SBGR-SBPA,18:00,0,-1,Pontual (D15),PONTUAL,0,138
ANAC_005380,2024-05-22,5,Wednesday,GLO,G3 3846,SBBR,SBGR,SBBR-SBGR,16:15,22,22,Atraso Leve (16-45 min),CREW,1870,210
ANAC_005381,2024-01-02,1,Tuesday,TAM,LA 3311,SBBR,SBGR,SBBR-SBGR,09:45,0,3,Pontual (D15),PONTUAL,0,162
ANAC_005382,2024-05-24,5,Friday,GLO,G3 4960,SBKP,SBCF,SBKP-SBCF,08:00,-1,-9,Pontual (D15),PONTUAL,0,174
ANAC_005383,2024-03-09,3,Saturday,TAM,LA 2784,SBKP,SBCF,SBKP-SBCF,06:15,8,12,Pontual (D15),PONTUAL,0,138
ANAC_005384,2024-04-27,4,Saturday,TAM,LA 1378,SBKP,SBCF,SBKP-SBCF,09:15,0,4,Pontual (D15),PONTUAL,0,150
ANAC_005385,2024-08-24,8,Saturday,TAM,LA 3093,SBGR,SBRJ,SBGR-SBRJ,08:45,46,47,Atraso Moderado (46-120 min),CONEX,9560,138
ANAC_005386,2024-07-27,7,Saturday,GLO,G3 3384,SBKP,SBRF,SBKP-SBRF,07:30,1,-6,Pontual (D15),PONTUAL,0,138
ANAC_005387,2024-10-19,10,Saturday,TAM,LA 3385,SBRJ,SBCF,SBRJ-SBCF,12:45,1,0,Pontual (D15),PONTUAL,0,150
ANAC_005388,2024-07-28,7,Sunday,GLO,G3 3955,SBSP,SBRJ,SBSP-SBRJ,11:30,86,93,Atraso Moderado (46-120 min),CLIMA,13960,210
ANAC_005389,2024-05-04,5,Saturday,GLO,G3 1098,SBGR,SBBR,SBGR-SBBR,15:00,-1,-6,Pontual (D15),PONTUAL,0,174
ANAC_005390,2024-08-18,8,Sunday,TAM,LA 3262,SBPA,SBRF,SBPA-SBRF,19:45,-9,-2,Pontual (D15),PONTUAL,0,186
ANAC_005391,2024-02-19,2,Monday,GLO,G3 4623,SBSP,SBRJ,SBSP-SBRJ,16:30,5,12,Pontual (D15),PONTUAL,0,162
ANAC_005392,2024-10-30,10,Wednesday,TAM,LA 3908,SBBR,SBCF,SBBR-SBCF,07:00,56,55,Atraso Moderado (46-120 min),SOLO,10660,174
ANAC_005393,2024-12-25,12,Wednesday,GLO,G3 2925,SBGL,SBGR,SBGL-SBGR,20:30,27,25,Atraso Leve (16-45 min),CONEX,2295,186
ANAC_005394,2024-08-02,8,Friday,TAM,LA 3519,SBGR,SBSV,SBGR-SBSV,17:00,72,78,Atraso Moderado (46-120 min),MANUT,12420,138
ANAC_005395,2024-08-19,8,Monday,AZU,AD 2237,SBGR,SBCT,SBGR-SBCT,19:00,30,26,Atraso Leve (16-45 min),CONEX,2550,162
ANAC_005396,2024-12-12,12,Thursday,GLO,G3 2483,SBKP,SBRF,SBKP-SBRF,13:00,0,0,Cancelado,CREW,48448,162
ANAC_005397,2024-01-05,1,Friday,GLO,G3 2290,SBBR,SBGR,SBBR-SBGR,13:15,16,15,Atraso Leve (16-45 min),CONEX,1360,150
ANAC_005398,2024-04-14,4,Sunday,GLO,G3 4657,SBSP,SBRJ,SBSP-SBRJ,07:15,52,47,Atraso Moderado (46-120 min),CREW,10220,186
ANAC_005399,2024-03-13,3,Wednesday,GLO,G3 2304,SBKP,SBCF,SBKP-SBCF,17:15,-4,3,Pontual (D15),PONTUAL,0,138
ANAC_005400,2024-11-20,11,Wednesday,GLO,G3 1786,SBKP,SBCF,SBKP-SBCF,16:30,11,12,Pontual (D15),PONTUAL,0,210
ANAC_005401,2024-11-11,11,Monday,GLO,G3 3142,SBBR,SBRF,SBBR-SBRF,19:45,3,12,Pontual (D15),PONTUAL,0,186
ANAC_005402,2024-07-11,7,Thursday,GLO,G3 3085,SBBR,SBCF,SBBR-SBCF,06:15,2,-5,Pontual (D15),PONTUAL,0,186
ANAC_005403,2024-11-03,11,Sunday,AZU,AD 2020,SBGR,SBPA,SBGR-SBPA,17:45,-6,10,Pontual (D15),PONTUAL,0,150
ANAC_005404,2024-03-02,3,Saturday,TAM,LA 3282,SBCT,SBKP,SBCT-SBKP,19:30,44,45,Atraso Leve (16-45 min),ATC,3740,174
ANAC_005405,2024-12-04,12,Wednesday,TAM,LA 4562,SBRF,SBCT,SBRF-SBCT,15:45,-3,8,Pontual (D15),PONTUAL,0,150
ANAC_005406,2024-09-20,9,Friday,GLO,G3 1668,SBPA,SBSV,SBPA-SBSV,18:15,50,48,Atraso Moderado (46-120 min),SOLO,10000,150
ANAC_005407,2024-07-10,7,Wednesday,GLO,G3 1784,SBGR,SBSV,SBGR-SBSV,14:45,2,-11,Pontual (D15),PONTUAL,0,186
ANAC_005408,2024-10-03,10,Thursday,AZU,AD 2927,SBKP,SBCF,SBKP-SBCF,16:15,8,0,Pontual (D15),PONTUAL,0,174
ANAC_005409,2024-05-30,5,Thursday,GLO,G3 1703,SBSV,SBRF,SBSV-SBRF,17:45,-2,-10,Pontual (D15),PONTUAL,0,186
ANAC_005410,2024-02-10,2,Saturday,TAM,LA 2525,SBSP,SBRJ,SBSP-SBRJ,15:15,3,8,Pontual (D15),PONTUAL,0,138
ANAC_005411,2024-03-24,3,Sunday,AZU,AD 1393,SBPA,SBGR,SBPA-SBGR,20:30,1,13,Pontual (D15),PONTUAL,0,150
ANAC_005412,2024-12-30,12,Monday,GLO,G3 1695,SBGR,SBSV,SBGR-SBSV,13:15,46,49,Atraso Moderado (46-120 min),ATC,9560,174
ANAC_005413,2024-02-22,2,Thursday,TAM,LA 1618,SBGL,SBRF,SBGL-SBRF,18:00,61,66,Atraso Moderado (46-120 min),MANUT,11210,138
ANAC_005414,2024-08-10,8,Saturday,AZU,AD 4538,SBGR,SBBR,SBGR-SBBR,17:00,5,4,Pontual (D15),PONTUAL,0,150
ANAC_005415,2024-01-21,1,Sunday,TAM,LA 3660,SBRJ,SBCT,SBRJ-SBCT,08:30,55,57,Atraso Moderado (46-120 min),ATC,10550,138
ANAC_005416,2024-06-04,6,Tuesday,AZU,AD 2691,SBBR,SBGR,SBBR-SBGR,07:00,-6,3,Pontual (D15),PONTUAL,0,210
ANAC_005417,2024-12-26,12,Thursday,TAM,LA 1120,SBBR,SBSV,SBBR-SBSV,16:45,12,1,Pontual (D15),PONTUAL,0,150
ANAC_005418,2024-07-16,7,Tuesday,TAM,LA 3996,SBBR,SBGR,SBBR-SBGR,14:15,53,48,Atraso Moderado (46-120 min),ATC,10330,210
ANAC_005419,2024-08-25,8,Sunday,TAM,LA 3735,SBCF,SBKP,SBCF-SBKP,12:15,10,-7,Pontual (D15),PONTUAL,0,162
ANAC_005420,2024-07-30,7,Tuesday,AZU,AD 4752,SBGR,SBPA,SBGR-SBPA,18:15,-5,-5,Pontual (D15),PONTUAL,0,186
ANAC_005421,2024-05-08,5,Wednesday,GLO,G3 3156,SBCF,SBRJ,SBCF-SBRJ,07:30,6,10,Pontual (D15),PONTUAL,0,186
ANAC_005422,2024-02-11,2,Sunday,GLO,G3 3500,SBRJ,SBGL,SBRJ-SBGL,18:45,11,2,Pontual (D15),PONTUAL,0,150
ANAC_005423,2024-08-21,8,Wednesday,AZU,AD 3846,SBBR,SBGR,SBBR-SBGR,22:45,4,9,Pontual (D15),PONTUAL,0,162
ANAC_005424,2024-06-02,6,Sunday,TAM,LA 4267,SBRJ,SBPA,SBRJ-SBPA,16:45,-7,4,Pontual (D15),PONTUAL,0,186
ANAC_005425,2024-05-17,5,Friday,PTB,2Z 2761,SBSP,SBCF,SBSP-SBCF,22:15,0,0,Cancelado,CREW,61541,162
ANAC_005426,2024-01-08,1,Monday,GLO,G3 2120,SBCF,SBKP,SBCF-SBKP,18:45,74,78,Atraso Moderado (46-120 min),CONEX,12640,138
ANAC_005427,2024-09-05,9,Thursday,AZU,AD 1102,SBBR,SBCF,SBBR-SBCF,15:00,-2,-7,Pontual (D15),PONTUAL,0,174
ANAC_005428,2024-09-17,9,Tuesday,AZU,AD 2960,SBKP,SBRF,SBKP-SBRF,10:45,5,3,Pontual (D15),PONTUAL,0,162
ANAC_005429,2024-04-21,4,Sunday,GLO,G3 1405,SBGR,SBPA,SBGR-SBPA,19:15,45,48,Atraso Leve (16-45 min),CONEX,3825,186
ANAC_005430,2024-08-02,8,Friday,GLO,G3 3433,SBGL,SBBR,SBGL-SBBR,19:45,55,50,Atraso Moderado (46-120 min),CLIMA,10550,210
ANAC_005431,2024-01-19,1,Friday,GLO,G3 1783,SBRJ,SBSP,SBRJ-SBSP,15:15,44,38,Atraso Leve (16-45 min),CONEX,3740,138
ANAC_005432,2024-05-16,5,Thursday,TAM,LA 2514,SBRJ,SBSP,SBRJ-SBSP,14:15,6,-9,Pontual (D15),PONTUAL,0,174
ANAC_005433,2024-02-17,2,Saturday,GLO,G3 2437,SBRJ,SBSP,SBRJ-SBSP,19:00,30,29,Atraso Leve (16-45 min),ATC,2550,150
ANAC_005434,2024-07-27,7,Saturday,AZU,AD 2853,SBBR,SBGR,SBBR-SBGR,18:00,-1,-9,Pontual (D15),PONTUAL,0,210
ANAC_005435,2024-06-18,6,Tuesday,TAM,LA 1133,SBGR,SBPA,SBGR-SBPA,12:00,-5,-1,Pontual (D15),PONTUAL,0,210
ANAC_005436,2024-08-11,8,Sunday,GLO,G3 4926,SBGR,SBPA,SBGR-SBPA,10:15,0,0,Cancelado,CLIMA,49090,210
ANAC_005437,2024-12-23,12,Monday,GLO,G3 1321,SBKP,SBGL,SBKP-SBGL,21:00,64,70,Atraso Moderado (46-120 min),ATC,11540,174
ANAC_005438,2024-07-14,7,Sunday,GLO,G3 2422,SBGL,SBRF,SBGL-SBRF,06:00,-3,8,Pontual (D15),PONTUAL,0,210
ANAC_005439,2024-12-28,12,Saturday,TAM,LA 2824,SBGR,SBPA,SBGR-SBPA,08:15,19,17,Atraso Leve (16-45 min),CREW,1615,174
ANAC_005440,2024-03-19,3,Tuesday,GLO,G3 4242,SBSP,SBCT,SBSP-SBCT,22:00,49,43,Atraso Moderado (46-120 min),ATC,9890,150
ANAC_005441,2024-03-26,3,Tuesday,PTB,2Z 3385,SBBR,SBCF,SBBR-SBCF,18:45,105,117,Atraso Moderado (46-120 min),CONEX,16050,174
ANAC_005442,2024-02-13,2,Tuesday,AZU,AD 2071,SBGR,SBBR,SBGR-SBBR,09:00,157,163,Atraso Severo (> 120 min),MANUT,42260,186
ANAC_005443,2024-07-13,7,Saturday,GLO,G3 2149,SBRJ,SBSP,SBRJ-SBSP,17:00,-8,-5,Pontual (D15),PONTUAL,0,162
ANAC_005444,2024-06-11,6,Tuesday,GLO,G3 2926,SBGR,SBBR,SBGR-SBBR,22:30,-9,-3,Pontual (D15),PONTUAL,0,150
ANAC_005445,2024-10-04,10,Friday,GLO,G3 4636,SBBR,SBCF,SBBR-SBCF,14:45,-3,10,Pontual (D15),PONTUAL,0,162
ANAC_005446,2024-06-07,6,Friday,TAM,LA 2476,SBSV,SBPA,SBSV-SBPA,09:45,6,3,Pontual (D15),PONTUAL,0,210
ANAC_005447,2024-01-06,1,Saturday,TAM,LA 2401,SBSP,SBRJ,SBSP-SBRJ,21:30,84,83,Atraso Moderado (46-120 min),MANUT,13740,174
ANAC_005448,2024-05-22,5,Wednesday,GLO,G3 4158,SBCF,SBKP,SBCF-SBKP,13:45,0,0,Cancelado,MANUT,56774,186
ANAC_005449,2024-07-10,7,Wednesday,TAM,LA 4062,SBGR,SBPA,SBGR-SBPA,16:00,0,11,Pontual (D15),PONTUAL,0,162
ANAC_005450,2024-09-24,9,Tuesday,PTB,2Z 2778,SBCF,SBGR,SBCF-SBGR,10:15,-8,9,Pontual (D15),PONTUAL,0,210
ANAC_005451,2024-07-30,7,Tuesday,GLO,G3 4066,SBKP,SBCF,SBKP-SBCF,19:00,115,114,Atraso Moderado (46-120 min),CLIMA,17150,162
ANAC_005452,2024-08-19,8,Monday,AZU,AD 1696,SBBR,SBCF,SBBR-SBCF,06:00,14,8,Pontual (D15),PONTUAL,0,150
ANAC_005453,2024-05-22,5,Wednesday,TAM,LA 1241,SBCF,SBKP,SBCF-SBKP,14:00,-9,-7,Pontual (D15),PONTUAL,0,162
ANAC_005454,2024-09-11,9,Wednesday,GLO,G3 4762,SBBR,SBPA,SBBR-SBPA,10:30,9,4,Pontual (D15),PONTUAL,0,162
ANAC_005455,2024-03-26,3,Tuesday,AZU,AD 3193,SBSV,SBBR,SBSV-SBBR,07:15,72,70,Atraso Moderado (46-120 min),CONEX,12420,186
ANAC_005456,2024-04-06,4,Saturday,TAM,LA 1891,SBRJ,SBGL,SBRJ-SBGL,06:15,7,0,Pontual (D15),PONTUAL,0,174
ANAC_005457,2024-12-24,12,Tuesday,TAM,LA 3450,SBKP,SBCF,SBKP-SBCF,12:45,14,2,Pontual (D15),PONTUAL,0,162
ANAC_005458,2024-06-20,6,Thursday,AZU,AD 4554,SBGR,SBBR,SBGR-SBBR,17:15,44,46,Atraso Leve (16-45 min),SOLO,3740,150
ANAC_005459,2024-07-19,7,Friday,GLO,G3 1165,SBGR,SBPA,SBGR-SBPA,10:45,175,175,Atraso Severo (> 120 min),CLIMA,45500,138
ANAC_005460,2024-12-13,12,Friday,TAM,LA 3981,SBGR,SBSV,SBGR-SBSV,11:15,63,70,Atraso Moderado (46-120 min),CONEX,11430,138
ANAC_005461,2024-03-17,3,Sunday,GLO,G3 4483,SBGR,SBBR,SBGR-SBBR,20:45,-3,6,Pontual (D15),PONTUAL,0,138
ANAC_005462,2024-01-11,1,Thursday,GLO,G3 4420,SBCF,SBCT,SBCF-SBCT,09:45,0,-3,Pontual (D15),PONTUAL,0,186
ANAC_005463,2024-06-18,6,Tuesday,TAM,LA 2062,SBGR,SBPA,SBGR-SBPA,06:30,0,-7,Pontual (D15),PONTUAL,0,138
ANAC_005464,2024-01-27,1,Saturday,TAM,LA 3485,SBCF,SBGL,SBCF-SBGL,08:15,64,71,Atraso Moderado (46-120 min),CONEX,11540,186
ANAC_005465,2024-07-26,7,Friday,PTB,2Z 1208,SBRJ,SBGL,SBRJ-SBGL,18:45,40,44,Atraso Leve (16-45 min),ATC,3400,174
ANAC_005466,2024-01-10,1,Wednesday,TAM,LA 2413,SBSP,SBSV,SBSP-SBSV,21:15,81,83,Atraso Moderado (46-120 min),CLIMA,13410,162
ANAC_005467,2024-09-09,9,Monday,TAM,LA 3635,SBCT,SBRJ,SBCT-SBRJ,19:30,0,-5,Pontual (D15),PONTUAL,0,210
ANAC_005468,2024-06-07,6,Friday,AZU,AD 2451,SBCF,SBKP,SBCF-SBKP,21:15,9,8,Pontual (D15),PONTUAL,0,150
ANAC_005469,2024-12-03,12,Tuesday,GLO,G3 3762,SBRJ,SBSP,SBRJ-SBSP,18:30,0,0,Cancelado,CLIMA,57707,210
ANAC_005470,2024-08-04,8,Sunday,TAM,LA 2025,SBGR,SBBR,SBGR-SBBR,10:15,104,114,Atraso Moderado (46-120 min),MANUT,15940,150
ANAC_005471,2024-03-29,3,Friday,TAM,LA 1867,SBGR,SBSV,SBGR-SBSV,07:00,-8,-6,Pontual (D15),PONTUAL,0,162
ANAC_005472,2024-10-27,10,Sunday,AZU,AD 1459,SBCF,SBKP,SBCF-SBKP,07:15,47,51,Atraso Moderado (46-120 min),CREW,9670,186
ANAC_005473,2024-03-13,3,Wednesday,PTB,2Z 1583,SBRF,SBPA,SBRF-SBPA,13:00,-4,5,Pontual (D15),PONTUAL,0,174
ANAC_005474,2024-01-03,1,Wednesday,TAM,LA 3639,SBCT,SBRF,SBCT-SBRF,19:30,6,-1,Pontual (D15),PONTUAL,0,186
ANAC_005475,2024-01-21,1,Sunday,AZU,AD 2642,SBRF,SBSP,SBRF-SBSP,16:15,65,58,Atraso Moderado (46-120 min),CLIMA,11650,210
ANAC_005476,2024-06-29,6,Saturday,AZU,AD 4090,SBKP,SBRF,SBKP-SBRF,07:00,1,6,Pontual (D15),PONTUAL,0,174
ANAC_005477,2024-05-26,5,Sunday,GLO,G3 4183,SBGR,SBBR,SBGR-SBBR,13:45,33,33,Atraso Leve (16-45 min),CONEX,2805,210
ANAC_005478,2024-04-05,4,Friday,TAM,LA 2824,SBRJ,SBGL,SBRJ-SBGL,13:30,7,-1,Pontual (D15),PONTUAL,0,162
ANAC_005479,2024-06-01,6,Saturday,TAM,LA 3441,SBCT,SBPA,SBCT-SBPA,10:30,88,81,Atraso Moderado (46-120 min),CLIMA,14180,174
ANAC_005480,2024-05-29,5,Wednesday,AZU,AD 2781,SBBR,SBGR,SBBR-SBGR,22:30,7,-1,Pontual (D15),PONTUAL,0,150
ANAC_005481,2024-04-25,4,Thursday,AZU,AD 2330,SBPA,SBBR,SBPA-SBBR,13:15,10,-3,Pontual (D15),PONTUAL,0,162
ANAC_005482,2024-03-18,3,Monday,TAM,LA 2319,SBKP,SBRF,SBKP-SBRF,14:15,141,143,Atraso Severo (> 120 min),CONEX,39380,174
ANAC_005483,2024-09-14,9,Saturday,GLO,G3 1471,SBGR,SBPA,SBGR-SBPA,13:30,10,8,Pontual (D15),PONTUAL,0,138
ANAC_005484,2024-06-30,6,Sunday,AZU,AD 1325,SBBR,SBGR,SBBR-SBGR,21:15,7,4,Pontual (D15),PONTUAL,0,186
ANAC_005485,2024-08-26,8,Monday,GLO,G3 2923,SBCF,SBKP,SBCF-SBKP,06:45,-2,0,Pontual (D15),PONTUAL,0,186
ANAC_005486,2024-11-14,11,Thursday,GLO,G3 2324,SBGR,SBPA,SBGR-SBPA,11:00,4,7,Pontual (D15),PONTUAL,0,162
ANAC_005487,2024-01-29,1,Monday,GLO,G3 1702,SBSP,SBRJ,SBSP-SBRJ,22:15,13,9,Pontual (D15),PONTUAL,0,138
ANAC_005488,2024-03-22,3,Friday,GLO,G3 1329,SBRJ,SBSP,SBRJ-SBSP,13:30,10,9,Pontual (D15),PONTUAL,0,138
ANAC_005489,2024-01-15,1,Monday,GLO,G3 4419,SBBR,SBGR,SBBR-SBGR,19:30,-1,-3,Pontual (D15),PONTUAL,0,138
ANAC_005490,2024-09-10,9,Tuesday,TAM,LA 2475,SBBR,SBGR,SBBR-SBGR,16:00,14,-9,Pontual (D15),PONTUAL,0,162
ANAC_005491,2024-08-07,8,Wednesday,AZU,AD 3340,SBGR,SBCF,SBGR-SBCF,14:30,-8,-7,Pontual (D15),PONTUAL,0,162
ANAC_005492,2024-12-22,12,Sunday,AZU,AD 1822,SBRJ,SBSP,SBRJ-SBSP,06:30,76,86,Atraso Moderado (46-120 min),CLIMA,12860,174
ANAC_005493,2024-02-16,2,Friday,TAM,LA 3822,SBKP,SBPA,SBKP-SBPA,19:45,75,70,Atraso Moderado (46-120 min),MANUT,12750,186
ANAC_005494,2024-11-19,11,Tuesday,GLO,G3 2571,SBSP,SBCF,SBSP-SBCF,08:45,8,4,Pontual (D15),PONTUAL,0,174
ANAC_005495,2024-12-19,12,Thursday,AZU,AD 1449,SBGR,SBBR,SBGR-SBBR,07:00,63,60,Atraso Moderado (46-120 min),CONEX,11430,186
ANAC_005496,2024-03-02,3,Saturday,GLO,G3 3101,SBSP,SBRJ,SBSP-SBRJ,12:45,-3,5,Pontual (D15),PONTUAL,0,186
ANAC_005497,2024-08-02,8,Friday,GLO,G3 4336,SBCT,SBPA,SBCT-SBPA,13:00,123,140,Atraso Severo (> 120 min),MANUT,36140,186
ANAC_005498,2024-05-20,5,Monday,GLO,G3 3733,SBCF,SBSV,SBCF-SBSV,15:45,85,76,Atraso Moderado (46-120 min),MANUT,13850,138
ANAC_005499,2024-11-30,11,Saturday,GLO,G3 1918,SBKP,SBRF,SBKP-SBRF,14:00,41,36,Atraso Leve (16-45 min),SOLO,3485,150
ANAC_005500,2024-04-27,4,Saturday,GLO,G3 4253,SBGR,SBBR,SBGR-SBBR,10:30,-8,-1,Pontual (D15),PONTUAL,0,150
